[ {
  "uid" : "529524eeffc98a1",
  "name" : "场景测试-获取(内容频道版本)作品分类列表",
  "time" : {
    "start" : 1600252498726,
    "stop" : 1600252498783,
    "duration" : 57
  },
  "status" : "passed",
  "severity" : "normal"
}, {
  "uid" : "4a913aa656bc9a2e",
  "name" : "场景测试-获取分享配置",
  "time" : {
    "start" : 1600252498557,
    "stop" : 1600252498595,
    "duration" : 38
  },
  "status" : "passed",
  "severity" : "normal"
}, {
  "uid" : "5b7cedb1f9f6a2ee",
  "name" : "场景测试-获取个人主页我的漫画连载数",
  "time" : {
    "start" : 1600252500751,
    "stop" : 1600252500814,
    "duration" : 63
  },
  "status" : "passed",
  "severity" : "normal"
}, {
  "uid" : "a4829e08fc181522",
  "name" : "场景测试-删除个人漫画单篇",
  "time" : {
    "start" : 1600252500303,
    "stop" : 1600252500597,
    "duration" : 294
  },
  "status" : "passed",
  "severity" : "normal"
}, {
  "uid" : "a2aa3963383adbda",
  "name" : "场景测试-获取我的漫画单篇列表",
  "time" : {
    "start" : 1600252498004,
    "stop" : 1600252498048,
    "duration" : 44
  },
  "status" : "passed",
  "severity" : "normal"
}, {
  "uid" : "206920359d4d78ab",
  "name" : "场景测试-获取(内容频道版本)作品分类顶部tag列表",
  "time" : {
    "start" : 1600252498667,
    "stop" : 1600252498719,
    "duration" : 52
  },
  "status" : "passed",
  "severity" : "normal"
}, {
  "uid" : "5ca06e75317b4487",
  "name" : "场景测试-获取个人主页我的漫画连载数",
  "time" : {
    "start" : 1600252500601,
    "stop" : 1600252500680,
    "duration" : 79
  },
  "status" : "passed",
  "severity" : "normal"
}, {
  "uid" : "973512e7d1a85002",
  "name" : "场景测试-获取我的漫画",
  "time" : {
    "start" : 1600252498361,
    "stop" : 1600252498439,
    "duration" : 78
  },
  "status" : "passed",
  "severity" : "normal"
}, {
  "uid" : "d0e88a3ff902ffe",
  "name" : "场景测试-漫画创建/编辑",
  "time" : {
    "start" : 1600252498795,
    "stop" : 1600252500296,
    "duration" : 1501
  },
  "status" : "passed",
  "severity" : "normal"
}, {
  "uid" : "4bbb28a085a8cf10",
  "name" : "场景测试-获取个人主页我的漫画连载数",
  "time" : {
    "start" : 1600252500684,
    "stop" : 1600252500746,
    "duration" : 62
  },
  "status" : "passed",
  "severity" : "normal"
}, {
  "uid" : "8cbc3edf36a33084",
  "name" : "场景测试-获取连载漫画列表",
  "time" : {
    "start" : 1600252498451,
    "stop" : 1600252498547,
    "duration" : 96
  },
  "status" : "passed",
  "severity" : "normal"
}, {
  "uid" : "20f7143517ab7b54",
  "name" : "场景测试-获取分享配置",
  "time" : {
    "start" : 1600252498609,
    "stop" : 1600252498649,
    "duration" : 40
  },
  "status" : "passed",
  "severity" : "normal"
}, {
  "uid" : "2bb6004a0eab4154",
  "name" : "场景测试-获取我的集",
  "time" : {
    "start" : 1600252497759,
    "stop" : 1600252497997,
    "duration" : 238
  },
  "status" : "passed",
  "severity" : "normal"
}, {
  "uid" : "9bce9b9f4cca8f90",
  "name" : "场景测试-获取大作轨迹",
  "time" : {
    "start" : 1600252498128,
    "stop" : 1600252498355,
    "duration" : 227
  },
  "status" : "passed",
  "severity" : "normal"
}, {
  "uid" : "93b69106de79e9a7",
  "name" : "场景测试-获取画漫画连载列表",
  "time" : {
    "start" : 1600252498056,
    "stop" : 1600252498124,
    "duration" : 68
  },
  "status" : "passed",
  "severity" : "normal"
} ]