[ {
  "uid" : "a6fed947e8db1d17",
  "name" : "校验获取我的信息，校验返回内容的数据结构",
  "time" : {
    "start" : 1600252552105,
    "stop" : 1600252552212,
    "duration" : 107
  },
  "status" : "passed",
  "severity" : "normal"
}, {
  "uid" : "817207a17bd3856",
  "name" : "校验获取我的功能列表，校验返回内容的数据结构",
  "time" : {
    "start" : 1600252552033,
    "stop" : 1600252552102,
    "duration" : 69
  },
  "status" : "passed",
  "severity" : "normal"
}, {
  "uid" : "a924920d33b840c5",
  "name" : "校验获取手机绑定状态，校验返回内容的数据结构",
  "time" : {
    "start" : 1600252552625,
    "stop" : 1600252552673,
    "duration" : 48
  },
  "status" : "passed",
  "severity" : "normal"
}, {
  "uid" : "a95832f05bead0f3",
  "name" : "校验获取个性装扮分类，校验返回内容的数据结构",
  "time" : {
    "start" : 1600252555033,
    "stop" : 1600252555063,
    "duration" : 30
  },
  "status" : "passed",
  "severity" : "normal"
}, {
  "uid" : "87f0ee1a271fd709",
  "name" : "校验获取关注圈用户详情，校验返回内容的数据结构",
  "time" : {
    "start" : 1600252555301,
    "stop" : 1600252555375,
    "duration" : 74
  },
  "status" : "passed",
  "severity" : "normal"
}, {
  "uid" : "d57aa295e4dd4e4d",
  "name" : "校验获取个性装扮，校验返回内容的数据结构",
  "time" : {
    "start" : 1600252555067,
    "stop" : 1600252555221,
    "duration" : 154
  },
  "status" : "passed",
  "severity" : "normal"
}, {
  "uid" : "d2367a28375b7315",
  "name" : "校验增加用户关注值，校验返回内容的数据结构",
  "time" : {
    "start" : 1600252555834,
    "stop" : 1600252555871,
    "duration" : 37
  },
  "status" : "passed",
  "severity" : "normal"
}, {
  "uid" : "c38b6f1683b7076e",
  "name" : "校验获取我关注的用户列表，校验返回内容的数据结构",
  "time" : {
    "start" : 1600252552216,
    "stop" : 1600252552347,
    "duration" : 131
  },
  "status" : "passed",
  "severity" : "normal"
}, {
  "uid" : "9a46e80c8b90ae60",
  "name" : "校验添加不感兴趣的人，校验返回内容的数据结构",
  "time" : {
    "start" : 1600252556219,
    "stop" : 1600252556258,
    "duration" : 39
  },
  "status" : "passed",
  "severity" : "normal"
}, {
  "uid" : "5d78ca4d537339ff",
  "name" : "校验获取订阅用户动态列表，校验返回内容的数据结构",
  "time" : {
    "start" : 1600252553094,
    "stop" : 1600252553560,
    "duration" : 466
  },
  "status" : "passed",
  "severity" : "normal"
}, {
  "uid" : "21cefa26b6fad41f",
  "name" : "校验检查用户运气值，校验返回内容的数据结构",
  "time" : {
    "start" : 1600252556314,
    "stop" : 1600252556343,
    "duration" : 29
  },
  "status" : "passed",
  "severity" : "normal"
}, {
  "uid" : "d9903d988f9d0449",
  "name" : "校验获取我的消息开关，校验返回内容的数据结构",
  "time" : {
    "start" : 1600252551905,
    "stop" : 1600252551987,
    "duration" : 82
  },
  "status" : "passed",
  "severity" : "normal"
}, {
  "uid" : "a1784b4b401c74d5",
  "name" : "校验获取用户相关状态，校验返回内容的数据结构",
  "time" : {
    "start" : 1600252556390,
    "stop" : 1600252556433,
    "duration" : 43
  },
  "status" : "passed",
  "severity" : "normal"
}, {
  "uid" : "85a5cf07fd4023de",
  "name" : "校验设置我的消息开关，校验返回内容的数据结构",
  "time" : {
    "start" : 1600252555785,
    "stop" : 1600252555830,
    "duration" : 45
  },
  "status" : "passed",
  "severity" : "normal"
}, {
  "uid" : "ba7bd1b348ef073f",
  "name" : "校验我关注的动态，校验返回内容的数据结构",
  "time" : {
    "start" : 1600252555875,
    "stop" : 1600252556212,
    "duration" : 337
  },
  "status" : "passed",
  "severity" : "normal"
}, {
  "uid" : "caeeb4fd81426821",
  "name" : "校验获取我的粉丝列表，校验返回内容的数据结构",
  "time" : {
    "start" : 1600252552353,
    "stop" : 1600252552613,
    "duration" : 260
  },
  "status" : "passed",
  "severity" : "normal"
}, {
  "uid" : "9637ca4e46c934a4",
  "name" : "校验获取我的动态列表，校验返回内容的数据结构",
  "time" : {
    "start" : 1600252553586,
    "stop" : 1600252554050,
    "duration" : 464
  },
  "status" : "passed",
  "severity" : "normal"
}, {
  "uid" : "4b897288c8fcb7fe",
  "name" : "校验获取可能感兴趣的人，校验返回内容的数据结构",
  "time" : {
    "start" : 1600252554770,
    "stop" : 1600252554997,
    "duration" : 227
  },
  "status" : "passed",
  "severity" : "normal"
}, {
  "uid" : "dfa112bb707a8971",
  "name" : "校验修改用户信息，校验返回内容的数据结构",
  "time" : {
    "start" : 1600252552686,
    "stop" : 1600252552940,
    "duration" : 254
  },
  "status" : "passed",
  "severity" : "normal"
}, {
  "uid" : "fa6185c1d04e0120",
  "name" : "校验保存用户标签，校验返回内容的数据结构",
  "time" : {
    "start" : 1600252556263,
    "stop" : 1600252556308,
    "duration" : 45
  },
  "status" : "passed",
  "severity" : "normal"
}, {
  "uid" : "58955abe0d83b633",
  "name" : "校验获取订阅用户详情，校验返回内容的数据结构",
  "time" : {
    "start" : 1600252555226,
    "stop" : 1600252555295,
    "duration" : 69
  },
  "status" : "passed",
  "severity" : "normal"
}, {
  "uid" : "6b4e3c0265935d51",
  "name" : "校验批量关注对象，校验返回内容的数据结构",
  "time" : {
    "start" : 1600252555737,
    "stop" : 1600252555779,
    "duration" : 42
  },
  "status" : "passed",
  "severity" : "normal"
}, {
  "uid" : "a1e2c612f69dbbfe",
  "name" : "校验获取用户注册分流方案轮播，校验返回内容的数据结构",
  "time" : {
    "start" : 1600252556437,
    "stop" : 1600252556467,
    "duration" : 30
  },
  "status" : "passed",
  "severity" : "normal"
}, {
  "uid" : "e571bd6e0fdeb099",
  "name" : "校验打赏用户，校验返回内容的数据结构",
  "time" : {
    "start" : 1600252555385,
    "stop" : 1600252555724,
    "duration" : 339
  },
  "status" : "passed",
  "severity" : "normal"
}, {
  "uid" : "bf29786d69568da4",
  "name" : "校验获取触友主页面信息，校验返回内容的数据结构",
  "time" : {
    "start" : 1600252554330,
    "stop" : 1600252554598,
    "duration" : 268
  },
  "status" : "passed",
  "severity" : "normal"
}, {
  "uid" : "9b6f582adae49605",
  "name" : "校验是否有新手引导，校验返回内容的数据结构",
  "time" : {
    "start" : 1600252551993,
    "stop" : 1600252552030,
    "duration" : 37
  },
  "status" : "passed",
  "severity" : "normal"
}, {
  "uid" : "40500856946df5cc",
  "name" : "校验获取用户允许金钻抵消开关，校验返回内容的数据结构",
  "time" : {
    "start" : 1600252555001,
    "stop" : 1600252555030,
    "duration" : 29
  },
  "status" : "passed",
  "severity" : "normal"
}, {
  "uid" : "73b7dc30ec0d2c5d",
  "name" : "校验获取个性装扮banner，校验返回内容的数据结构",
  "time" : {
    "start" : 1600252556350,
    "stop" : 1600252556387,
    "duration" : 37
  },
  "status" : "passed",
  "severity" : "normal"
}, {
  "uid" : "58ee2434f45ce00e",
  "name" : "校验获取第一个点赞与关注信息，校验返回内容的数据结构",
  "time" : {
    "start" : 1600252554602,
    "stop" : 1600252554765,
    "duration" : 163
  },
  "status" : "passed",
  "severity" : "normal"
}, {
  "uid" : "43db1b6d4c318e31",
  "name" : "校验获取他人主页信息，校验返回内容的数据结构",
  "time" : {
    "start" : 1600252554060,
    "stop" : 1600252554324,
    "duration" : 264
  },
  "status" : "passed",
  "severity" : "normal"
}, {
  "uid" : "61679f7746769114",
  "name" : "校验修改用户头像，校验返回内容的数据结构",
  "time" : {
    "start" : 1600252552944,
    "stop" : 1600252553090,
    "duration" : 146
  },
  "status" : "passed",
  "severity" : "normal"
} ]