{
  "463caf573a0044c6fb1428ee6ad02a1c" : {
    "statistic" : {
      "failed" : 0,
      "broken" : 0,
      "skipped" : 0,
      "passed" : 1,
      "unknown" : 0,
      "total" : 1
    },
    "items" : [ {
      "uid" : "c0d32069bc3c4a09",
      "status" : "passed",
      "time" : {
        "start" : 1600252528156,
        "stop" : 1600252528261,
        "duration" : 105
      }
    } ]
  },
  "889ac5eb4adb910c65126f13769d9714" : {
    "statistic" : {
      "failed" : 0,
      "broken" : 0,
      "skipped" : 0,
      "passed" : 1,
      "unknown" : 0,
      "total" : 1
    },
    "items" : [ {
      "uid" : "f2c19eae0b22ffe8",
      "status" : "passed",
      "time" : {
        "start" : 1600252529305,
        "stop" : 1600252529345,
        "duration" : 40
      }
    } ]
  },
  "ad63a11bb91821296a49e758afb99d66" : {
    "statistic" : {
      "failed" : 0,
      "broken" : 0,
      "skipped" : 0,
      "passed" : 1,
      "unknown" : 0,
      "total" : 1
    },
    "items" : [ {
      "uid" : "2729f17fef5b942e",
      "status" : "passed",
      "time" : {
        "start" : 1600252528664,
        "stop" : 1600252528888,
        "duration" : 224
      }
    } ]
  },
  "b06823d4c70fbdf3154b890b0e1a1339" : {
    "statistic" : {
      "failed" : 0,
      "broken" : 0,
      "skipped" : 0,
      "passed" : 1,
      "unknown" : 0,
      "total" : 1
    },
    "items" : [ {
      "uid" : "2510df7b6f55b018",
      "status" : "passed",
      "time" : {
        "start" : 1600252528326,
        "stop" : 1600252528426,
        "duration" : 100
      }
    } ]
  },
  "508cbb5f260ceeb955209dcb178ce50e" : {
    "statistic" : {
      "failed" : 0,
      "broken" : 0,
      "skipped" : 0,
      "passed" : 1,
      "unknown" : 0,
      "total" : 1
    },
    "items" : [ {
      "uid" : "79653cfb4a40f7e7",
      "status" : "passed",
      "time" : {
        "start" : 1600252528272,
        "stop" : 1600252528321,
        "duration" : 49
      }
    } ]
  },
  "9d3271519e789f67c11a907e11ed0ad2" : {
    "statistic" : {
      "failed" : 0,
      "broken" : 0,
      "skipped" : 0,
      "passed" : 1,
      "unknown" : 0,
      "total" : 1
    },
    "items" : [ {
      "uid" : "78dcd51e33038c67",
      "status" : "passed",
      "time" : {
        "start" : 1600252528893,
        "stop" : 1600252529204,
        "duration" : 311
      }
    } ]
  },
  "c6244cd76f75a37903bee70e3d35b7f5" : {
    "statistic" : {
      "failed" : 0,
      "broken" : 0,
      "skipped" : 0,
      "passed" : 1,
      "unknown" : 0,
      "total" : 1
    },
    "items" : [ {
      "uid" : "717885361c95b878",
      "status" : "passed",
      "time" : {
        "start" : 1600252528433,
        "stop" : 1600252528661,
        "duration" : 228
      }
    } ]
  },
  "f968ccae3c1363b4b1d46256b4b36e16" : {
    "statistic" : {
      "failed" : 0,
      "broken" : 0,
      "skipped" : 0,
      "passed" : 1,
      "unknown" : 0,
      "total" : 1
    },
    "items" : [ {
      "uid" : "141baed34187095e",
      "status" : "passed",
      "time" : {
        "start" : 1600252529251,
        "stop" : 1600252529300,
        "duration" : 49
      }
    } ]
  },
  "6b6435fd8b650729624c43e3709cbe8b" : {
    "statistic" : {
      "failed" : 0,
      "broken" : 0,
      "skipped" : 0,
      "passed" : 1,
      "unknown" : 0,
      "total" : 1
    },
    "items" : [ {
      "uid" : "64a5a25f1786fadd",
      "status" : "passed",
      "time" : {
        "start" : 1600252529209,
        "stop" : 1600252529247,
        "duration" : 38
      }
    } ]
  }
}