{
  "596f9f521c8a74ab0ce0bf73f22c3e7f" : {
    "statistic" : {
      "failed" : 0,
      "broken" : 0,
      "skipped" : 0,
      "passed" : 1,
      "unknown" : 0,
      "total" : 1
    },
    "items" : [ {
      "uid" : "2ed3526e8bf58ecc",
      "status" : "passed",
      "time" : {
        "start" : 1600250629797,
        "stop" : 1600250629839,
        "duration" : 42
      }
    } ]
  },
  "ab7745d0843fc0f877e0e202a8f1a78a" : {
    "statistic" : {
      "failed" : 0,
      "broken" : 0,
      "skipped" : 0,
      "passed" : 1,
      "unknown" : 0,
      "total" : 1
    },
    "items" : [ {
      "uid" : "d39c6f7c00039ba2",
      "status" : "passed",
      "time" : {
        "start" : 1600250658631,
        "stop" : 1600250658667,
        "duration" : 36
      }
    } ]
  },
  "6dfd39c4da0393a581cee5c5dd0236ea" : {
    "statistic" : {
      "failed" : 0,
      "broken" : 0,
      "skipped" : 0,
      "passed" : 1,
      "unknown" : 0,
      "total" : 1
    },
    "items" : [ {
      "uid" : "e30745ef16e58243",
      "status" : "passed",
      "time" : {
        "start" : 1600250658245,
        "stop" : 1600250658288,
        "duration" : 43
      }
    } ]
  },
  "91171aef1c702a314fa7b51ec3f41e8b" : {
    "statistic" : {
      "failed" : 0,
      "broken" : 0,
      "skipped" : 0,
      "passed" : 1,
      "unknown" : 0,
      "total" : 1
    },
    "items" : [ {
      "uid" : "62868c43b4d7e5b0",
      "status" : "passed",
      "time" : {
        "start" : 1600250650977,
        "stop" : 1600250651022,
        "duration" : 45
      }
    } ]
  },
  "c017cf44543cc10576da5b8170293b74" : {
    "statistic" : {
      "failed" : 0,
      "broken" : 0,
      "skipped" : 0,
      "passed" : 1,
      "unknown" : 0,
      "total" : 1
    },
    "items" : [ {
      "uid" : "719c1fb2583ccb5d",
      "status" : "passed",
      "time" : {
        "start" : 1600250649007,
        "stop" : 1600250649075,
        "duration" : 68
      }
    } ]
  },
  "e1a8cbdac7d980f91a7f5e8c93114fa1" : {
    "statistic" : {
      "failed" : 0,
      "broken" : 0,
      "skipped" : 0,
      "passed" : 1,
      "unknown" : 0,
      "total" : 1
    },
    "items" : [ {
      "uid" : "9bed4b1dac1fbccd",
      "status" : "passed",
      "time" : {
        "start" : 1600250665445,
        "stop" : 1600250665508,
        "duration" : 63
      }
    } ]
  },
  "c3fa4fb4db972cb49277f6673e1cf811" : {
    "statistic" : {
      "failed" : 0,
      "broken" : 0,
      "skipped" : 0,
      "passed" : 1,
      "unknown" : 0,
      "total" : 1
    },
    "items" : [ {
      "uid" : "332447d8c805805",
      "status" : "passed",
      "time" : {
        "start" : 1600250642425,
        "stop" : 1600250642545,
        "duration" : 120
      }
    } ]
  },
  "32b4fc1491f779918e0d6abe1d1911f5" : {
    "statistic" : {
      "failed" : 0,
      "broken" : 0,
      "skipped" : 0,
      "passed" : 1,
      "unknown" : 0,
      "total" : 1
    },
    "items" : [ {
      "uid" : "59c2a50a10fb33e",
      "status" : "passed",
      "time" : {
        "start" : 1600250650907,
        "stop" : 1600250650967,
        "duration" : 60
      }
    } ]
  },
  "19da8be8496debce7d543c77a4834b97" : {
    "statistic" : {
      "failed" : 0,
      "broken" : 0,
      "skipped" : 0,
      "passed" : 1,
      "unknown" : 0,
      "total" : 1
    },
    "items" : [ {
      "uid" : "20dbba7253f69cd0",
      "status" : "passed",
      "time" : {
        "start" : 1600250664198,
        "stop" : 1600250664298,
        "duration" : 100
      }
    } ]
  },
  "f75861ecbd6ddaf4e0fd107261b6f9f7" : {
    "statistic" : {
      "failed" : 0,
      "broken" : 0,
      "skipped" : 0,
      "passed" : 1,
      "unknown" : 0,
      "total" : 1
    },
    "items" : [ {
      "uid" : "d542d28205b15089",
      "status" : "passed",
      "time" : {
        "start" : 1600250639040,
        "stop" : 1600250639456,
        "duration" : 416
      }
    } ]
  },
  "bceaee2566cd29b078e58f355228d197" : {
    "statistic" : {
      "failed" : 0,
      "broken" : 0,
      "skipped" : 0,
      "passed" : 1,
      "unknown" : 0,
      "total" : 1
    },
    "items" : [ {
      "uid" : "9dc97913303f0e8",
      "status" : "passed",
      "time" : {
        "start" : 1600250658293,
        "stop" : 1600250658405,
        "duration" : 112
      }
    } ]
  },
  "e3ff9d6191a1d4279a353595dae458a0" : {
    "statistic" : {
      "failed" : 0,
      "broken" : 0,
      "skipped" : 0,
      "passed" : 1,
      "unknown" : 0,
      "total" : 1
    },
    "items" : [ {
      "uid" : "902637593b11db51",
      "status" : "passed",
      "time" : {
        "start" : 1600250659419,
        "stop" : 1600250659452,
        "duration" : 33
      }
    } ]
  },
  "468ea5fc3003303e6e8db642ece6a6e9" : {
    "statistic" : {
      "failed" : 0,
      "broken" : 0,
      "skipped" : 0,
      "passed" : 1,
      "unknown" : 0,
      "total" : 1
    },
    "items" : [ {
      "uid" : "659a32e55d38a903",
      "status" : "passed",
      "time" : {
        "start" : 1600250633915,
        "stop" : 1600250633963,
        "duration" : 48
      }
    } ]
  },
  "c5c22a1aad2fa804cc648dbf4e1bed93" : {
    "statistic" : {
      "failed" : 0,
      "broken" : 0,
      "skipped" : 0,
      "passed" : 1,
      "unknown" : 0,
      "total" : 1
    },
    "items" : [ {
      "uid" : "dde1330b29c723f8",
      "status" : "passed",
      "time" : {
        "start" : 1600250648625,
        "stop" : 1600250648668,
        "duration" : 43
      }
    } ]
  },
  "e8be124071f5b38647cb486eed6a0987" : {
    "statistic" : {
      "failed" : 0,
      "broken" : 0,
      "skipped" : 0,
      "passed" : 1,
      "unknown" : 0,
      "total" : 1
    },
    "items" : [ {
      "uid" : "a266acda66084ac",
      "status" : "passed",
      "time" : {
        "start" : 1600250664655,
        "stop" : 1600250664689,
        "duration" : 34
      }
    } ]
  },
  "a7c95d1a601efb932b7cd97843a7c053" : {
    "statistic" : {
      "failed" : 0,
      "broken" : 0,
      "skipped" : 0,
      "passed" : 1,
      "unknown" : 0,
      "total" : 1
    },
    "items" : [ {
      "uid" : "fbc96f9797731fcc",
      "status" : "passed",
      "time" : {
        "start" : 1600250644241,
        "stop" : 1600250644487,
        "duration" : 246
      }
    } ]
  },
  "58c433a79934da00995d95908476a41f" : {
    "statistic" : {
      "failed" : 0,
      "broken" : 0,
      "skipped" : 0,
      "passed" : 1,
      "unknown" : 0,
      "total" : 1
    },
    "items" : [ {
      "uid" : "ef2c1099fd344723",
      "status" : "passed",
      "time" : {
        "start" : 1600250665759,
        "stop" : 1600250666196,
        "duration" : 437
      }
    } ]
  },
  "75569b29c571992727d929b47f1a5f64" : {
    "statistic" : {
      "failed" : 0,
      "broken" : 0,
      "skipped" : 0,
      "passed" : 1,
      "unknown" : 0,
      "total" : 1
    },
    "items" : [ {
      "uid" : "8c943ac921b900d9",
      "status" : "passed",
      "time" : {
        "start" : 1600250661417,
        "stop" : 1600250661553,
        "duration" : 136
      }
    } ]
  },
  "1c4a0a74fe07de2331c051105b12229a" : {
    "statistic" : {
      "failed" : 0,
      "broken" : 0,
      "skipped" : 0,
      "passed" : 1,
      "unknown" : 0,
      "total" : 1
    },
    "items" : [ {
      "uid" : "84c1cb3993bf7354",
      "status" : "passed",
      "time" : {
        "start" : 1600250658568,
        "stop" : 1600250658627,
        "duration" : 59
      }
    } ]
  },
  "52c33058cd001b5a321a9a4c6ab66196" : {
    "statistic" : {
      "failed" : 0,
      "broken" : 0,
      "skipped" : 0,
      "passed" : 1,
      "unknown" : 0,
      "total" : 1
    },
    "items" : [ {
      "uid" : "6e27c8284869a459",
      "status" : "passed",
      "time" : {
        "start" : 1600250660581,
        "stop" : 1600250660670,
        "duration" : 89
      }
    } ]
  },
  "ea9313f3dbba49b4fcb83415cc260876" : {
    "statistic" : {
      "failed" : 0,
      "broken" : 0,
      "skipped" : 0,
      "passed" : 1,
      "unknown" : 0,
      "total" : 1
    },
    "items" : [ {
      "uid" : "38c037122ce6a679",
      "status" : "passed",
      "time" : {
        "start" : 1600250635847,
        "stop" : 1600250635904,
        "duration" : 57
      }
    } ]
  },
  "5edeb9adef05120e8c3486ef5b6bccb2" : {
    "statistic" : {
      "failed" : 0,
      "broken" : 0,
      "skipped" : 0,
      "passed" : 1,
      "unknown" : 0,
      "total" : 1
    },
    "items" : [ {
      "uid" : "96b6b4cda16b053c",
      "status" : "passed",
      "time" : {
        "start" : 1600250641141,
        "stop" : 1600250641573,
        "duration" : 432
      }
    } ]
  },
  "b468ee144246df4f887812f791b8fc81" : {
    "statistic" : {
      "failed" : 0,
      "broken" : 0,
      "skipped" : 0,
      "passed" : 1,
      "unknown" : 0,
      "total" : 1
    },
    "items" : [ {
      "uid" : "1f6f7b53fea0546",
      "status" : "passed",
      "time" : {
        "start" : 1600250647510,
        "stop" : 1600250647658,
        "duration" : 148
      }
    } ]
  },
  "fe1ee652448acf86bceb4cbf13f23bde" : {
    "statistic" : {
      "failed" : 0,
      "broken" : 0,
      "skipped" : 0,
      "passed" : 1,
      "unknown" : 0,
      "total" : 1
    },
    "items" : [ {
      "uid" : "f12b7faa0f856574",
      "status" : "passed",
      "time" : {
        "start" : 1600250642695,
        "stop" : 1600250644229,
        "duration" : 1534
      }
    } ]
  },
  "d104a374eb4f742df18071387cc44d06" : {
    "statistic" : {
      "failed" : 0,
      "broken" : 0,
      "skipped" : 0,
      "passed" : 1,
      "unknown" : 0,
      "total" : 1
    },
    "items" : [ {
      "uid" : "f7963849f5f27885",
      "status" : "passed",
      "time" : {
        "start" : 1600250651260,
        "stop" : 1600250652127,
        "duration" : 867
      }
    } ]
  },
  "dcfab43ca2e4c93774f9d76560c385b4" : {
    "statistic" : {
      "failed" : 0,
      "broken" : 0,
      "skipped" : 0,
      "passed" : 1,
      "unknown" : 0,
      "total" : 1
    },
    "items" : [ {
      "uid" : "6bf0dc8bbc6cf441",
      "status" : "passed",
      "time" : {
        "start" : 1600250653621,
        "stop" : 1600250655214,
        "duration" : 1593
      }
    } ]
  },
  "bdf5027fefa79e4d88e4407b8deaf1f7" : {
    "statistic" : {
      "failed" : 0,
      "broken" : 0,
      "skipped" : 0,
      "passed" : 1,
      "unknown" : 0,
      "total" : 1
    },
    "items" : [ {
      "uid" : "a1fe7c2910239ed4",
      "status" : "passed",
      "time" : {
        "start" : 1600250644493,
        "stop" : 1600250644656,
        "duration" : 163
      }
    } ]
  },
  "fde3e9abae06bb0f992657fb6996a1a4" : {
    "statistic" : {
      "failed" : 0,
      "broken" : 0,
      "skipped" : 0,
      "passed" : 1,
      "unknown" : 0,
      "total" : 1
    },
    "items" : [ {
      "uid" : "3635d0c826240a59",
      "status" : "passed",
      "time" : {
        "start" : 1600250638392,
        "stop" : 1600250638469,
        "duration" : 77
      }
    } ]
  },
  "b06823d4c70fbdf3154b890b0e1a1339" : {
    "statistic" : {
      "failed" : 0,
      "broken" : 0,
      "skipped" : 0,
      "passed" : 1,
      "unknown" : 0,
      "total" : 1
    },
    "items" : [ {
      "uid" : "1670024a555d02b2",
      "status" : "passed",
      "time" : {
        "start" : 1600250656857,
        "stop" : 1600250656930,
        "duration" : 73
      }
    } ]
  },
  "1818aa3b9bffb05e05fa248e00200ac4" : {
    "statistic" : {
      "failed" : 0,
      "broken" : 0,
      "skipped" : 0,
      "passed" : 1,
      "unknown" : 0,
      "total" : 1
    },
    "items" : [ {
      "uid" : "549ba6d881cb0772",
      "status" : "passed",
      "time" : {
        "start" : 1600250647927,
        "stop" : 1600250647977,
        "duration" : 50
      }
    } ]
  },
  "b9afdfa7c4cab8d4d2d2766d538d1172" : {
    "statistic" : {
      "failed" : 0,
      "broken" : 0,
      "skipped" : 0,
      "passed" : 1,
      "unknown" : 0,
      "total" : 1
    },
    "items" : [ {
      "uid" : "75a2857ec22f0b42",
      "status" : "passed",
      "time" : {
        "start" : 1600250634463,
        "stop" : 1600250634519,
        "duration" : 56
      }
    } ]
  },
  "9607776f83c860a35318f01ad7e0c5e9" : {
    "statistic" : {
      "failed" : 0,
      "broken" : 0,
      "skipped" : 0,
      "passed" : 1,
      "unknown" : 0,
      "total" : 1
    },
    "items" : [ {
      "uid" : "6636a92f0414211c",
      "status" : "passed",
      "time" : {
        "start" : 1600250667066,
        "stop" : 1600250667098,
        "duration" : 32
      }
    } ]
  },
  "1afdacfa9e10be05db9685d7f5a46321" : {
    "statistic" : {
      "failed" : 0,
      "broken" : 0,
      "skipped" : 0,
      "passed" : 1,
      "unknown" : 0,
      "total" : 1
    },
    "items" : [ {
      "uid" : "a60edb6ceea2612c",
      "status" : "passed",
      "time" : {
        "start" : 1600250659078,
        "stop" : 1600250659155,
        "duration" : 77
      }
    } ]
  },
  "e5e4ffe2d3f607c310bf239577abcfc6" : {
    "statistic" : {
      "failed" : 0,
      "broken" : 0,
      "skipped" : 0,
      "passed" : 1,
      "unknown" : 0,
      "total" : 1
    },
    "items" : [ {
      "uid" : "31289522586ae4fe",
      "status" : "passed",
      "time" : {
        "start" : 1600250649564,
        "stop" : 1600250649648,
        "duration" : 84
      }
    } ]
  },
  "e8e9fcee367a8698f85c7c52361d77b7" : {
    "statistic" : {
      "failed" : 0,
      "broken" : 0,
      "skipped" : 0,
      "passed" : 1,
      "unknown" : 0,
      "total" : 1
    },
    "items" : [ {
      "uid" : "273d2791685679f",
      "status" : "passed",
      "time" : {
        "start" : 1600250658423,
        "stop" : 1600250658504,
        "duration" : 81
      }
    } ]
  },
  "01aee7a193b967093570c92dd535f78d" : {
    "statistic" : {
      "failed" : 0,
      "broken" : 0,
      "skipped" : 0,
      "passed" : 1,
      "unknown" : 0,
      "total" : 1
    },
    "items" : [ {
      "uid" : "c79e53c21592beed",
      "status" : "passed",
      "time" : {
        "start" : 1600250647986,
        "stop" : 1600250648096,
        "duration" : 110
      }
    } ]
  },
  "f73fed58f618dfcb10c684023ab3abd1" : {
    "statistic" : {
      "failed" : 0,
      "broken" : 0,
      "skipped" : 0,
      "passed" : 1,
      "unknown" : 0,
      "total" : 1
    },
    "items" : [ {
      "uid" : "2d9d35c8f7d553e0",
      "status" : "passed",
      "time" : {
        "start" : 1600250637451,
        "stop" : 1600250637555,
        "duration" : 104
      }
    } ]
  },
  "1cee487ee21506c02f9c6fe5f1ae9041" : {
    "statistic" : {
      "failed" : 0,
      "broken" : 0,
      "skipped" : 0,
      "passed" : 1,
      "unknown" : 0,
      "total" : 1
    },
    "items" : [ {
      "uid" : "c48e1e02caa6d4de",
      "status" : "passed",
      "time" : {
        "start" : 1600250641678,
        "stop" : 1600250641771,
        "duration" : 93
      }
    } ]
  },
  "24f11489a28a684379da49ffd9641e0b" : {
    "statistic" : {
      "failed" : 0,
      "broken" : 0,
      "skipped" : 0,
      "passed" : 1,
      "unknown" : 0,
      "total" : 1
    },
    "items" : [ {
      "uid" : "5a86059ea6969190",
      "status" : "passed",
      "time" : {
        "start" : 1600250659460,
        "stop" : 1600250659601,
        "duration" : 141
      }
    } ]
  },
  "1479984f1dee3802ce820b87ed02489d" : {
    "statistic" : {
      "failed" : 0,
      "broken" : 0,
      "skipped" : 0,
      "passed" : 1,
      "unknown" : 0,
      "total" : 1
    },
    "items" : [ {
      "uid" : "a2eac839d574050f",
      "status" : "passed",
      "time" : {
        "start" : 1600250651027,
        "stop" : 1600250651059,
        "duration" : 32
      }
    } ]
  },
  "ffea231986fadfaca54ab1afc35dba44" : {
    "statistic" : {
      "failed" : 0,
      "broken" : 0,
      "skipped" : 0,
      "passed" : 1,
      "unknown" : 0,
      "total" : 1
    },
    "items" : [ {
      "uid" : "be170399b04e61a3",
      "status" : "passed",
      "time" : {
        "start" : 1600250642243,
        "stop" : 1600250642358,
        "duration" : 115
      }
    } ]
  },
  "59260e4982c1389e45fccc5b2863f9d6" : {
    "statistic" : {
      "failed" : 0,
      "broken" : 0,
      "skipped" : 0,
      "passed" : 1,
      "unknown" : 0,
      "total" : 1
    },
    "items" : [ {
      "uid" : "5a0768f79acc60f4",
      "status" : "passed",
      "time" : {
        "start" : 1600250655362,
        "stop" : 1600250655495,
        "duration" : 133
      }
    } ]
  },
  "d78f240dd48142822f929453971ab0ed" : {
    "statistic" : {
      "failed" : 0,
      "broken" : 0,
      "skipped" : 0,
      "passed" : 1,
      "unknown" : 0,
      "total" : 1
    },
    "items" : [ {
      "uid" : "63cee864f886199",
      "status" : "passed",
      "time" : {
        "start" : 1600250636103,
        "stop" : 1600250636242,
        "duration" : 139
      }
    } ]
  },
  "1a54bba2702e53d9a492ce25122c7e14" : {
    "statistic" : {
      "failed" : 0,
      "broken" : 0,
      "skipped" : 0,
      "passed" : 1,
      "unknown" : 0,
      "total" : 1
    },
    "items" : [ {
      "uid" : "71dd36ac8f1da8f7",
      "status" : "passed",
      "time" : {
        "start" : 1600250649466,
        "stop" : 1600250649546,
        "duration" : 80
      }
    } ]
  },
  "7f76789540817fa4dfc41522bc6465b2" : {
    "statistic" : {
      "failed" : 0,
      "broken" : 0,
      "skipped" : 1,
      "passed" : 0,
      "unknown" : 0,
      "total" : 1
    },
    "items" : [ {
      "uid" : "f42523dc815a6afc",
      "status" : "skipped",
      "statusDetails" : "Skipped: 这条用例暂时不在demo、api2环境执行",
      "time" : {
        "start" : 1600250657967,
        "stop" : 1600250657967,
        "duration" : 0
      }
    } ]
  },
  "77155d1e89b919cde83c62ca17ad5ae8" : {
    "statistic" : {
      "failed" : 0,
      "broken" : 0,
      "skipped" : 0,
      "passed" : 1,
      "unknown" : 0,
      "total" : 1
    },
    "items" : [ {
      "uid" : "56e3e4a8e13d045b",
      "status" : "passed",
      "time" : {
        "start" : 1600250658855,
        "stop" : 1600250658976,
        "duration" : 121
      }
    } ]
  },
  "954fdf956c0f3ae1116b5557c8461282" : {
    "statistic" : {
      "failed" : 0,
      "broken" : 0,
      "skipped" : 0,
      "passed" : 1,
      "unknown" : 0,
      "total" : 1
    },
    "items" : [ {
      "uid" : "16c5ea8440138187",
      "status" : "passed",
      "time" : {
        "start" : 1600250634988,
        "stop" : 1600250635022,
        "duration" : 34
      }
    } ]
  },
  "a0719e475b8a12e811aaaae6fdaa6796" : {
    "statistic" : {
      "failed" : 0,
      "broken" : 0,
      "skipped" : 0,
      "passed" : 1,
      "unknown" : 0,
      "total" : 1
    },
    "items" : [ {
      "uid" : "bb342b21aad89b2d",
      "status" : "passed",
      "time" : {
        "start" : 1600250659370,
        "stop" : 1600250659416,
        "duration" : 46
      }
    } ]
  },
  "e126909bacbddc99ca95627ac5228137" : {
    "statistic" : {
      "failed" : 0,
      "broken" : 0,
      "skipped" : 0,
      "passed" : 1,
      "unknown" : 0,
      "total" : 1
    },
    "items" : [ {
      "uid" : "391dd379209e00b5",
      "status" : "passed",
      "time" : {
        "start" : 1600250662017,
        "stop" : 1600250662068,
        "duration" : 51
      }
    } ]
  },
  "6f8eb180bda05b57a647f1c3d8924057" : {
    "statistic" : {
      "failed" : 0,
      "broken" : 0,
      "skipped" : 0,
      "passed" : 1,
      "unknown" : 0,
      "total" : 1
    },
    "items" : [ {
      "uid" : "2b6865b71eef7b3b",
      "status" : "passed",
      "time" : {
        "start" : 1600250629738,
        "stop" : 1600250629790,
        "duration" : 52
      }
    } ]
  },
  "c84e704516dd3ec4f595ab0abb2a40b9" : {
    "statistic" : {
      "failed" : 0,
      "broken" : 0,
      "skipped" : 0,
      "passed" : 1,
      "unknown" : 0,
      "total" : 1
    },
    "items" : [ {
      "uid" : "c301f83d2ad68061",
      "status" : "passed",
      "time" : {
        "start" : 1600250652136,
        "stop" : 1600250653616,
        "duration" : 1480
      }
    } ]
  },
  "75efdc21119027bc23a8534ce0a93dd0" : {
    "statistic" : {
      "failed" : 0,
      "broken" : 0,
      "skipped" : 0,
      "passed" : 1,
      "unknown" : 0,
      "total" : 1
    },
    "items" : [ {
      "uid" : "5553bff984dd00ad",
      "status" : "passed",
      "time" : {
        "start" : 1600250658060,
        "stop" : 1600250658125,
        "duration" : 65
      }
    } ]
  },
  "21a92f8e8357474b3199baf12d6139fc" : {
    "statistic" : {
      "failed" : 0,
      "broken" : 0,
      "skipped" : 0,
      "passed" : 1,
      "unknown" : 0,
      "total" : 1
    },
    "items" : [ {
      "uid" : "b96e9779c0b5a63",
      "status" : "passed",
      "time" : {
        "start" : 1600250666969,
        "stop" : 1600250667005,
        "duration" : 36
      }
    } ]
  },
  "c902a76c4e3c56aa9abe74df2ca0fd1a" : {
    "statistic" : {
      "failed" : 0,
      "broken" : 0,
      "skipped" : 0,
      "passed" : 1,
      "unknown" : 0,
      "total" : 1
    },
    "items" : [ {
      "uid" : "a3897a764ffd3db5",
      "status" : "passed",
      "time" : {
        "start" : 1600250636258,
        "stop" : 1600250636429,
        "duration" : 171
      }
    } ]
  },
  "9ccaad8cc2c2fb83c4305618b8c455bf" : {
    "statistic" : {
      "failed" : 0,
      "broken" : 0,
      "skipped" : 0,
      "passed" : 1,
      "unknown" : 0,
      "total" : 1
    },
    "items" : [ {
      "uid" : "879e015f4fc61291",
      "status" : "passed",
      "time" : {
        "start" : 1600250665669,
        "stop" : 1600250665706,
        "duration" : 37
      }
    } ]
  },
  "a09055e76581ac7617e34b70c947557d" : {
    "statistic" : {
      "failed" : 0,
      "broken" : 0,
      "skipped" : 0,
      "passed" : 1,
      "unknown" : 0,
      "total" : 1
    },
    "items" : [ {
      "uid" : "a9f7797258ef9473",
      "status" : "passed",
      "time" : {
        "start" : 1600250660932,
        "stop" : 1600250661024,
        "duration" : 92
      }
    } ]
  },
  "5d3c30c7c3434771075cb0a95865ba75" : {
    "statistic" : {
      "failed" : 0,
      "broken" : 0,
      "skipped" : 0,
      "passed" : 1,
      "unknown" : 0,
      "total" : 1
    },
    "items" : [ {
      "uid" : "698bb2f3723a2356",
      "status" : "passed",
      "time" : {
        "start" : 1600250637127,
        "stop" : 1600250637182,
        "duration" : 55
      }
    } ]
  },
  "a3a4c020e97991a89181e14f78a372db" : {
    "statistic" : {
      "failed" : 0,
      "broken" : 0,
      "skipped" : 0,
      "passed" : 1,
      "unknown" : 0,
      "total" : 1
    },
    "items" : [ {
      "uid" : "5ba62814ee370cd",
      "status" : "passed",
      "time" : {
        "start" : 1600250659159,
        "stop" : 1600250659317,
        "duration" : 158
      }
    } ]
  },
  "a2e7448165e5074aacb4fa4a8a31d6dd" : {
    "statistic" : {
      "failed" : 0,
      "broken" : 0,
      "skipped" : 0,
      "passed" : 1,
      "unknown" : 0,
      "total" : 1
    },
    "items" : [ {
      "uid" : "bbeeba58ac52f242",
      "status" : "passed",
      "time" : {
        "start" : 1600250626996,
        "stop" : 1600250627680,
        "duration" : 684
      }
    } ]
  },
  "58c247ef15fc66e612fbf2ca218afa81" : {
    "statistic" : {
      "failed" : 0,
      "broken" : 0,
      "skipped" : 0,
      "passed" : 1,
      "unknown" : 0,
      "total" : 1
    },
    "items" : [ {
      "uid" : "f2bed4de86d5a60e",
      "status" : "passed",
      "time" : {
        "start" : 1600250648939,
        "stop" : 1600250649001,
        "duration" : 62
      }
    } ]
  },
  "881f72e2e103bc4dd07657f73748a716" : {
    "statistic" : {
      "failed" : 0,
      "broken" : 0,
      "skipped" : 0,
      "passed" : 1,
      "unknown" : 0,
      "total" : 1
    },
    "items" : [ {
      "uid" : "6603a4cede6d7d60",
      "status" : "passed",
      "time" : {
        "start" : 1600250649140,
        "stop" : 1600250649186,
        "duration" : 46
      }
    } ]
  },
  "c33f95d669e27dbb5bd68c4127bbf91f" : {
    "statistic" : {
      "failed" : 0,
      "broken" : 0,
      "skipped" : 0,
      "passed" : 1,
      "unknown" : 0,
      "total" : 1
    },
    "items" : [ {
      "uid" : "5c78e793f382f2cd",
      "status" : "passed",
      "time" : {
        "start" : 1600250630225,
        "stop" : 1600250630276,
        "duration" : 51
      }
    } ]
  },
  "686965ec0cb06dcc0315836399390988" : {
    "statistic" : {
      "failed" : 0,
      "broken" : 0,
      "skipped" : 0,
      "passed" : 1,
      "unknown" : 0,
      "total" : 1
    },
    "items" : [ {
      "uid" : "39786c0254e30eef",
      "status" : "passed",
      "time" : {
        "start" : 1600250659881,
        "stop" : 1600250660151,
        "duration" : 270
      }
    } ]
  },
  "c85ebc45b1506fdce08a5591fc1cd3a2" : {
    "statistic" : {
      "failed" : 0,
      "broken" : 0,
      "skipped" : 0,
      "passed" : 1,
      "unknown" : 0,
      "total" : 1
    },
    "items" : [ {
      "uid" : "257a1fa8fd348100",
      "status" : "passed",
      "time" : {
        "start" : 1600250650782,
        "stop" : 1600250650903,
        "duration" : 121
      }
    } ]
  },
  "2acdd72b9334eaa289dafeb7bc785e00" : {
    "statistic" : {
      "failed" : 0,
      "broken" : 0,
      "skipped" : 0,
      "passed" : 1,
      "unknown" : 0,
      "total" : 1
    },
    "items" : [ {
      "uid" : "9e058b4572c96921",
      "status" : "passed",
      "time" : {
        "start" : 1600250637561,
        "stop" : 1600250637596,
        "duration" : 35
      }
    } ]
  },
  "4984c68e698d1fdbc0761f880d3058d3" : {
    "statistic" : {
      "failed" : 0,
      "broken" : 0,
      "skipped" : 0,
      "passed" : 1,
      "unknown" : 0,
      "total" : 1
    },
    "items" : [ {
      "uid" : "c56c23b1e7435cc5",
      "status" : "passed",
      "time" : {
        "start" : 1600250662192,
        "stop" : 1600250662319,
        "duration" : 127
      }
    } ]
  },
  "4d0314d22b856874efb9e6291c63e6a1" : {
    "statistic" : {
      "failed" : 0,
      "broken" : 0,
      "skipped" : 0,
      "passed" : 1,
      "unknown" : 0,
      "total" : 1
    },
    "items" : [ {
      "uid" : "826d48380c686dcb",
      "status" : "passed",
      "time" : {
        "start" : 1600250648725,
        "stop" : 1600250648863,
        "duration" : 138
      }
    } ]
  },
  "187c9af9325d025f05ffec8f8483dad0" : {
    "statistic" : {
      "failed" : 0,
      "broken" : 0,
      "skipped" : 0,
      "passed" : 1,
      "unknown" : 0,
      "total" : 1
    },
    "items" : [ {
      "uid" : "fd9893a69dc25726",
      "status" : "passed",
      "time" : {
        "start" : 1600250667738,
        "stop" : 1600250667776,
        "duration" : 38
      }
    } ]
  },
  "c6244cd76f75a37903bee70e3d35b7f5" : {
    "statistic" : {
      "failed" : 0,
      "broken" : 0,
      "skipped" : 0,
      "passed" : 1,
      "unknown" : 0,
      "total" : 1
    },
    "items" : [ {
      "uid" : "513f44eb9e9f1713",
      "status" : "passed",
      "time" : {
        "start" : 1600250656938,
        "stop" : 1600250657056,
        "duration" : 118
      }
    } ]
  },
  "1d04a428ca5237b8d888e938736e0e96" : {
    "statistic" : {
      "failed" : 0,
      "broken" : 0,
      "skipped" : 0,
      "passed" : 1,
      "unknown" : 0,
      "total" : 1
    },
    "items" : [ {
      "uid" : "7c94fd8c6ed5d046",
      "status" : "passed",
      "time" : {
        "start" : 1600250647874,
        "stop" : 1600250647923,
        "duration" : 49
      }
    } ]
  },
  "39ea2707a23475d2d977be31b0ac7511" : {
    "statistic" : {
      "failed" : 0,
      "broken" : 0,
      "skipped" : 0,
      "passed" : 1,
      "unknown" : 0,
      "total" : 1
    },
    "items" : [ {
      "uid" : "6d1dd9c26c988232",
      "status" : "passed",
      "time" : {
        "start" : 1600250648506,
        "stop" : 1600250648555,
        "duration" : 49
      }
    } ]
  },
  "459e29b55886ebdd6ee94670f31ca87d" : {
    "statistic" : {
      "failed" : 0,
      "broken" : 0,
      "skipped" : 0,
      "passed" : 1,
      "unknown" : 0,
      "total" : 1
    },
    "items" : [ {
      "uid" : "5a3e23d76e7f9d42",
      "status" : "passed",
      "time" : {
        "start" : 1600250641586,
        "stop" : 1600250641661,
        "duration" : 75
      }
    } ]
  },
  "57d2c0ece14f3e10b89b337d8fa5ae6e" : {
    "statistic" : {
      "failed" : 0,
      "broken" : 0,
      "skipped" : 0,
      "passed" : 1,
      "unknown" : 0,
      "total" : 1
    },
    "items" : [ {
      "uid" : "b3316325bf510a35",
      "status" : "passed",
      "time" : {
        "start" : 1600250635221,
        "stop" : 1600250635253,
        "duration" : 32
      }
    } ]
  },
  "b122c83446de7d66e55e0293218da795" : {
    "statistic" : {
      "failed" : 0,
      "broken" : 0,
      "skipped" : 0,
      "passed" : 1,
      "unknown" : 0,
      "total" : 1
    },
    "items" : [ {
      "uid" : "376cf4dae4df714e",
      "status" : "passed",
      "time" : {
        "start" : 1600250659789,
        "stop" : 1600250659835,
        "duration" : 46
      }
    } ]
  },
  "f6f26e108965845daa18282a4347d7e1" : {
    "statistic" : {
      "failed" : 0,
      "broken" : 0,
      "skipped" : 0,
      "passed" : 1,
      "unknown" : 0,
      "total" : 1
    },
    "items" : [ {
      "uid" : "ffe31913c00f68c0",
      "status" : "passed",
      "time" : {
        "start" : 1600250634818,
        "stop" : 1600250634855,
        "duration" : 37
      }
    } ]
  },
  "152e8302b7de323d6c4d8ed1798daf1d" : {
    "statistic" : {
      "failed" : 0,
      "broken" : 0,
      "skipped" : 0,
      "passed" : 1,
      "unknown" : 0,
      "total" : 1
    },
    "items" : [ {
      "uid" : "cbb32120917bff17",
      "status" : "passed",
      "time" : {
        "start" : 1600250655244,
        "stop" : 1600250655354,
        "duration" : 110
      }
    } ]
  },
  "d6df6854a67c6e95a83b2ac1e695fee5" : {
    "statistic" : {
      "failed" : 0,
      "broken" : 0,
      "skipped" : 0,
      "passed" : 1,
      "unknown" : 0,
      "total" : 1
    },
    "items" : [ {
      "uid" : "5e3b31f1fa35a518",
      "status" : "passed",
      "time" : {
        "start" : 1600250650643,
        "stop" : 1600250650706,
        "duration" : 63
      }
    } ]
  },
  "cb584463f077a50620446ffd8a82501a" : {
    "statistic" : {
      "failed" : 0,
      "broken" : 0,
      "skipped" : 0,
      "passed" : 1,
      "unknown" : 0,
      "total" : 1
    },
    "items" : [ {
      "uid" : "b5b6ea5a0d1e1d45",
      "status" : "passed",
      "time" : {
        "start" : 1600250635299,
        "stop" : 1600250635359,
        "duration" : 60
      }
    } ]
  },
  "7710212312408b05d61a2f2c61915843" : {
    "statistic" : {
      "failed" : 0,
      "broken" : 0,
      "skipped" : 0,
      "passed" : 1,
      "unknown" : 0,
      "total" : 1
    },
    "items" : [ {
      "uid" : "c79074e65d15420c",
      "status" : "passed",
      "time" : {
        "start" : 1600250630283,
        "stop" : 1600250630589,
        "duration" : 306
      }
    } ]
  },
  "bf98ed2dbe55bc46aaaa1aaf777d2ea4" : {
    "statistic" : {
      "failed" : 0,
      "broken" : 0,
      "skipped" : 0,
      "passed" : 1,
      "unknown" : 0,
      "total" : 1
    },
    "items" : [ {
      "uid" : "c6445818385a54b3",
      "status" : "passed",
      "time" : {
        "start" : 1600250648868,
        "stop" : 1600250648924,
        "duration" : 56
      }
    } ]
  },
  "b41bb42e16a89feeac29439171c1e6ab" : {
    "statistic" : {
      "failed" : 0,
      "broken" : 0,
      "skipped" : 0,
      "passed" : 1,
      "unknown" : 0,
      "total" : 1
    },
    "items" : [ {
      "uid" : "ec0493ab239b8de1",
      "status" : "passed",
      "time" : {
        "start" : 1600250629279,
        "stop" : 1600250629567,
        "duration" : 288
      }
    } ]
  },
  "7acc3c8250cd0757bc404a9d4a7529fe" : {
    "statistic" : {
      "failed" : 0,
      "broken" : 0,
      "skipped" : 0,
      "passed" : 1,
      "unknown" : 0,
      "total" : 1
    },
    "items" : [ {
      "uid" : "5c9d8fd9970e88d4",
      "status" : "passed",
      "time" : {
        "start" : 1600250668070,
        "stop" : 1600250668170,
        "duration" : 100
      }
    } ]
  },
  "0ba25255d2e1c6da9e7fb751b8754959" : {
    "statistic" : {
      "failed" : 0,
      "broken" : 0,
      "skipped" : 0,
      "passed" : 1,
      "unknown" : 0,
      "total" : 1
    },
    "items" : [ {
      "uid" : "9baed8d84ea3c776",
      "status" : "passed",
      "time" : {
        "start" : 1600250630596,
        "stop" : 1600250630719,
        "duration" : 123
      }
    } ]
  },
  "9a5b8393878c8767c2999d0a21886799" : {
    "statistic" : {
      "failed" : 0,
      "broken" : 0,
      "skipped" : 0,
      "passed" : 1,
      "unknown" : 0,
      "total" : 1
    },
    "items" : [ {
      "uid" : "9052e7dd42603ad2",
      "status" : "passed",
      "time" : {
        "start" : 1600250635915,
        "stop" : 1600250636001,
        "duration" : 86
      }
    } ]
  },
  "92213e77e20e5e41e1ddc87aea67ad12" : {
    "statistic" : {
      "failed" : 0,
      "broken" : 0,
      "skipped" : 0,
      "passed" : 1,
      "unknown" : 0,
      "total" : 1
    },
    "items" : [ {
      "uid" : "15c6a5a062155108",
      "status" : "passed",
      "time" : {
        "start" : 1600250648105,
        "stop" : 1600250648162,
        "duration" : 57
      }
    } ]
  },
  "c109b6c9c89a92b5dd57ea3cb7dae59c" : {
    "statistic" : {
      "failed" : 0,
      "broken" : 0,
      "skipped" : 0,
      "passed" : 1,
      "unknown" : 0,
      "total" : 1
    },
    "items" : [ {
      "uid" : "d17351720a23121e",
      "status" : "passed",
      "time" : {
        "start" : 1600250665514,
        "stop" : 1600250665579,
        "duration" : 65
      }
    } ]
  },
  "473d9daff64cb150beaecc748958d0b6" : {
    "statistic" : {
      "failed" : 0,
      "broken" : 0,
      "skipped" : 0,
      "passed" : 1,
      "unknown" : 0,
      "total" : 1
    },
    "items" : [ {
      "uid" : "d1050d6094bacd0f",
      "status" : "passed",
      "time" : {
        "start" : 1600250668025,
        "stop" : 1600250668066,
        "duration" : 41
      }
    } ]
  },
  "194ab975f348035862a4d290922891aa" : {
    "statistic" : {
      "failed" : 0,
      "broken" : 0,
      "skipped" : 0,
      "passed" : 1,
      "unknown" : 0,
      "total" : 1
    },
    "items" : [ {
      "uid" : "391d8bbb3a616230",
      "status" : "passed",
      "time" : {
        "start" : 1600250663909,
        "stop" : 1600250663948,
        "duration" : 39
      }
    } ]
  },
  "806e936995cfce687d169d36f4604a4a" : {
    "statistic" : {
      "failed" : 0,
      "broken" : 0,
      "skipped" : 0,
      "passed" : 1,
      "unknown" : 0,
      "total" : 1
    },
    "items" : [ {
      "uid" : "c2ba932041d4ab87",
      "status" : "passed",
      "time" : {
        "start" : 1600250645459,
        "stop" : 1600250645523,
        "duration" : 64
      }
    } ]
  },
  "945d07b1e239b7b5beca40fd2ca39c3d" : {
    "statistic" : {
      "failed" : 0,
      "broken" : 0,
      "skipped" : 0,
      "passed" : 1,
      "unknown" : 0,
      "total" : 1
    },
    "items" : [ {
      "uid" : "2a8862049b8d66d9",
      "status" : "passed",
      "time" : {
        "start" : 1600250664746,
        "stop" : 1600250664784,
        "duration" : 38
      }
    } ]
  },
  "c84bbb52238b77e2c12d6c16c8133ebd" : {
    "statistic" : {
      "failed" : 0,
      "broken" : 0,
      "skipped" : 0,
      "passed" : 1,
      "unknown" : 0,
      "total" : 1
    },
    "items" : [ {
      "uid" : "2f6794f569b7dee2",
      "status" : "passed",
      "time" : {
        "start" : 1600250638065,
        "stop" : 1600250638107,
        "duration" : 42
      }
    } ]
  },
  "6612c85c5f54def0e49f1df47d7a2975" : {
    "statistic" : {
      "failed" : 0,
      "broken" : 0,
      "skipped" : 0,
      "passed" : 1,
      "unknown" : 0,
      "total" : 1
    },
    "items" : [ {
      "uid" : "733e17a7d436209f",
      "status" : "passed",
      "time" : {
        "start" : 1600250647083,
        "stop" : 1600250647506,
        "duration" : 423
      }
    } ]
  },
  "04f32de904f8cfa53ebb9fce068fb0f0" : {
    "statistic" : {
      "failed" : 0,
      "broken" : 0,
      "skipped" : 0,
      "passed" : 1,
      "unknown" : 0,
      "total" : 1
    },
    "items" : [ {
      "uid" : "c80cbc70bf7b7bc5",
      "status" : "passed",
      "time" : {
        "start" : 1600250637400,
        "stop" : 1600250637445,
        "duration" : 45
      }
    } ]
  },
  "ed7095b027ac7379260a8e0bc81b5efa" : {
    "statistic" : {
      "failed" : 0,
      "broken" : 0,
      "skipped" : 0,
      "passed" : 1,
      "unknown" : 0,
      "total" : 1
    },
    "items" : [ {
      "uid" : "dfe5d423e0073528",
      "status" : "passed",
      "time" : {
        "start" : 1600250635371,
        "stop" : 1600250635491,
        "duration" : 120
      }
    } ]
  },
  "7ad98d0f70dc4c4ab038eb76b13f8036" : {
    "statistic" : {
      "failed" : 0,
      "broken" : 0,
      "skipped" : 0,
      "passed" : 1,
      "unknown" : 0,
      "total" : 1
    },
    "items" : [ {
      "uid" : "aba09abf903b5da7",
      "status" : "passed",
      "time" : {
        "start" : 1600250645676,
        "stop" : 1600250646933,
        "duration" : 1257
      }
    } ]
  },
  "b0143f183f7ed4229bbc89783ac29d06" : {
    "statistic" : {
      "failed" : 0,
      "broken" : 0,
      "skipped" : 0,
      "passed" : 1,
      "unknown" : 0,
      "total" : 1
    },
    "items" : [ {
      "uid" : "a2db7450435c6728",
      "status" : "passed",
      "time" : {
        "start" : 1600250658766,
        "stop" : 1600250658802,
        "duration" : 36
      }
    } ]
  },
  "7cf4fe95b5d6c462f271944d2789915c" : {
    "statistic" : {
      "failed" : 0,
      "broken" : 0,
      "skipped" : 0,
      "passed" : 1,
      "unknown" : 0,
      "total" : 1
    },
    "items" : [ {
      "uid" : "cb9304bdca75dfe1",
      "status" : "passed",
      "time" : {
        "start" : 1600250627903,
        "stop" : 1600250629271,
        "duration" : 1368
      }
    } ]
  },
  "2a32909f3660c183160bf6af5bdc2921" : {
    "statistic" : {
      "failed" : 0,
      "broken" : 0,
      "skipped" : 0,
      "passed" : 1,
      "unknown" : 0,
      "total" : 1
    },
    "items" : [ {
      "uid" : "ef839c6839991d37",
      "status" : "passed",
      "time" : {
        "start" : 1600250635087,
        "stop" : 1600250635215,
        "duration" : 128
      }
    } ]
  },
  "6be51dd06604016d73a673f132ca652b" : {
    "statistic" : {
      "failed" : 0,
      "broken" : 0,
      "skipped" : 0,
      "passed" : 1,
      "unknown" : 0,
      "total" : 1
    },
    "items" : [ {
      "uid" : "99edd4e0999ce890",
      "status" : "passed",
      "time" : {
        "start" : 1600250663525,
        "stop" : 1600250663590,
        "duration" : 65
      }
    } ]
  },
  "d868839b89ac91a8244a2d9198a3a8c0" : {
    "statistic" : {
      "failed" : 0,
      "broken" : 0,
      "skipped" : 0,
      "passed" : 1,
      "unknown" : 0,
      "total" : 1
    },
    "items" : [ {
      "uid" : "19867243e5722d73",
      "status" : "passed",
      "time" : {
        "start" : 1600250634867,
        "stop" : 1600250634927,
        "duration" : 60
      }
    } ]
  },
  "c6f5b505f9fbaf0b0864f060b9fc09e4" : {
    "statistic" : {
      "failed" : 0,
      "broken" : 0,
      "skipped" : 0,
      "passed" : 1,
      "unknown" : 0,
      "total" : 1
    },
    "items" : [ {
      "uid" : "63b2792687cc902e",
      "status" : "passed",
      "time" : {
        "start" : 1600250644667,
        "stop" : 1600250644735,
        "duration" : 68
      }
    } ]
  },
  "0396651c441ce30b0cc5f259915a2f24" : {
    "statistic" : {
      "failed" : 0,
      "broken" : 0,
      "skipped" : 0,
      "passed" : 1,
      "unknown" : 0,
      "total" : 1
    },
    "items" : [ {
      "uid" : "42fb1cc6576c40c4",
      "status" : "passed",
      "time" : {
        "start" : 1600250665585,
        "stop" : 1600250665620,
        "duration" : 35
      }
    } ]
  },
  "b6fe62de9344f7c41bd3e243c20a2d40" : {
    "statistic" : {
      "failed" : 0,
      "broken" : 0,
      "skipped" : 0,
      "passed" : 1,
      "unknown" : 0,
      "total" : 1
    },
    "items" : [ {
      "uid" : "28ec0904ff81670a",
      "status" : "passed",
      "time" : {
        "start" : 1600250664117,
        "stop" : 1600250664184,
        "duration" : 67
      }
    } ]
  },
  "f8ae6bf6363e4b9620e31673ec68f1bd" : {
    "statistic" : {
      "failed" : 0,
      "broken" : 0,
      "skipped" : 0,
      "passed" : 1,
      "unknown" : 0,
      "total" : 1
    },
    "items" : [ {
      "uid" : "d51a29e000e76832",
      "status" : "passed",
      "time" : {
        "start" : 1600250642156,
        "stop" : 1600250642233,
        "duration" : 77
      }
    } ]
  },
  "3c0c5d3800b496f1756e44bec12f0244" : {
    "statistic" : {
      "failed" : 0,
      "broken" : 0,
      "skipped" : 0,
      "passed" : 1,
      "unknown" : 0,
      "total" : 1
    },
    "items" : [ {
      "uid" : "cc92cd3d11b22462",
      "status" : "passed",
      "time" : {
        "start" : 1600250642608,
        "stop" : 1600250642686,
        "duration" : 78
      }
    } ]
  },
  "6f8de6f1f0e585d3e3738af92b5a0f33" : {
    "statistic" : {
      "failed" : 0,
      "broken" : 0,
      "skipped" : 0,
      "passed" : 1,
      "unknown" : 0,
      "total" : 1
    },
    "items" : [ {
      "uid" : "cee71bc28aa5d81a",
      "status" : "passed",
      "time" : {
        "start" : 1600250665712,
        "stop" : 1600250665752,
        "duration" : 40
      }
    } ]
  },
  "7bed3be2f80cf28ed5888a422608305b" : {
    "statistic" : {
      "failed" : 0,
      "broken" : 0,
      "skipped" : 0,
      "passed" : 1,
      "unknown" : 0,
      "total" : 1
    },
    "items" : [ {
      "uid" : "15433e01a9cffcf3",
      "status" : "passed",
      "time" : {
        "start" : 1600250667136,
        "stop" : 1600250667182,
        "duration" : 46
      }
    } ]
  },
  "6eee57e51e8bfcce0ea034e99f8b0032" : {
    "statistic" : {
      "failed" : 0,
      "broken" : 0,
      "skipped" : 0,
      "passed" : 1,
      "unknown" : 0,
      "total" : 1
    },
    "items" : [ {
      "uid" : "77a1942aba0d9764",
      "status" : "passed",
      "time" : {
        "start" : 1600250645011,
        "stop" : 1600250645275,
        "duration" : 264
      }
    } ]
  },
  "06fd467731aba0e5939abad3de0a1e7c" : {
    "statistic" : {
      "failed" : 0,
      "broken" : 0,
      "skipped" : 0,
      "passed" : 1,
      "unknown" : 0,
      "total" : 1
    },
    "items" : [ {
      "uid" : "3d7ebafbd6445061",
      "status" : "passed",
      "time" : {
        "start" : 1600250666799,
        "stop" : 1600250666914,
        "duration" : 115
      }
    } ]
  },
  "85621e5cdcd07c1668c40700b5dc89f7" : {
    "statistic" : {
      "failed" : 0,
      "broken" : 0,
      "skipped" : 0,
      "passed" : 1,
      "unknown" : 0,
      "total" : 1
    },
    "items" : [ {
      "uid" : "1fe4996e3b2eb22",
      "status" : "passed",
      "time" : {
        "start" : 1600250660254,
        "stop" : 1600250660289,
        "duration" : 35
      }
    } ]
  },
  "cc4bc3e4c1eb62c40d668155455e65c6" : {
    "statistic" : {
      "failed" : 0,
      "broken" : 0,
      "skipped" : 0,
      "passed" : 1,
      "unknown" : 0,
      "total" : 1
    },
    "items" : [ {
      "uid" : "8cfd8e414952deff",
      "status" : "passed",
      "time" : {
        "start" : 1600250667013,
        "stop" : 1600250667061,
        "duration" : 48
      }
    } ]
  },
  "b5dfca56eea2bbe320b107f287e10e51" : {
    "statistic" : {
      "failed" : 0,
      "broken" : 0,
      "skipped" : 0,
      "passed" : 1,
      "unknown" : 0,
      "total" : 1
    },
    "items" : [ {
      "uid" : "bf40fe386deb1239",
      "status" : "passed",
      "time" : {
        "start" : 1600250635582,
        "stop" : 1600250635837,
        "duration" : 255
      }
    } ]
  },
  "02139db23f2875538179b15ebe60f77f" : {
    "statistic" : {
      "failed" : 0,
      "broken" : 0,
      "skipped" : 0,
      "passed" : 1,
      "unknown" : 0,
      "total" : 1
    },
    "items" : [ {
      "uid" : "1eb8f4385c639862",
      "status" : "passed",
      "time" : {
        "start" : 1600250666509,
        "stop" : 1600250666789,
        "duration" : 280
      }
    } ]
  },
  "2830d72544f47bcee173395503bd1f55" : {
    "statistic" : {
      "failed" : 0,
      "broken" : 0,
      "skipped" : 0,
      "passed" : 1,
      "unknown" : 0,
      "total" : 1
    },
    "items" : [ {
      "uid" : "8537e4258162f83b",
      "status" : "passed",
      "time" : {
        "start" : 1600250657555,
        "stop" : 1600250657961,
        "duration" : 406
      }
    } ]
  },
  "12040bc9155657c95a71aea068de0f5d" : {
    "statistic" : {
      "failed" : 0,
      "broken" : 0,
      "skipped" : 0,
      "passed" : 1,
      "unknown" : 0,
      "total" : 1
    },
    "items" : [ {
      "uid" : "7fca6e95c6a1392c",
      "status" : "passed",
      "time" : {
        "start" : 1600250642366,
        "stop" : 1600250642419,
        "duration" : 53
      }
    } ]
  },
  "b3b0c552fed4b0947de8ea8feaf53302" : {
    "statistic" : {
      "failed" : 0,
      "broken" : 0,
      "skipped" : 0,
      "passed" : 1,
      "unknown" : 0,
      "total" : 1
    },
    "items" : [ {
      "uid" : "78546ab384b24688",
      "status" : "passed",
      "time" : {
        "start" : 1600250650256,
        "stop" : 1600250650516,
        "duration" : 260
      }
    } ]
  },
  "38946faa0e015fdad638052707dffedf" : {
    "statistic" : {
      "failed" : 0,
      "broken" : 0,
      "skipped" : 0,
      "passed" : 1,
      "unknown" : 0,
      "total" : 1
    },
    "items" : [ {
      "uid" : "b3053f7866a168a2",
      "status" : "passed",
      "time" : {
        "start" : 1600250631776,
        "stop" : 1600250633852,
        "duration" : 2076
      }
    } ]
  },
  "75a84701aa874f220e0d244bf7916208" : {
    "statistic" : {
      "failed" : 0,
      "broken" : 0,
      "skipped" : 0,
      "passed" : 1,
      "unknown" : 0,
      "total" : 1
    },
    "items" : [ {
      "uid" : "a3e0fa776c740fa1",
      "status" : "passed",
      "time" : {
        "start" : 1600250634555,
        "stop" : 1600250634812,
        "duration" : 257
      }
    } ]
  },
  "9195b1110677a84ae06e37be5ec31f2a" : {
    "statistic" : {
      "failed" : 0,
      "broken" : 0,
      "skipped" : 0,
      "passed" : 1,
      "unknown" : 0,
      "total" : 1
    },
    "items" : [ {
      "uid" : "46f3128fc05478ec",
      "status" : "passed",
      "time" : {
        "start" : 1600250637603,
        "stop" : 1600250638054,
        "duration" : 451
      }
    } ]
  },
  "3573a875a3377f1d06ad79e6826de958" : {
    "statistic" : {
      "failed" : 0,
      "broken" : 0,
      "skipped" : 0,
      "passed" : 1,
      "unknown" : 0,
      "total" : 1
    },
    "items" : [ {
      "uid" : "7cbfb425afe190d0",
      "status" : "passed",
      "time" : {
        "start" : 1600250627725,
        "stop" : 1600250627843,
        "duration" : 118
      }
    } ]
  },
  "f586d761e797ce42b5bae4de2dc5e6ea" : {
    "statistic" : {
      "failed" : 0,
      "broken" : 0,
      "skipped" : 0,
      "passed" : 1,
      "unknown" : 0,
      "total" : 1
    },
    "items" : [ {
      "uid" : "283f5be343292c5a",
      "status" : "passed",
      "time" : {
        "start" : 1600250638121,
        "stop" : 1600250638381,
        "duration" : 260
      }
    } ]
  },
  "291a04c4f7c23c289fe6459fe2699c37" : {
    "statistic" : {
      "failed" : 0,
      "broken" : 0,
      "skipped" : 0,
      "passed" : 1,
      "unknown" : 0,
      "total" : 1
    },
    "items" : [ {
      "uid" : "a9d4ba442b51a843",
      "status" : "passed",
      "time" : {
        "start" : 1600250645281,
        "stop" : 1600250645316,
        "duration" : 35
      }
    } ]
  },
  "9199adbd2c64bd54228c6c0797db7a10" : {
    "statistic" : {
      "failed" : 0,
      "broken" : 0,
      "skipped" : 0,
      "passed" : 1,
      "unknown" : 0,
      "total" : 1
    },
    "items" : [ {
      "uid" : "19bbe96d3837b4f",
      "status" : "passed",
      "time" : {
        "start" : 1600250666416,
        "stop" : 1600250666455,
        "duration" : 39
      }
    } ]
  },
  "c165689fb59f0352adf3bdb69220cd83" : {
    "statistic" : {
      "failed" : 0,
      "broken" : 0,
      "skipped" : 0,
      "passed" : 1,
      "unknown" : 0,
      "total" : 1
    },
    "items" : [ {
      "uid" : "9bdf60810683151b",
      "status" : "passed",
      "time" : {
        "start" : 1600250633969,
        "stop" : 1600250634034,
        "duration" : 65
      }
    } ]
  },
  "3cf601efd1c44f77e1c5e3fd5b35a101" : {
    "statistic" : {
      "failed" : 0,
      "broken" : 0,
      "skipped" : 0,
      "passed" : 1,
      "unknown" : 0,
      "total" : 1
    },
    "items" : [ {
      "uid" : "e26c7540b83c5d9",
      "status" : "passed",
      "time" : {
        "start" : 1600250666918,
        "stop" : 1600250666964,
        "duration" : 46
      }
    } ]
  },
  "423494e7fee045a66ef0671853013883" : {
    "statistic" : {
      "failed" : 0,
      "broken" : 0,
      "skipped" : 0,
      "passed" : 1,
      "unknown" : 0,
      "total" : 1
    },
    "items" : [ {
      "uid" : "877107a63cc41282",
      "status" : "passed",
      "time" : {
        "start" : 1600250644742,
        "stop" : 1600250644837,
        "duration" : 95
      }
    } ]
  },
  "68ee2bafc64436cde3ee479926d83c43" : {
    "statistic" : {
      "failed" : 0,
      "broken" : 0,
      "skipped" : 0,
      "passed" : 1,
      "unknown" : 0,
      "total" : 1
    },
    "items" : [ {
      "uid" : "a2f2bbbd52971c36",
      "status" : "passed",
      "time" : {
        "start" : 1600250648172,
        "stop" : 1600250648502,
        "duration" : 330
      }
    } ]
  },
  "8ff4777fe262fbd816f94df33db80f7d" : {
    "statistic" : {
      "failed" : 0,
      "broken" : 0,
      "skipped" : 0,
      "passed" : 1,
      "unknown" : 0,
      "total" : 1
    },
    "items" : [ {
      "uid" : "33268c1676e1d7a",
      "status" : "passed",
      "time" : {
        "start" : 1600250663651,
        "stop" : 1600250663857,
        "duration" : 206
      }
    } ]
  },
  "330327413969d6e6cc8d71374e19e755" : {
    "statistic" : {
      "failed" : 0,
      "broken" : 0,
      "skipped" : 0,
      "passed" : 1,
      "unknown" : 0,
      "total" : 1
    },
    "items" : [ {
      "uid" : "7096e2e8d04d1d67",
      "status" : "passed",
      "time" : {
        "start" : 1600250633858,
        "stop" : 1600250633909,
        "duration" : 51
      }
    } ]
  },
  "93e868ec8ac965c663125158da0b1110" : {
    "statistic" : {
      "failed" : 0,
      "broken" : 0,
      "skipped" : 0,
      "passed" : 1,
      "unknown" : 0,
      "total" : 1
    },
    "items" : [ {
      "uid" : "583fe9dd198a0681",
      "status" : "passed",
      "time" : {
        "start" : 1600250651216,
        "stop" : 1600250651253,
        "duration" : 37
      }
    } ]
  },
  "94265742b4b8766dc47f1d8b8b68ac99" : {
    "statistic" : {
      "failed" : 0,
      "broken" : 0,
      "skipped" : 0,
      "passed" : 1,
      "unknown" : 0,
      "total" : 1
    },
    "items" : [ {
      "uid" : "32dcfee8119cc522",
      "status" : "passed",
      "time" : {
        "start" : 1600250644892,
        "stop" : 1600250644932,
        "duration" : 40
      }
    } ]
  },
  "939544dbac5b4222f89f4b23f50062d5" : {
    "statistic" : {
      "failed" : 0,
      "broken" : 0,
      "skipped" : 0,
      "passed" : 1,
      "unknown" : 0,
      "total" : 1
    },
    "items" : [ {
      "uid" : "6210d2b0c338d2f0",
      "status" : "passed",
      "time" : {
        "start" : 1600250637046,
        "stop" : 1600250637119,
        "duration" : 73
      }
    } ]
  },
  "e87cdf68e1c5eaaa23ddcc9f0e1529af" : {
    "statistic" : {
      "failed" : 0,
      "broken" : 0,
      "skipped" : 0,
      "passed" : 1,
      "unknown" : 0,
      "total" : 1
    },
    "items" : [ {
      "uid" : "d4501a4117cd5f7b",
      "status" : "passed",
      "time" : {
        "start" : 1600250660158,
        "stop" : 1600250660196,
        "duration" : 38
      }
    } ]
  },
  "1bcd21daa2489ac48230df8b05a0449a" : {
    "statistic" : {
      "failed" : 0,
      "broken" : 0,
      "skipped" : 0,
      "passed" : 1,
      "unknown" : 0,
      "total" : 1
    },
    "items" : [ {
      "uid" : "9fb46914b9786b29",
      "status" : "passed",
      "time" : {
        "start" : 1600250655763,
        "stop" : 1600250655809,
        "duration" : 46
      }
    } ]
  },
  "eb539ac2237ba16402316efafe26e5b2" : {
    "statistic" : {
      "failed" : 0,
      "broken" : 0,
      "skipped" : 0,
      "passed" : 1,
      "unknown" : 0,
      "total" : 1
    },
    "items" : [ {
      "uid" : "207953ac481e4f6c",
      "status" : "passed",
      "time" : {
        "start" : 1600250645323,
        "stop" : 1600250645382,
        "duration" : 59
      }
    } ]
  },
  "560a3007426a34db2485f0129944397c" : {
    "statistic" : {
      "failed" : 0,
      "broken" : 0,
      "skipped" : 0,
      "passed" : 1,
      "unknown" : 0,
      "total" : 1
    },
    "items" : [ {
      "uid" : "7de734b2890ebf48",
      "status" : "passed",
      "time" : {
        "start" : 1600250662078,
        "stop" : 1600250662186,
        "duration" : 108
      }
    } ]
  },
  "05c154f1e003240df14b65a0870e9785" : {
    "statistic" : {
      "failed" : 0,
      "broken" : 0,
      "skipped" : 0,
      "passed" : 1,
      "unknown" : 0,
      "total" : 1
    },
    "items" : [ {
      "uid" : "db7abf2269cd3f61",
      "status" : "passed",
      "time" : {
        "start" : 1600250650076,
        "stop" : 1600250650131,
        "duration" : 55
      }
    } ]
  },
  "09e0dcb311e0756b1a7893702294d4e2" : {
    "statistic" : {
      "failed" : 0,
      "broken" : 0,
      "skipped" : 0,
      "passed" : 1,
      "unknown" : 0,
      "total" : 1
    },
    "items" : [ {
      "uid" : "9edc4fdd05829368",
      "status" : "passed",
      "time" : {
        "start" : 1600250651129,
        "stop" : 1600250651167,
        "duration" : 38
      }
    } ]
  },
  "463caf573a0044c6fb1428ee6ad02a1c" : {
    "statistic" : {
      "failed" : 0,
      "broken" : 0,
      "skipped" : 0,
      "passed" : 1,
      "unknown" : 0,
      "total" : 1
    },
    "items" : [ {
      "uid" : "15a3cca907b0c41e",
      "status" : "passed",
      "time" : {
        "start" : 1600250656743,
        "stop" : 1600250656791,
        "duration" : 48
      }
    } ]
  },
  "3d1d2e6eca2567bf0987bbc12e7ddbe1" : {
    "statistic" : {
      "failed" : 0,
      "broken" : 0,
      "skipped" : 0,
      "passed" : 1,
      "unknown" : 0,
      "total" : 1
    },
    "items" : [ {
      "uid" : "626612f6d53e32c5",
      "status" : "passed",
      "time" : {
        "start" : 1600250660810,
        "stop" : 1600250660868,
        "duration" : 58
      }
    } ]
  },
  "efcdd34249266a42304c133a2404dcb7" : {
    "statistic" : {
      "failed" : 0,
      "broken" : 0,
      "skipped" : 0,
      "passed" : 1,
      "unknown" : 0,
      "total" : 1
    },
    "items" : [ {
      "uid" : "458e5a9f315b2dab",
      "status" : "passed",
      "time" : {
        "start" : 1600250659840,
        "stop" : 1600250659876,
        "duration" : 36
      }
    } ]
  },
  "392db115f8a4596aa27b95c5972f9b32" : {
    "statistic" : {
      "failed" : 0,
      "broken" : 0,
      "skipped" : 0,
      "passed" : 1,
      "unknown" : 0,
      "total" : 1
    },
    "items" : [ {
      "uid" : "9469b9a4d807862",
      "status" : "passed",
      "time" : {
        "start" : 1600250630878,
        "stop" : 1600250630999,
        "duration" : 121
      }
    } ]
  },
  "939f9be75ecdb56c5db4ca3f4deacd95" : {
    "statistic" : {
      "failed" : 0,
      "broken" : 0,
      "skipped" : 0,
      "passed" : 1,
      "unknown" : 0,
      "total" : 1
    },
    "items" : [ {
      "uid" : "5f2658848fd8f0af",
      "status" : "passed",
      "time" : {
        "start" : 1600250665625,
        "stop" : 1600250665664,
        "duration" : 39
      }
    } ]
  },
  "eac6159e0f21c1b05773faa2ec4603ad" : {
    "statistic" : {
      "failed" : 0,
      "broken" : 0,
      "skipped" : 0,
      "passed" : 1,
      "unknown" : 0,
      "total" : 1
    },
    "items" : [ {
      "uid" : "e1eba2fe8c74ac73",
      "status" : "passed",
      "time" : {
        "start" : 1600250660872,
        "stop" : 1600250660921,
        "duration" : 49
      }
    } ]
  },
  "48ad104f4b887e43e4bc0ad421aa56e8" : {
    "statistic" : {
      "failed" : 0,
      "broken" : 0,
      "skipped" : 0,
      "passed" : 1,
      "unknown" : 0,
      "total" : 1
    },
    "items" : [ {
      "uid" : "951f89aabc1e2c3a",
      "status" : "passed",
      "time" : {
        "start" : 1600250665377,
        "stop" : 1600250665439,
        "duration" : 62
      }
    } ]
  },
  "04761ee927b492673dfc0d107207ad97" : {
    "statistic" : {
      "failed" : 0,
      "broken" : 0,
      "skipped" : 0,
      "passed" : 1,
      "unknown" : 0,
      "total" : 1
    },
    "items" : [ {
      "uid" : "c576a77cab3b7896",
      "status" : "passed",
      "time" : {
        "start" : 1600250661144,
        "stop" : 1600250661236,
        "duration" : 92
      }
    } ]
  },
  "7d61d5c8c67b9aa1779093bc6df12bd3" : {
    "statistic" : {
      "failed" : 0,
      "broken" : 0,
      "skipped" : 0,
      "passed" : 1,
      "unknown" : 0,
      "total" : 1
    },
    "items" : [ {
      "uid" : "2131d5315f1a1126",
      "status" : "passed",
      "time" : {
        "start" : 1600250634939,
        "stop" : 1600250634972,
        "duration" : 33
      }
    } ]
  },
  "d29ad576fbb93dcb9d2c21f082e3e990" : {
    "statistic" : {
      "failed" : 0,
      "broken" : 0,
      "skipped" : 0,
      "passed" : 1,
      "unknown" : 0,
      "total" : 1
    },
    "items" : [ {
      "uid" : "cdb65ff5f41b0967",
      "status" : "passed",
      "time" : {
        "start" : 1600250644936,
        "stop" : 1600250645002,
        "duration" : 66
      }
    } ]
  },
  "a20e1481ca21b7200ab313198d5ab23e" : {
    "statistic" : {
      "failed" : 0,
      "broken" : 0,
      "skipped" : 0,
      "passed" : 1,
      "unknown" : 0,
      "total" : 1
    },
    "items" : [ {
      "uid" : "77043b3e165e0dae",
      "status" : "passed",
      "time" : {
        "start" : 1600250658806,
        "stop" : 1600250658850,
        "duration" : 44
      }
    } ]
  },
  "09c9eeec63972c112e7e557eef866c0d" : {
    "statistic" : {
      "failed" : 0,
      "broken" : 0,
      "skipped" : 0,
      "passed" : 1,
      "unknown" : 0,
      "total" : 1
    },
    "items" : [ {
      "uid" : "b3749a8a82dc0cc5",
      "status" : "passed",
      "time" : {
        "start" : 1600250666206,
        "stop" : 1600250666253,
        "duration" : 47
      }
    } ]
  },
  "e4d40d2792dd7658651611b06918bc97" : {
    "statistic" : {
      "failed" : 0,
      "broken" : 0,
      "skipped" : 0,
      "passed" : 1,
      "unknown" : 0,
      "total" : 1
    },
    "items" : [ {
      "uid" : "210b8e93d43888b0",
      "status" : "passed",
      "time" : {
        "start" : 1600250629573,
        "stop" : 1600250629619,
        "duration" : 46
      }
    } ]
  },
  "defe89049a92b784b6877910f9080984" : {
    "statistic" : {
      "failed" : 0,
      "broken" : 0,
      "skipped" : 0,
      "passed" : 1,
      "unknown" : 0,
      "total" : 1
    },
    "items" : [ {
      "uid" : "53c8fb3a8bae95db",
      "status" : "passed",
      "time" : {
        "start" : 1600250631182,
        "stop" : 1600250631318,
        "duration" : 136
      }
    } ]
  },
  "8a6994bdb28810a6a0289434af61f1f3" : {
    "statistic" : {
      "failed" : 0,
      "broken" : 0,
      "skipped" : 0,
      "passed" : 1,
      "unknown" : 0,
      "total" : 1
    },
    "items" : [ {
      "uid" : "94cbd9165d9cc183",
      "status" : "passed",
      "time" : {
        "start" : 1600250667932,
        "stop" : 1600250667971,
        "duration" : 39
      }
    } ]
  },
  "5732bfa987909d668c082a7860eb46c1" : {
    "statistic" : {
      "failed" : 0,
      "broken" : 0,
      "skipped" : 0,
      "passed" : 1,
      "unknown" : 0,
      "total" : 1
    },
    "items" : [ {
      "uid" : "5d6fcf4a9863f361",
      "status" : "passed",
      "time" : {
        "start" : 1600250648561,
        "stop" : 1600250648616,
        "duration" : 55
      }
    } ]
  },
  "afced4ae5e2fd0e4992e89ce2187f375" : {
    "statistic" : {
      "failed" : 0,
      "broken" : 0,
      "skipped" : 0,
      "passed" : 1,
      "unknown" : 0,
      "total" : 1
    },
    "items" : [ {
      "uid" : "3b81aa321a73b394",
      "status" : "passed",
      "time" : {
        "start" : 1600250660201,
        "stop" : 1600250660249,
        "duration" : 48
      }
    } ]
  },
  "352270b336b472fbbfaf74b2616efa68" : {
    "statistic" : {
      "failed" : 0,
      "broken" : 0,
      "skipped" : 0,
      "passed" : 1,
      "unknown" : 0,
      "total" : 1
    },
    "items" : [ {
      "uid" : "fcfb0dc60518a4f3",
      "status" : "passed",
      "time" : {
        "start" : 1600250651090,
        "stop" : 1600250651125,
        "duration" : 35
      }
    } ]
  },
  "9d3271519e789f67c11a907e11ed0ad2" : {
    "statistic" : {
      "failed" : 0,
      "broken" : 0,
      "skipped" : 0,
      "passed" : 1,
      "unknown" : 0,
      "total" : 1
    },
    "items" : [ {
      "uid" : "fbd909f3b41433b2",
      "status" : "passed",
      "time" : {
        "start" : 1600250657196,
        "stop" : 1600250657375,
        "duration" : 179
      }
    } ]
  },
  "a43cbf0af5d3af0e1bda26614d7d2c98" : {
    "statistic" : {
      "failed" : 0,
      "broken" : 0,
      "skipped" : 0,
      "passed" : 1,
      "unknown" : 0,
      "total" : 1
    },
    "items" : [ {
      "uid" : "918ab4f98ea9ef98",
      "status" : "passed",
      "time" : {
        "start" : 1600250667503,
        "stop" : 1600250667608,
        "duration" : 105
      }
    } ]
  },
  "f968ccae3c1363b4b1d46256b4b36e16" : {
    "statistic" : {
      "failed" : 0,
      "broken" : 0,
      "skipped" : 0,
      "passed" : 1,
      "unknown" : 0,
      "total" : 1
    },
    "items" : [ {
      "uid" : "4153758d463cb8e8",
      "status" : "passed",
      "time" : {
        "start" : 1600250657442,
        "stop" : 1600250657493,
        "duration" : 51
      }
    } ]
  },
  "2d625e5aa3b14b3bafac3ea6570c7ba9" : {
    "statistic" : {
      "failed" : 0,
      "broken" : 0,
      "skipped" : 0,
      "passed" : 1,
      "unknown" : 0,
      "total" : 1
    },
    "items" : [ {
      "uid" : "71faa7d1806ec43b",
      "status" : "passed",
      "time" : {
        "start" : 1600250661723,
        "stop" : 1600250662012,
        "duration" : 289
      }
    } ]
  },
  "6f60e69b2711098b4652a581a7bd7632" : {
    "statistic" : {
      "failed" : 0,
      "broken" : 0,
      "skipped" : 0,
      "passed" : 1,
      "unknown" : 0,
      "total" : 1
    },
    "items" : [ {
      "uid" : "45167b618859b5c1",
      "status" : "passed",
      "time" : {
        "start" : 1600250630177,
        "stop" : 1600250630219,
        "duration" : 42
      }
    } ]
  },
  "96e8d2868673e1f680461881f6ac0e99" : {
    "statistic" : {
      "failed" : 0,
      "broken" : 0,
      "skipped" : 0,
      "passed" : 1,
      "unknown" : 0,
      "total" : 1
    },
    "items" : [ {
      "uid" : "465eda6e95c6fc6a",
      "status" : "passed",
      "time" : {
        "start" : 1600250661321,
        "stop" : 1600250661412,
        "duration" : 91
      }
    } ]
  },
  "c937ec162390137b834f8d7e9f800724" : {
    "statistic" : {
      "failed" : 0,
      "broken" : 0,
      "skipped" : 0,
      "passed" : 1,
      "unknown" : 0,
      "total" : 1
    },
    "items" : [ {
      "uid" : "e4e4731d717869da",
      "status" : "passed",
      "time" : {
        "start" : 1600250635519,
        "stop" : 1600250635564,
        "duration" : 45
      }
    } ]
  },
  "7ea8b3092ce9dd5abc4076515e3539ea" : {
    "statistic" : {
      "failed" : 0,
      "broken" : 0,
      "skipped" : 0,
      "passed" : 1,
      "unknown" : 0,
      "total" : 1
    },
    "items" : [ {
      "uid" : "1b92886bdf8e0f74",
      "status" : "passed",
      "time" : {
        "start" : 1600250661278,
        "stop" : 1600250661314,
        "duration" : 36
      }
    } ]
  },
  "da486faf28019ed31b6697daf3a35145" : {
    "statistic" : {
      "failed" : 0,
      "broken" : 0,
      "skipped" : 0,
      "passed" : 1,
      "unknown" : 0,
      "total" : 1
    },
    "items" : [ {
      "uid" : "ac71aa7dd6766a0f",
      "status" : "passed",
      "time" : {
        "start" : 1600250649653,
        "stop" : 1600250650072,
        "duration" : 419
      }
    } ]
  },
  "889ac5eb4adb910c65126f13769d9714" : {
    "statistic" : {
      "failed" : 0,
      "broken" : 0,
      "skipped" : 0,
      "passed" : 1,
      "unknown" : 0,
      "total" : 1
    },
    "items" : [ {
      "uid" : "1cc8f6421b0dc98",
      "status" : "passed",
      "time" : {
        "start" : 1600250657497,
        "stop" : 1600250657547,
        "duration" : 50
      }
    } ]
  },
  "0a5961ad5a2b8b37454e9d770907e5a5" : {
    "statistic" : {
      "failed" : 0,
      "broken" : 0,
      "skipped" : 0,
      "passed" : 1,
      "unknown" : 0,
      "total" : 1
    },
    "items" : [ {
      "uid" : "8db4cd7d1aa5909d",
      "status" : "passed",
      "time" : {
        "start" : 1600250647672,
        "stop" : 1600250647822,
        "duration" : 150
      }
    } ]
  },
  "d7c65eed0806c06677d1d3a98c306bf8" : {
    "statistic" : {
      "failed" : 0,
      "broken" : 0,
      "skipped" : 0,
      "passed" : 1,
      "unknown" : 0,
      "total" : 1
    },
    "items" : [ {
      "uid" : "ce000c2c8e3a2baf",
      "status" : "passed",
      "time" : {
        "start" : 1600250647826,
        "stop" : 1600250647869,
        "duration" : 43
      }
    } ]
  },
  "7fb557f397b056f9e02e437a9e15a503" : {
    "statistic" : {
      "failed" : 0,
      "broken" : 0,
      "skipped" : 0,
      "passed" : 1,
      "unknown" : 0,
      "total" : 1
    },
    "items" : [ {
      "uid" : "87ae6ac55ac4790f",
      "status" : "passed",
      "time" : {
        "start" : 1600250645392,
        "stop" : 1600250645454,
        "duration" : 62
      }
    } ]
  },
  "2f685305ee25ebc83a52380efb9317d1" : {
    "statistic" : {
      "failed" : 0,
      "broken" : 0,
      "skipped" : 0,
      "passed" : 1,
      "unknown" : 0,
      "total" : 1
    },
    "items" : [ {
      "uid" : "5d72ff054d362fc2",
      "status" : "passed",
      "time" : {
        "start" : 1600250667975,
        "stop" : 1600250668021,
        "duration" : 46
      }
    } ]
  },
  "98b0055b1eef57fd82843594fcedc642" : {
    "statistic" : {
      "failed" : 0,
      "broken" : 0,
      "skipped" : 0,
      "passed" : 1,
      "unknown" : 0,
      "total" : 1
    },
    "items" : [ {
      "uid" : "478bc2553abc5424",
      "status" : "passed",
      "time" : {
        "start" : 1600250650519,
        "stop" : 1600250650640,
        "duration" : 121
      }
    } ]
  },
  "f6e40fe16f8a4e11ef499ac89cbed568" : {
    "statistic" : {
      "failed" : 0,
      "broken" : 0,
      "skipped" : 0,
      "passed" : 1,
      "unknown" : 0,
      "total" : 1
    },
    "items" : [ {
      "uid" : "b6822a4d469b9342",
      "status" : "passed",
      "time" : {
        "start" : 1600250629624,
        "stop" : 1600250629668,
        "duration" : 44
      }
    } ]
  },
  "792c837fb00200afe134df67c2639e4b" : {
    "statistic" : {
      "failed" : 0,
      "broken" : 0,
      "skipped" : 0,
      "passed" : 1,
      "unknown" : 0,
      "total" : 1
    },
    "items" : [ {
      "uid" : "ecc94d8878daf970",
      "status" : "passed",
      "time" : {
        "start" : 1600250660743,
        "stop" : 1600250660807,
        "duration" : 64
      }
    } ]
  },
  "1bf42e505c28cb26834be1ecc4c20595" : {
    "statistic" : {
      "failed" : 0,
      "broken" : 0,
      "skipped" : 0,
      "passed" : 1,
      "unknown" : 0,
      "total" : 1
    },
    "items" : [ {
      "uid" : "ea3c2f1ed0c73175",
      "status" : "passed",
      "time" : {
        "start" : 1600250663952,
        "stop" : 1600250664112,
        "duration" : 160
      }
    } ]
  },
  "09e4ef1ea16d2c825e34471207bc82b1" : {
    "statistic" : {
      "failed" : 0,
      "broken" : 0,
      "skipped" : 0,
      "passed" : 1,
      "unknown" : 0,
      "total" : 1
    },
    "items" : [ {
      "uid" : "ce82a783115d88bb",
      "status" : "passed",
      "time" : {
        "start" : 1600250631327,
        "stop" : 1600250631641,
        "duration" : 314
      }
    } ]
  },
  "b8125563e5a8a6a99dfad3703ef39aa2" : {
    "statistic" : {
      "failed" : 0,
      "broken" : 0,
      "skipped" : 0,
      "passed" : 1,
      "unknown" : 0,
      "total" : 1
    },
    "items" : [ {
      "uid" : "e08a4c26fb846bf5",
      "status" : "passed",
      "time" : {
        "start" : 1600250658131,
        "stop" : 1600250658239,
        "duration" : 108
      }
    } ]
  },
  "1b63bd107334dde1195b3cc271602047" : {
    "statistic" : {
      "failed" : 0,
      "broken" : 0,
      "skipped" : 0,
      "passed" : 1,
      "unknown" : 0,
      "total" : 1
    },
    "items" : [ {
      "uid" : "6fd8fb89ca2ee95b",
      "status" : "passed",
      "time" : {
        "start" : 1600250645535,
        "stop" : 1600250645668,
        "duration" : 133
      }
    } ]
  },
  "9b59d2b8ab9711cac485c94be579d40a" : {
    "statistic" : {
      "failed" : 0,
      "broken" : 0,
      "skipped" : 0,
      "passed" : 1,
      "unknown" : 0,
      "total" : 1
    },
    "items" : [ {
      "uid" : "26b2e7fc6d96d091",
      "status" : "passed",
      "time" : {
        "start" : 1600250667784,
        "stop" : 1600250667879,
        "duration" : 95
      }
    } ]
  },
  "af7d25c0f739a153d4e37b6e803adc40" : {
    "statistic" : {
      "failed" : 0,
      "broken" : 0,
      "skipped" : 0,
      "passed" : 1,
      "unknown" : 0,
      "total" : 1
    },
    "items" : [ {
      "uid" : "ce28e400f2719670",
      "status" : "passed",
      "time" : {
        "start" : 1600250636005,
        "stop" : 1600250636044,
        "duration" : 39
      }
    } ]
  },
  "b2c8f398a70e1f950a6d890362263161" : {
    "statistic" : {
      "failed" : 0,
      "broken" : 0,
      "skipped" : 0,
      "passed" : 1,
      "unknown" : 0,
      "total" : 1
    },
    "items" : [ {
      "uid" : "ab5ad16c5c0295b6",
      "status" : "passed",
      "time" : {
        "start" : 1600250649081,
        "stop" : 1600250649134,
        "duration" : 53
      }
    } ]
  },
  "9ded090b27b80ca0b6427e37630990da" : {
    "statistic" : {
      "failed" : 0,
      "broken" : 0,
      "skipped" : 0,
      "passed" : 1,
      "unknown" : 0,
      "total" : 1
    },
    "items" : [ {
      "uid" : "1170321f1000e4a1",
      "status" : "passed",
      "time" : {
        "start" : 1600250665228,
        "stop" : 1600250665370,
        "duration" : 142
      }
    } ]
  },
  "2be7bbcc05ced1f2be1a08f6ec6d92e8" : {
    "statistic" : {
      "failed" : 0,
      "broken" : 0,
      "skipped" : 0,
      "passed" : 1,
      "unknown" : 0,
      "total" : 1
    },
    "items" : [ {
      "uid" : "4605f74b4915e421",
      "status" : "passed",
      "time" : {
        "start" : 1600250634169,
        "stop" : 1600250634226,
        "duration" : 57
      }
    } ]
  },
  "3af4fb2223bcfe0edf8e601768d2e74c" : {
    "statistic" : {
      "failed" : 0,
      "broken" : 0,
      "skipped" : 0,
      "passed" : 1,
      "unknown" : 0,
      "total" : 1
    },
    "items" : [ {
      "uid" : "2c041041aade8ef6",
      "status" : "passed",
      "time" : {
        "start" : 1600250630134,
        "stop" : 1600250630172,
        "duration" : 38
      }
    } ]
  },
  "cc24cbee1b2b996aacca9b6e104d47cd" : {
    "statistic" : {
      "failed" : 0,
      "broken" : 0,
      "skipped" : 0,
      "passed" : 1,
      "unknown" : 0,
      "total" : 1
    },
    "items" : [ {
      "uid" : "f963f5f61a0f69c6",
      "status" : "passed",
      "time" : {
        "start" : 1600250638503,
        "stop" : 1600250639031,
        "duration" : 528
      }
    } ]
  },
  "5129313ba69de1df045b724cd4f34793" : {
    "statistic" : {
      "failed" : 0,
      "broken" : 0,
      "skipped" : 0,
      "passed" : 1,
      "unknown" : 0,
      "total" : 1
    },
    "items" : [ {
      "uid" : "a3751e2fb58302b9",
      "status" : "passed",
      "time" : {
        "start" : 1600250664807,
        "stop" : 1600250665220,
        "duration" : 413
      }
    } ]
  },
  "71fe935867396bdf9a1507e954738b08" : {
    "statistic" : {
      "failed" : 0,
      "broken" : 0,
      "skipped" : 0,
      "passed" : 1,
      "unknown" : 0,
      "total" : 1
    },
    "items" : [ {
      "uid" : "d78424629afaba78",
      "status" : "passed",
      "time" : {
        "start" : 1600250636048,
        "stop" : 1600250636096,
        "duration" : 48
      }
    } ]
  },
  "c565868c992c18c2272156a74769d9ed" : {
    "statistic" : {
      "failed" : 0,
      "broken" : 0,
      "skipped" : 0,
      "passed" : 1,
      "unknown" : 0,
      "total" : 1
    },
    "items" : [ {
      "uid" : "5e650239739db4d9",
      "status" : "passed",
      "time" : {
        "start" : 1600250648673,
        "stop" : 1600250648714,
        "duration" : 41
      }
    } ]
  },
  "05c7c9efa395c75c3b865fe3ef767548" : {
    "statistic" : {
      "failed" : 0,
      "broken" : 0,
      "skipped" : 0,
      "passed" : 1,
      "unknown" : 0,
      "total" : 1
    },
    "items" : [ {
      "uid" : "5aeca57ae41cb391",
      "status" : "passed",
      "time" : {
        "start" : 1600250658716,
        "stop" : 1600250658761,
        "duration" : 45
      }
    } ]
  },
  "568b5a6e947d35fcc6adde166c71a9df" : {
    "statistic" : {
      "failed" : 0,
      "broken" : 0,
      "skipped" : 0,
      "passed" : 1,
      "unknown" : 0,
      "total" : 1
    },
    "items" : [ {
      "uid" : "6ca7753fd14895de",
      "status" : "passed",
      "time" : {
        "start" : 1600250629675,
        "stop" : 1600250629719,
        "duration" : 44
      }
    } ]
  },
  "bb06ff082d3ce124caa6acbed37737d2" : {
    "statistic" : {
      "failed" : 0,
      "broken" : 0,
      "skipped" : 0,
      "passed" : 1,
      "unknown" : 0,
      "total" : 1
    },
    "items" : [ {
      "uid" : "985dba99d9ee0a9e",
      "status" : "passed",
      "time" : {
        "start" : 1600250667882,
        "stop" : 1600250667928,
        "duration" : 46
      }
    } ]
  },
  "e4e513017e185a690c64cb9a0b017a7b" : {
    "statistic" : {
      "failed" : 0,
      "broken" : 0,
      "skipped" : 0,
      "passed" : 1,
      "unknown" : 0,
      "total" : 1
    },
    "items" : [ {
      "uid" : "5cfdd03da64157aa",
      "status" : "passed",
      "time" : {
        "start" : 1600250637200,
        "stop" : 1600250637321,
        "duration" : 121
      }
    } ]
  },
  "ad63a11bb91821296a49e758afb99d66" : {
    "statistic" : {
      "failed" : 0,
      "broken" : 0,
      "skipped" : 0,
      "passed" : 1,
      "unknown" : 0,
      "total" : 1
    },
    "items" : [ {
      "uid" : "a11347cc7711b575",
      "status" : "passed",
      "time" : {
        "start" : 1600250657060,
        "stop" : 1600250657191,
        "duration" : 131
      }
    } ]
  },
  "508cbb5f260ceeb955209dcb178ce50e" : {
    "statistic" : {
      "failed" : 0,
      "broken" : 0,
      "skipped" : 0,
      "passed" : 1,
      "unknown" : 0,
      "total" : 1
    },
    "items" : [ {
      "uid" : "3cb9ba2153b06970",
      "status" : "passed",
      "time" : {
        "start" : 1600250656797,
        "stop" : 1600250656852,
        "duration" : 55
      }
    } ]
  },
  "9ab7fd5063445d7bc9c380eb1db47f3a" : {
    "statistic" : {
      "failed" : 0,
      "broken" : 0,
      "skipped" : 0,
      "passed" : 1,
      "unknown" : 0,
      "total" : 1
    },
    "items" : [ {
      "uid" : "d756e2daf8b5d014",
      "status" : "passed",
      "time" : {
        "start" : 1600250659611,
        "stop" : 1600250659683,
        "duration" : 72
      }
    } ]
  },
  "2cbe50418e82fa7783905f457f2b2ae4" : {
    "statistic" : {
      "failed" : 0,
      "broken" : 0,
      "skipped" : 0,
      "passed" : 1,
      "unknown" : 0,
      "total" : 1
    },
    "items" : [ {
      "uid" : "85d35296af79d6ff",
      "status" : "passed",
      "time" : {
        "start" : 1600250635260,
        "stop" : 1600250635292,
        "duration" : 32
      }
    } ]
  },
  "aa82b7df9dc43da691cfbf6ae3fe86f9" : {
    "statistic" : {
      "failed" : 0,
      "broken" : 0,
      "skipped" : 0,
      "passed" : 1,
      "unknown" : 0,
      "total" : 1
    },
    "items" : [ {
      "uid" : "abd62acd95495776",
      "status" : "passed",
      "time" : {
        "start" : 1600250660294,
        "stop" : 1600250660525,
        "duration" : 231
      }
    } ]
  },
  "6e08562fd668307b253824273769e906" : {
    "statistic" : {
      "failed" : 0,
      "broken" : 0,
      "skipped" : 0,
      "passed" : 1,
      "unknown" : 0,
      "total" : 1
    },
    "items" : [ {
      "uid" : "2248aede525dbacf",
      "status" : "passed",
      "time" : {
        "start" : 1600250649197,
        "stop" : 1600250649462,
        "duration" : 265
      }
    } ]
  },
  "ffc203868783a12083a90c846dc1d78c" : {
    "statistic" : {
      "failed" : 0,
      "broken" : 0,
      "skipped" : 0,
      "passed" : 1,
      "unknown" : 0,
      "total" : 1
    },
    "items" : [ {
      "uid" : "82d62049eaa619fb",
      "status" : "passed",
      "time" : {
        "start" : 1600250627847,
        "stop" : 1600250627896,
        "duration" : 49
      }
    } ]
  },
  "d89da8f2802483b5c53e8146f88de836" : {
    "statistic" : {
      "failed" : 0,
      "broken" : 0,
      "skipped" : 0,
      "passed" : 1,
      "unknown" : 0,
      "total" : 1
    },
    "items" : [ {
      "uid" : "7e3294718ac076a5",
      "status" : "passed",
      "time" : {
        "start" : 1600250662323,
        "stop" : 1600250662950,
        "duration" : 627
      }
    } ]
  },
  "44aa177dec0e07566e943e528d274543" : {
    "statistic" : {
      "failed" : 0,
      "broken" : 0,
      "skipped" : 0,
      "passed" : 1,
      "unknown" : 0,
      "total" : 1
    },
    "items" : [ {
      "uid" : "59786378cca21bcf",
      "status" : "passed",
      "time" : {
        "start" : 1600250630728,
        "stop" : 1600250630870,
        "duration" : 142
      }
    } ]
  },
  "864efe407b197e31e7b0a14affad65ba" : {
    "statistic" : {
      "failed" : 0,
      "broken" : 0,
      "skipped" : 0,
      "passed" : 1,
      "unknown" : 0,
      "total" : 1
    },
    "items" : [ {
      "uid" : "c9f2e2ea77f39d02",
      "status" : "passed",
      "time" : {
        "start" : 1600250667436,
        "stop" : 1600250667493,
        "duration" : 57
      }
    } ]
  },
  "1380c008539711debcec4415c126f6ad" : {
    "statistic" : {
      "failed" : 0,
      "broken" : 0,
      "skipped" : 0,
      "passed" : 1,
      "unknown" : 0,
      "total" : 1
    },
    "items" : [ {
      "uid" : "136bdbccd693c7d6",
      "status" : "passed",
      "time" : {
        "start" : 1600250646942,
        "stop" : 1600250647078,
        "duration" : 136
      }
    } ]
  },
  "95c8690c7dd95c67ede479e144354a3b" : {
    "statistic" : {
      "failed" : 0,
      "broken" : 0,
      "skipped" : 0,
      "passed" : 1,
      "unknown" : 0,
      "total" : 1
    },
    "items" : [ {
      "uid" : "8af81b68c04ae05d",
      "status" : "passed",
      "time" : {
        "start" : 1600250667261,
        "stop" : 1600250667305,
        "duration" : 44
      }
    } ]
  },
  "8b63ac61425f7c930ddc330dcda08794" : {
    "statistic" : {
      "failed" : 0,
      "broken" : 0,
      "skipped" : 0,
      "passed" : 1,
      "unknown" : 0,
      "total" : 1
    },
    "items" : [ {
      "uid" : "e4f60f62a90742b2",
      "status" : "passed",
      "time" : {
        "start" : 1600250660530,
        "stop" : 1600250660576,
        "duration" : 46
      }
    } ]
  },
  "9f1549dbdf6ca57663d92de2fdfaa9f2" : {
    "statistic" : {
      "failed" : 0,
      "broken" : 0,
      "skipped" : 0,
      "passed" : 1,
      "unknown" : 0,
      "total" : 1
    },
    "items" : [ {
      "uid" : "940d9625faee7543",
      "status" : "passed",
      "time" : {
        "start" : 1600250667613,
        "stop" : 1600250667734,
        "duration" : 121
      }
    } ]
  },
  "07515fab419be8e7256e81d795a71315" : {
    "statistic" : {
      "failed" : 0,
      "broken" : 0,
      "skipped" : 0,
      "passed" : 1,
      "unknown" : 0,
      "total" : 1
    },
    "items" : [ {
      "uid" : "ecd8391937625c9d",
      "status" : "passed",
      "time" : {
        "start" : 1600250631647,
        "stop" : 1600250631770,
        "duration" : 123
      }
    } ]
  },
  "6b6435fd8b650729624c43e3709cbe8b" : {
    "statistic" : {
      "failed" : 0,
      "broken" : 0,
      "skipped" : 0,
      "passed" : 1,
      "unknown" : 0,
      "total" : 1
    },
    "items" : [ {
      "uid" : "1044dc292fa911d8",
      "status" : "passed",
      "time" : {
        "start" : 1600250657380,
        "stop" : 1600250657436,
        "duration" : 56
      }
    } ]
  },
  "c7e0d82e51a15b178c9471a54bb47b38" : {
    "statistic" : {
      "failed" : 0,
      "broken" : 0,
      "skipped" : 0,
      "passed" : 1,
      "unknown" : 0,
      "total" : 1
    },
    "items" : [ {
      "uid" : "18cde3e715ef6c3b",
      "status" : "passed",
      "time" : {
        "start" : 1600250658673,
        "stop" : 1600250658713,
        "duration" : 40
      }
    } ]
  },
  "6417295220ef234851787b1555798d4c" : {
    "statistic" : {
      "failed" : 0,
      "broken" : 0,
      "skipped" : 0,
      "passed" : 1,
      "unknown" : 0,
      "total" : 1
    },
    "items" : [ {
      "uid" : "a18dbb5836df9aa5",
      "status" : "passed",
      "time" : {
        "start" : 1600250631011,
        "stop" : 1600250631172,
        "duration" : 161
      }
    } ]
  },
  "217674b3d9df47a477141a2a6ec82e4d" : {
    "statistic" : {
      "failed" : 0,
      "broken" : 0,
      "skipped" : 0,
      "passed" : 1,
      "unknown" : 0,
      "total" : 1
    },
    "items" : [ {
      "uid" : "377dc37dfb48c711",
      "status" : "passed",
      "time" : {
        "start" : 1600250640551,
        "stop" : 1600250640866,
        "duration" : 315
      }
    } ]
  },
  "9fb0c32ae846861bb24e68c801d04d07" : {
    "statistic" : {
      "failed" : 0,
      "broken" : 0,
      "skipped" : 0,
      "passed" : 1,
      "unknown" : 0,
      "total" : 1
    },
    "items" : [ {
      "uid" : "829751e61414eb5d",
      "status" : "passed",
      "time" : {
        "start" : 1600250650135,
        "stop" : 1600250650204,
        "duration" : 69
      }
    } ]
  },
  "7164dd48eb9c250eeabcb1b17d7e832d" : {
    "statistic" : {
      "failed" : 0,
      "broken" : 0,
      "skipped" : 0,
      "passed" : 1,
      "unknown" : 0,
      "total" : 1
    },
    "items" : [ {
      "uid" : "fae95ab20e41151f",
      "status" : "passed",
      "time" : {
        "start" : 1600250664696,
        "stop" : 1600250664740,
        "duration" : 44
      }
    } ]
  },
  "2178dba174e7e656bbeaaa50ff2655cb" : {
    "statistic" : {
      "failed" : 0,
      "broken" : 0,
      "skipped" : 0,
      "passed" : 1,
      "unknown" : 0,
      "total" : 1
    },
    "items" : [ {
      "uid" : "17aa46255c5273cd",
      "status" : "passed",
      "time" : {
        "start" : 1600250663351,
        "stop" : 1600250663516,
        "duration" : 165
      }
    } ]
  },
  "02651733a16da3608e17e52fc1738541" : {
    "statistic" : {
      "failed" : 0,
      "broken" : 0,
      "skipped" : 0,
      "passed" : 1,
      "unknown" : 0,
      "total" : 1
    },
    "items" : [ {
      "uid" : "98c902947ba25278",
      "status" : "passed",
      "time" : {
        "start" : 1600250656681,
        "stop" : 1600250656737,
        "duration" : 56
      }
    } ]
  },
  "e2a2a3bf6b7e93433727b703baeb608f" : {
    "statistic" : {
      "failed" : 0,
      "broken" : 0,
      "skipped" : 0,
      "passed" : 1,
      "unknown" : 0,
      "total" : 1
    },
    "items" : [ {
      "uid" : "cf3ad9997c86305d",
      "status" : "passed",
      "time" : {
        "start" : 1600250662956,
        "stop" : 1600250663343,
        "duration" : 387
      }
    } ]
  },
  "4a009ecc0d77e78fc234a4404ac2b532" : {
    "statistic" : {
      "failed" : 0,
      "broken" : 0,
      "skipped" : 0,
      "passed" : 1,
      "unknown" : 0,
      "total" : 1
    },
    "items" : [ {
      "uid" : "e82da2d19c9c21f8",
      "status" : "passed",
      "time" : {
        "start" : 1600250655516,
        "stop" : 1600250655749,
        "duration" : 233
      }
    } ]
  },
  "9da06efa66e2587c21e5459dda6d15ba" : {
    "statistic" : {
      "failed" : 0,
      "broken" : 0,
      "skipped" : 0,
      "passed" : 1,
      "unknown" : 0,
      "total" : 1
    },
    "items" : [ {
      "uid" : "340baf725d4cd868",
      "status" : "passed",
      "time" : {
        "start" : 1600250666460,
        "stop" : 1600250666499,
        "duration" : 39
      }
    } ]
  },
  "2151324f0ac0c2b6b4b6954d0852fc6b" : {
    "statistic" : {
      "failed" : 0,
      "broken" : 0,
      "skipped" : 0,
      "passed" : 1,
      "unknown" : 0,
      "total" : 1
    },
    "items" : [ {
      "uid" : "8f1f3872e13cf0f3",
      "status" : "passed",
      "time" : {
        "start" : 1600250663595,
        "stop" : 1600250663647,
        "duration" : 52
      }
    } ]
  },
  "6132089228c4029c29684b716c2a46e2" : {
    "statistic" : {
      "failed" : 0,
      "broken" : 0,
      "skipped" : 0,
      "passed" : 1,
      "unknown" : 0,
      "total" : 1
    },
    "items" : [ {
      "uid" : "8d2d4d33fd1184ff",
      "status" : "passed",
      "time" : {
        "start" : 1600250641780,
        "stop" : 1600250642148,
        "duration" : 368
      }
    } ]
  },
  "a980d0da1d109073725c8c5c6c2c8698" : {
    "statistic" : {
      "failed" : 0,
      "broken" : 0,
      "skipped" : 0,
      "passed" : 1,
      "unknown" : 0,
      "total" : 1
    },
    "items" : [ {
      "uid" : "ebc6805ba0fbfd8e",
      "status" : "passed",
      "time" : {
        "start" : 1600250634056,
        "stop" : 1600250634164,
        "duration" : 108
      }
    } ]
  },
  "b1a73e4406ec4584c144ef7b3a4293b2" : {
    "statistic" : {
      "failed" : 0,
      "broken" : 0,
      "skipped" : 0,
      "passed" : 1,
      "unknown" : 0,
      "total" : 1
    },
    "items" : [ {
      "uid" : "26a98ed2d1a75691",
      "status" : "passed",
      "time" : {
        "start" : 1600250661558,
        "stop" : 1600250661717,
        "duration" : 159
      }
    } ]
  },
  "05b28fb4a637d0fbe6c1cf7e2f9c4bba" : {
    "statistic" : {
      "failed" : 0,
      "broken" : 0,
      "skipped" : 0,
      "passed" : 1,
      "unknown" : 0,
      "total" : 1
    },
    "items" : [ {
      "uid" : "c73a8c2b5e475bdb",
      "status" : "passed",
      "time" : {
        "start" : 1600250658523,
        "stop" : 1600250658564,
        "duration" : 41
      }
    } ]
  },
  "02685a9ee8a3c230042d54d1dc4a7fce" : {
    "statistic" : {
      "failed" : 0,
      "broken" : 0,
      "skipped" : 0,
      "passed" : 1,
      "unknown" : 0,
      "total" : 1
    },
    "items" : [ {
      "uid" : "f2404775a2eda377",
      "status" : "passed",
      "time" : {
        "start" : 1600250636468,
        "stop" : 1600250636527,
        "duration" : 59
      }
    } ]
  },
  "da61f2fc6c7af7369863c4a64a205902" : {
    "statistic" : {
      "failed" : 0,
      "broken" : 0,
      "skipped" : 0,
      "passed" : 1,
      "unknown" : 0,
      "total" : 1
    },
    "items" : [ {
      "uid" : "9623d8679751c47a",
      "status" : "passed",
      "time" : {
        "start" : 1600250634269,
        "stop" : 1600250634458,
        "duration" : 189
      }
    } ]
  },
  "2889c6f08ee7fca631f152be98258cf7" : {
    "statistic" : {
      "failed" : 0,
      "broken" : 0,
      "skipped" : 0,
      "passed" : 1,
      "unknown" : 0,
      "total" : 1
    },
    "items" : [ {
      "uid" : "471c58193ef376db",
      "status" : "passed",
      "time" : {
        "start" : 1600250635027,
        "stop" : 1600250635081,
        "duration" : 54
      }
    } ]
  },
  "95cdbbd463817f3500cde52621bc617f" : {
    "statistic" : {
      "failed" : 0,
      "broken" : 0,
      "skipped" : 0,
      "passed" : 1,
      "unknown" : 0,
      "total" : 1
    },
    "items" : [ {
      "uid" : "43788509dbca044b",
      "status" : "passed",
      "time" : {
        "start" : 1600250666261,
        "stop" : 1600250666316,
        "duration" : 55
      }
    } ]
  },
  "fd3783957a460d6eeb3614973db987e5" : {
    "statistic" : {
      "failed" : 0,
      "broken" : 0,
      "skipped" : 0,
      "passed" : 1,
      "unknown" : 0,
      "total" : 1
    },
    "items" : [ {
      "uid" : "492cbcb132b1755",
      "status" : "passed",
      "time" : {
        "start" : 1600250660674,
        "stop" : 1600250660737,
        "duration" : 63
      }
    } ]
  },
  "a703b207595d9abf36f2784776c56d00" : {
    "statistic" : {
      "failed" : 0,
      "broken" : 0,
      "skipped" : 0,
      "passed" : 1,
      "unknown" : 0,
      "total" : 1
    },
    "items" : [ {
      "uid" : "97363b4d3f007140",
      "status" : "passed",
      "time" : {
        "start" : 1600250663861,
        "stop" : 1600250663904,
        "duration" : 43
      }
    } ]
  },
  "506cb42e5d884bec8dadc6b1a9d82788" : {
    "statistic" : {
      "failed" : 0,
      "broken" : 0,
      "skipped" : 0,
      "passed" : 1,
      "unknown" : 0,
      "total" : 1
    },
    "items" : [ {
      "uid" : "6de44751321e8c24",
      "status" : "passed",
      "time" : {
        "start" : 1600250661032,
        "stop" : 1600250661131,
        "duration" : 99
      }
    } ]
  },
  "cf0b10a34579c9a2fd74d87d18dbdfa4" : {
    "statistic" : {
      "failed" : 0,
      "broken" : 0,
      "skipped" : 0,
      "passed" : 1,
      "unknown" : 0,
      "total" : 1
    },
    "items" : [ {
      "uid" : "f2542d1100af8dad",
      "status" : "passed",
      "time" : {
        "start" : 1600250666321,
        "stop" : 1600250666406,
        "duration" : 85
      }
    } ]
  },
  "1b5e45d3d9c346c0b41a89052c88c728" : {
    "statistic" : {
      "failed" : 0,
      "broken" : 0,
      "skipped" : 0,
      "passed" : 1,
      "unknown" : 0,
      "total" : 1
    },
    "items" : [ {
      "uid" : "c33961475bcccba7",
      "status" : "passed",
      "time" : {
        "start" : 1600250655827,
        "stop" : 1600250656676,
        "duration" : 849
      }
    } ]
  },
  "d602e94a88d5cce9e885efe1d9227fb8" : {
    "statistic" : {
      "failed" : 0,
      "broken" : 0,
      "skipped" : 0,
      "passed" : 1,
      "unknown" : 0,
      "total" : 1
    },
    "items" : [ {
      "uid" : "631efaddcb94a17a",
      "status" : "passed",
      "time" : {
        "start" : 1600250629846,
        "stop" : 1600250630022,
        "duration" : 176
      }
    } ]
  },
  "d2935f1f26894eb72e1e42c39899ad94" : {
    "statistic" : {
      "failed" : 0,
      "broken" : 0,
      "skipped" : 0,
      "passed" : 1,
      "unknown" : 0,
      "total" : 1
    },
    "items" : [ {
      "uid" : "e9146b9672538fc8",
      "status" : "passed",
      "time" : {
        "start" : 1600250644843,
        "stop" : 1600250644887,
        "duration" : 44
      }
    } ]
  },
  "5babd135ca7c5fc56fff8d0ae549f0f5" : {
    "statistic" : {
      "failed" : 0,
      "broken" : 0,
      "skipped" : 0,
      "passed" : 1,
      "unknown" : 0,
      "total" : 1
    },
    "items" : [ {
      "uid" : "ae4705c6eefd433d",
      "status" : "passed",
      "time" : {
        "start" : 1600250630026,
        "stop" : 1600250630076,
        "duration" : 50
      }
    } ]
  },
  "efbb4785711bdc5dd97759e8ccbddda6" : {
    "statistic" : {
      "failed" : 0,
      "broken" : 0,
      "skipped" : 0,
      "passed" : 1,
      "unknown" : 0,
      "total" : 1
    },
    "items" : [ {
      "uid" : "57a23172787a9094",
      "status" : "passed",
      "time" : {
        "start" : 1600250639465,
        "stop" : 1600250640536,
        "duration" : 1071
      }
    } ]
  },
  "57a83c73c1364be45477eaec3c06d14c" : {
    "statistic" : {
      "failed" : 0,
      "broken" : 0,
      "skipped" : 0,
      "passed" : 1,
      "unknown" : 0,
      "total" : 1
    },
    "items" : [ {
      "uid" : "758dd9bd9a77405d",
      "status" : "passed",
      "time" : {
        "start" : 1600250651172,
        "stop" : 1600250651211,
        "duration" : 39
      }
    } ]
  },
  "8ff651f10f7818f486f1e1beb202d84c" : {
    "statistic" : {
      "failed" : 0,
      "broken" : 0,
      "skipped" : 0,
      "passed" : 1,
      "unknown" : 0,
      "total" : 1
    },
    "items" : [ {
      "uid" : "f89a97918e2d8987",
      "status" : "passed",
      "time" : {
        "start" : 1600250642554,
        "stop" : 1600250642599,
        "duration" : 45
      }
    } ]
  },
  "cb6431f4ac745baeecdccd27cb6fab86" : {
    "statistic" : {
      "failed" : 0,
      "broken" : 0,
      "skipped" : 0,
      "passed" : 1,
      "unknown" : 0,
      "total" : 1
    },
    "items" : [ {
      "uid" : "51eebb73cd6d0b53",
      "status" : "passed",
      "time" : {
        "start" : 1600250641102,
        "stop" : 1600250641135,
        "duration" : 33
      }
    } ]
  },
  "2250a31d0e9bb8ce9de6fda6929cd290" : {
    "statistic" : {
      "failed" : 0,
      "broken" : 0,
      "skipped" : 0,
      "passed" : 1,
      "unknown" : 0,
      "total" : 1
    },
    "items" : [ {
      "uid" : "c6400a7e0ea40bf1",
      "status" : "passed",
      "time" : {
        "start" : 1600250625951,
        "stop" : 1600250626873,
        "duration" : 922
      }
    } ]
  },
  "1b10f8a1da714244507ce44c698211a4" : {
    "statistic" : {
      "failed" : 0,
      "broken" : 0,
      "skipped" : 0,
      "passed" : 1,
      "unknown" : 0,
      "total" : 1
    },
    "items" : [ {
      "uid" : "7efec95c074101d2",
      "status" : "passed",
      "time" : {
        "start" : 1600250659325,
        "stop" : 1600250659366,
        "duration" : 41
      }
    } ]
  },
  "8f3db36d6d38d9176417cc31de11ba8a" : {
    "statistic" : {
      "failed" : 0,
      "broken" : 0,
      "skipped" : 0,
      "passed" : 1,
      "unknown" : 0,
      "total" : 1
    },
    "items" : [ {
      "uid" : "a05dfdd2993fecca",
      "status" : "passed",
      "time" : {
        "start" : 1600250650209,
        "stop" : 1600250650252,
        "duration" : 43
      }
    } ]
  },
  "2f08ec889914fe96c8a7dc0b39629efa" : {
    "statistic" : {
      "failed" : 0,
      "broken" : 0,
      "skipped" : 0,
      "passed" : 1,
      "unknown" : 0,
      "total" : 1
    },
    "items" : [ {
      "uid" : "516f4ce290e0ca3c",
      "status" : "passed",
      "time" : {
        "start" : 1600250661243,
        "stop" : 1600250661273,
        "duration" : 30
      }
    } ]
  },
  "785b882c01d2ef8bd4ce1a55e2ed9ba4" : {
    "statistic" : {
      "failed" : 0,
      "broken" : 0,
      "skipped" : 0,
      "passed" : 1,
      "unknown" : 0,
      "total" : 1
    },
    "items" : [ {
      "uid" : "87c035c844974c41",
      "status" : "passed",
      "time" : {
        "start" : 1600250627686,
        "stop" : 1600250627718,
        "duration" : 32
      }
    } ]
  },
  "b2a5a98a162c9e7bc942fa26e5c2a1de" : {
    "statistic" : {
      "failed" : 0,
      "broken" : 0,
      "skipped" : 0,
      "passed" : 1,
      "unknown" : 0,
      "total" : 1
    },
    "items" : [ {
      "uid" : "820062c050dd14f0",
      "status" : "passed",
      "time" : {
        "start" : 1600250637326,
        "stop" : 1600250637393,
        "duration" : 67
      }
    } ]
  },
  "a82ae4c80e8341067e7cf6e2092c09fe" : {
    "statistic" : {
      "failed" : 0,
      "broken" : 0,
      "skipped" : 0,
      "passed" : 1,
      "unknown" : 0,
      "total" : 1
    },
    "items" : [ {
      "uid" : "70752cd2978060c1",
      "status" : "passed",
      "time" : {
        "start" : 1600250630083,
        "stop" : 1600250630128,
        "duration" : 45
      }
    } ]
  },
  "2302cd0d898928fbd85b63b042f8a4d0" : {
    "statistic" : {
      "failed" : 0,
      "broken" : 0,
      "skipped" : 0,
      "passed" : 1,
      "unknown" : 0,
      "total" : 1
    },
    "items" : [ {
      "uid" : "6a4a8581918ee457",
      "status" : "passed",
      "time" : {
        "start" : 1600250664332,
        "stop" : 1600250664645,
        "duration" : 313
      }
    } ]
  }
}