"Status","Start Time","Stop Time","Duration in ms","Parent Suite","Suite","Sub Suite","Test Class","Test Method","Name","Description"
"passed","Wed Sep 16 18:35:55 CST 2020","Wed Sep 16 18:35:55 CST 2020","154","testcases","test_user","TestUser","","","校验获取个性装扮，校验返回内容的数据结构",""
"passed","Wed Sep 16 18:35:51 CST 2020","Wed Sep 16 18:35:51 CST 2020","82","testcases","test_user","TestUser","","","校验获取我的消息开关，校验返回内容的数据结构",""
"passed","Wed Sep 16 18:35:52 CST 2020","Wed Sep 16 18:35:52 CST 2020","131","testcases","test_user","TestUser","","","校验获取我关注的用户列表，校验返回内容的数据结构",""
"passed","Wed Sep 16 18:35:56 CST 2020","Wed Sep 16 18:35:56 CST 2020","29","testcases","test_user","TestUser","","","校验检查用户运气值，校验返回内容的数据结构",""
"passed","Wed Sep 16 18:35:52 CST 2020","Wed Sep 16 18:35:52 CST 2020","254","testcases","test_user","TestUser","","","校验修改用户信息，校验返回内容的数据结构",""
"passed","Wed Sep 16 18:35:55 CST 2020","Wed Sep 16 18:35:56 CST 2020","337","testcases","test_user","TestUser","","","校验我关注的动态，校验返回内容的数据结构",""
"passed","Wed Sep 16 18:35:56 CST 2020","Wed Sep 16 18:35:56 CST 2020","45","testcases","test_user","TestUser","","","校验保存用户标签，校验返回内容的数据结构",""
"passed","Wed Sep 16 18:35:55 CST 2020","Wed Sep 16 18:35:55 CST 2020","29","testcases","test_user","TestUser","","","校验获取用户允许金钻抵消开关，校验返回内容的数据结构",""
"passed","Wed Sep 16 18:35:55 CST 2020","Wed Sep 16 18:35:55 CST 2020","37","testcases","test_user","TestUser","","","校验增加用户关注值，校验返回内容的数据结构",""
"passed","Wed Sep 16 18:35:52 CST 2020","Wed Sep 16 18:35:52 CST 2020","260","testcases","test_user","TestUser","","","校验获取我的粉丝列表，校验返回内容的数据结构",""
"passed","Wed Sep 16 18:35:55 CST 2020","Wed Sep 16 18:35:55 CST 2020","74","testcases","test_user","TestUser","","","校验获取关注圈用户详情，校验返回内容的数据结构",""
"passed","Wed Sep 16 18:35:52 CST 2020","Wed Sep 16 18:35:53 CST 2020","146","testcases","test_user","TestUser","","","校验修改用户头像，校验返回内容的数据结构",""
"passed","Wed Sep 16 18:35:54 CST 2020","Wed Sep 16 18:35:54 CST 2020","264","testcases","test_user","TestUser","","","校验获取他人主页信息，校验返回内容的数据结构",""
"passed","Wed Sep 16 18:35:54 CST 2020","Wed Sep 16 18:35:54 CST 2020","163","testcases","test_user","TestUser","","","校验获取第一个点赞与关注信息，校验返回内容的数据结构",""
"passed","Wed Sep 16 18:35:54 CST 2020","Wed Sep 16 18:35:54 CST 2020","227","testcases","test_user","TestUser","","","校验获取可能感兴趣的人，校验返回内容的数据结构",""
"passed","Wed Sep 16 18:35:54 CST 2020","Wed Sep 16 18:35:54 CST 2020","268","testcases","test_user","TestUser","","","校验获取触友主页面信息，校验返回内容的数据结构",""
"passed","Wed Sep 16 18:35:55 CST 2020","Wed Sep 16 18:35:55 CST 2020","339","testcases","test_user","TestUser","","","校验打赏用户，校验返回内容的数据结构",""
"passed","Wed Sep 16 18:35:56 CST 2020","Wed Sep 16 18:35:56 CST 2020","37","testcases","test_user","TestUser","","","校验获取个性装扮banner，校验返回内容的数据结构",""
"passed","Wed Sep 16 18:35:52 CST 2020","Wed Sep 16 18:35:52 CST 2020","107","testcases","test_user","TestUser","","","校验获取我的信息，校验返回内容的数据结构",""
"passed","Wed Sep 16 18:35:51 CST 2020","Wed Sep 16 18:35:52 CST 2020","37","testcases","test_user","TestUser","","","校验是否有新手引导，校验返回内容的数据结构",""
"passed","Wed Sep 16 18:35:52 CST 2020","Wed Sep 16 18:35:52 CST 2020","48","testcases","test_user","TestUser","","","校验获取手机绑定状态，校验返回内容的数据结构",""
"passed","Wed Sep 16 18:35:56 CST 2020","Wed Sep 16 18:35:56 CST 2020","30","testcases","test_user","TestUser","","","校验获取用户注册分流方案轮播，校验返回内容的数据结构",""
"passed","Wed Sep 16 18:35:53 CST 2020","Wed Sep 16 18:35:53 CST 2020","466","testcases","test_user","TestUser","","","校验获取订阅用户动态列表，校验返回内容的数据结构",""
"passed","Wed Sep 16 18:35:55 CST 2020","Wed Sep 16 18:35:55 CST 2020","69","testcases","test_user","TestUser","","","校验获取订阅用户详情，校验返回内容的数据结构",""
"passed","Wed Sep 16 18:35:52 CST 2020","Wed Sep 16 18:35:52 CST 2020","69","testcases","test_user","TestUser","","","校验获取我的功能列表，校验返回内容的数据结构",""
"passed","Wed Sep 16 18:35:55 CST 2020","Wed Sep 16 18:35:55 CST 2020","45","testcases","test_user","TestUser","","","校验设置我的消息开关，校验返回内容的数据结构",""
"passed","Wed Sep 16 18:35:55 CST 2020","Wed Sep 16 18:35:55 CST 2020","42","testcases","test_user","TestUser","","","校验批量关注对象，校验返回内容的数据结构",""
"passed","Wed Sep 16 18:35:56 CST 2020","Wed Sep 16 18:35:56 CST 2020","39","testcases","test_user","TestUser","","","校验添加不感兴趣的人，校验返回内容的数据结构",""
"passed","Wed Sep 16 18:35:56 CST 2020","Wed Sep 16 18:35:56 CST 2020","43","testcases","test_user","TestUser","","","校验获取用户相关状态，校验返回内容的数据结构",""
"passed","Wed Sep 16 18:35:53 CST 2020","Wed Sep 16 18:35:54 CST 2020","464","testcases","test_user","TestUser","","","校验获取我的动态列表，校验返回内容的数据结构",""
"passed","Wed Sep 16 18:35:55 CST 2020","Wed Sep 16 18:35:55 CST 2020","30","testcases","test_user","TestUser","","","校验获取个性装扮分类，校验返回内容的数据结构",""
