{
  "uid" : "98d3104e051c652961429bf95fa0b5d6",
  "name" : "suites",
  "children" : [ {
    "name" : "testcases",
    "children" : [ {
      "name" : "test_user",
      "children" : [ {
        "name" : "TestUser",
        "children" : [ {
          "name" : "校验获取我的消息开关，校验返回内容的数据结构",
          "uid" : "d9903d988f9d0449",
          "parentUid" : "30d154c7d9286ac56f7632fb92279558",
          "status" : "passed",
          "time" : {
            "start" : 1600252551905,
            "stop" : 1600252551987,
            "duration" : 82
          },
          "flaky" : false,
          "newFailed" : false,
          "parameters" : [ "'json_schema/User/get_user_switch.json'" ]
        }, {
          "name" : "校验是否有新手引导，校验返回内容的数据结构",
          "uid" : "9b6f582adae49605",
          "parentUid" : "30d154c7d9286ac56f7632fb92279558",
          "status" : "passed",
          "time" : {
            "start" : 1600252551993,
            "stop" : 1600252552030,
            "duration" : 37
          },
          "flaky" : false,
          "newFailed" : false,
          "parameters" : [ "'json_schema/User/is_guide_user.json'" ]
        }, {
          "name" : "校验获取我的功能列表，校验返回内容的数据结构",
          "uid" : "817207a17bd3856",
          "parentUid" : "30d154c7d9286ac56f7632fb92279558",
          "status" : "passed",
          "time" : {
            "start" : 1600252552033,
            "stop" : 1600252552102,
            "duration" : 69
          },
          "flaky" : false,
          "newFailed" : false,
          "parameters" : [ "'json_schema/User/get_my_list.json'" ]
        }, {
          "name" : "校验获取我的信息，校验返回内容的数据结构",
          "uid" : "a6fed947e8db1d17",
          "parentUid" : "30d154c7d9286ac56f7632fb92279558",
          "status" : "passed",
          "time" : {
            "start" : 1600252552105,
            "stop" : 1600252552212,
            "duration" : 107
          },
          "flaky" : false,
          "newFailed" : false,
          "parameters" : [ "'json_schema/User/user_profile.json'" ]
        }, {
          "name" : "校验获取我关注的用户列表，校验返回内容的数据结构",
          "uid" : "c38b6f1683b7076e",
          "parentUid" : "30d154c7d9286ac56f7632fb92279558",
          "status" : "passed",
          "time" : {
            "start" : 1600252552216,
            "stop" : 1600252552347,
            "duration" : 131
          },
          "flaky" : false,
          "newFailed" : false,
          "parameters" : [ "1", "30", "'json_schema/User/follow_list.json'", "'49550409'" ]
        }, {
          "name" : "校验获取我的粉丝列表，校验返回内容的数据结构",
          "uid" : "caeeb4fd81426821",
          "parentUid" : "30d154c7d9286ac56f7632fb92279558",
          "status" : "passed",
          "time" : {
            "start" : 1600252552353,
            "stop" : 1600252552613,
            "duration" : 260
          },
          "flaky" : false,
          "newFailed" : false,
          "parameters" : [ "1", "30", "'json_schema/User/my_fans.json'", "'49550409'" ]
        }, {
          "name" : "校验获取手机绑定状态，校验返回内容的数据结构",
          "uid" : "a924920d33b840c5",
          "parentUid" : "30d154c7d9286ac56f7632fb92279558",
          "status" : "passed",
          "time" : {
            "start" : 1600252552625,
            "stop" : 1600252552673,
            "duration" : 48
          },
          "flaky" : false,
          "newFailed" : false,
          "parameters" : [ "'json_schema/User/get_bind_phone_status.json'" ]
        }, {
          "name" : "校验修改用户信息，校验返回内容的数据结构",
          "uid" : "dfa112bb707a8971",
          "parentUid" : "30d154c7d9286ac56f7632fb92279558",
          "status" : "passed",
          "time" : {
            "start" : 1600252552686,
            "stop" : 1600252552940,
            "duration" : 254
          },
          "flaky" : false,
          "newFailed" : false,
          "parameters" : [ "'美好的一天'", "'json_schema/User/user_edit.json'" ]
        }, {
          "name" : "校验修改用户头像，校验返回内容的数据结构",
          "uid" : "61679f7746769114",
          "parentUid" : "30d154c7d9286ac56f7632fb92279558",
          "status" : "passed",
          "time" : {
            "start" : 1600252552944,
            "stop" : 1600252553090,
            "duration" : 146
          },
          "flaky" : false,
          "newFailed" : false,
          "parameters" : [ "'app/users/avatars/user_avatar_39113524_b981ead312b34c348b20d98ef2b4ab87.jpg'", "'json_schema/User/user_edit_avatar.json'", "'1'" ]
        }, {
          "name" : "校验获取订阅用户动态列表，校验返回内容的数据结构",
          "uid" : "5d78ca4d537339ff",
          "parentUid" : "30d154c7d9286ac56f7632fb92279558",
          "status" : "passed",
          "time" : {
            "start" : 1600252553094,
            "stop" : 1600252553560,
            "duration" : 466
          },
          "flaky" : false,
          "newFailed" : false,
          "parameters" : [ "'json_schema/User/get_subscribed_user_action_list.json'" ]
        }, {
          "name" : "校验获取我的动态列表，校验返回内容的数据结构",
          "uid" : "9637ca4e46c934a4",
          "parentUid" : "30d154c7d9286ac56f7632fb92279558",
          "status" : "passed",
          "time" : {
            "start" : 1600252553586,
            "stop" : 1600252554050,
            "duration" : 464
          },
          "flaky" : false,
          "newFailed" : false,
          "parameters" : [ "30", "'json_schema/User/get_new_user_action_list.json'", "'49550409'" ]
        }, {
          "name" : "校验获取他人主页信息，校验返回内容的数据结构",
          "uid" : "43db1b6d4c318e31",
          "parentUid" : "30d154c7d9286ac56f7632fb92279558",
          "status" : "passed",
          "time" : {
            "start" : 1600252554060,
            "stop" : 1600252554324,
            "duration" : 264
          },
          "flaky" : false,
          "newFailed" : false,
          "parameters" : [ "30", "'json_schema/User/user_info.json'", "'49550409'" ]
        }, {
          "name" : "校验获取触友主页面信息，校验返回内容的数据结构",
          "uid" : "bf29786d69568da4",
          "parentUid" : "30d154c7d9286ac56f7632fb92279558",
          "status" : "passed",
          "time" : {
            "start" : 1600252554330,
            "stop" : 1600252554598,
            "duration" : 268
          },
          "flaky" : false,
          "newFailed" : false,
          "parameters" : [ "'json_schema/User/contact_home_page.json'" ]
        }, {
          "name" : "校验获取第一个点赞与关注信息，校验返回内容的数据结构",
          "uid" : "58ee2434f45ce00e",
          "parentUid" : "30d154c7d9286ac56f7632fb92279558",
          "status" : "passed",
          "time" : {
            "start" : 1600252554602,
            "stop" : 1600252554765,
            "duration" : 163
          },
          "flaky" : false,
          "newFailed" : false,
          "parameters" : [ "'json_schema/User/get_first_fan_and_like.json'" ]
        }, {
          "name" : "校验获取可能感兴趣的人，校验返回内容的数据结构",
          "uid" : "4b897288c8fcb7fe",
          "parentUid" : "30d154c7d9286ac56f7632fb92279558",
          "status" : "passed",
          "time" : {
            "start" : 1600252554770,
            "stop" : 1600252554997,
            "duration" : 227
          },
          "flaky" : false,
          "newFailed" : false,
          "parameters" : [ "'json_schema/User/get_interest_user_list.json'" ]
        }, {
          "name" : "校验获取用户允许金钻抵消开关，校验返回内容的数据结构",
          "uid" : "40500856946df5cc",
          "parentUid" : "30d154c7d9286ac56f7632fb92279558",
          "status" : "passed",
          "time" : {
            "start" : 1600252555001,
            "stop" : 1600252555030,
            "duration" : 29
          },
          "flaky" : false,
          "newFailed" : false,
          "parameters" : [ "'json_schema/User/get_gold_gem_switch.json'" ]
        }, {
          "name" : "校验获取个性装扮分类，校验返回内容的数据结构",
          "uid" : "a95832f05bead0f3",
          "parentUid" : "30d154c7d9286ac56f7632fb92279558",
          "status" : "passed",
          "time" : {
            "start" : 1600252555033,
            "stop" : 1600252555063,
            "duration" : 30
          },
          "flaky" : false,
          "newFailed" : false,
          "parameters" : [ "'json_schema/User/get_personality_dress_type.json'" ]
        }, {
          "name" : "校验获取个性装扮，校验返回内容的数据结构",
          "uid" : "d57aa295e4dd4e4d",
          "parentUid" : "30d154c7d9286ac56f7632fb92279558",
          "status" : "passed",
          "time" : {
            "start" : 1600252555067,
            "stop" : 1600252555221,
            "duration" : 154
          },
          "flaky" : false,
          "newFailed" : false,
          "parameters" : [ "'json_schema/User/get_personality_dress_list.json'" ]
        }, {
          "name" : "校验获取订阅用户详情，校验返回内容的数据结构",
          "uid" : "58955abe0d83b633",
          "parentUid" : "30d154c7d9286ac56f7632fb92279558",
          "status" : "passed",
          "time" : {
            "start" : 1600252555226,
            "stop" : 1600252555295,
            "duration" : 69
          },
          "flaky" : false,
          "newFailed" : false,
          "parameters" : [ "'json_schema/User/get_subscribed_user_info.json'", "'49550409'" ]
        }, {
          "name" : "校验获取关注圈用户详情，校验返回内容的数据结构",
          "uid" : "87f0ee1a271fd709",
          "parentUid" : "30d154c7d9286ac56f7632fb92279558",
          "status" : "passed",
          "time" : {
            "start" : 1600252555301,
            "stop" : 1600252555375,
            "duration" : 74
          },
          "flaky" : false,
          "newFailed" : false,
          "parameters" : [ "'json_schema/User/get_action_user_info.json'" ]
        }, {
          "name" : "校验打赏用户，校验返回内容的数据结构",
          "uid" : "e571bd6e0fdeb099",
          "parentUid" : "30d154c7d9286ac56f7632fb92279558",
          "status" : "passed",
          "time" : {
            "start" : 1600252555385,
            "stop" : 1600252555724,
            "duration" : 339
          },
          "flaky" : false,
          "newFailed" : false,
          "parameters" : [ "10", "0", "'json_schema/User/gift_points.json'", "38707284" ]
        }, {
          "name" : "校验批量关注对象，校验返回内容的数据结构",
          "uid" : "6b4e3c0265935d51",
          "parentUid" : "30d154c7d9286ac56f7632fb92279558",
          "status" : "passed",
          "time" : {
            "start" : 1600252555737,
            "stop" : 1600252555779,
            "duration" : 42
          },
          "flaky" : false,
          "newFailed" : false,
          "parameters" : [ "'49550409'", "'json_schema/User/user_follow_objs.json'" ]
        }, {
          "name" : "校验设置我的消息开关，校验返回内容的数据结构",
          "uid" : "85a5cf07fd4023de",
          "parentUid" : "30d154c7d9286ac56f7632fb92279558",
          "status" : "passed",
          "time" : {
            "start" : 1600252555785,
            "stop" : 1600252555830,
            "duration" : 45
          },
          "flaky" : false,
          "newFailed" : false,
          "parameters" : [ "'json_schema/User/set_user_switch.json'" ]
        }, {
          "name" : "校验增加用户关注值，校验返回内容的数据结构",
          "uid" : "d2367a28375b7315",
          "parentUid" : "30d154c7d9286ac56f7632fb92279558",
          "status" : "passed",
          "time" : {
            "start" : 1600252555834,
            "stop" : 1600252555871,
            "duration" : 37
          },
          "flaky" : false,
          "newFailed" : false,
          "parameters" : [ "'json_schema/User/add_attention_value.json'", "1", "38707284" ]
        }, {
          "name" : "校验我关注的动态，校验返回内容的数据结构",
          "uid" : "ba7bd1b348ef073f",
          "parentUid" : "30d154c7d9286ac56f7632fb92279558",
          "status" : "passed",
          "time" : {
            "start" : 1600252555875,
            "stop" : 1600252556212,
            "duration" : 337
          },
          "flaky" : false,
          "newFailed" : false,
          "parameters" : [ "'json_schema/User/get_creation_log_list.json'" ]
        }, {
          "name" : "校验添加不感兴趣的人，校验返回内容的数据结构",
          "uid" : "9a46e80c8b90ae60",
          "parentUid" : "30d154c7d9286ac56f7632fb92279558",
          "status" : "passed",
          "time" : {
            "start" : 1600252556219,
            "stop" : 1600252556258,
            "duration" : 39
          },
          "flaky" : false,
          "newFailed" : false,
          "parameters" : [ "'json_schema/User/add_not_interest_user_list.json'", "8350739" ]
        }, {
          "name" : "校验保存用户标签，校验返回内容的数据结构",
          "uid" : "fa6185c1d04e0120",
          "parentUid" : "30d154c7d9286ac56f7632fb92279558",
          "status" : "passed",
          "time" : {
            "start" : 1600252556263,
            "stop" : 1600252556308,
            "duration" : 45
          },
          "flaky" : false,
          "newFailed" : false,
          "parameters" : [ "'json_schema/User/save_user_tag.json'", "'爆笑,治愈'" ]
        }, {
          "name" : "校验检查用户运气值，校验返回内容的数据结构",
          "uid" : "21cefa26b6fad41f",
          "parentUid" : "30d154c7d9286ac56f7632fb92279558",
          "status" : "passed",
          "time" : {
            "start" : 1600252556314,
            "stop" : 1600252556343,
            "duration" : 29
          },
          "flaky" : false,
          "newFailed" : false,
          "parameters" : [ "'json_schema/User/check_luck.json'", "'49550409'" ]
        }, {
          "name" : "校验获取个性装扮banner，校验返回内容的数据结构",
          "uid" : "73b7dc30ec0d2c5d",
          "parentUid" : "30d154c7d9286ac56f7632fb92279558",
          "status" : "passed",
          "time" : {
            "start" : 1600252556350,
            "stop" : 1600252556387,
            "duration" : 37
          },
          "flaky" : false,
          "newFailed" : false,
          "parameters" : [ "'json_schema/User/get_personality_banner.json'" ]
        }, {
          "name" : "校验获取用户相关状态，校验返回内容的数据结构",
          "uid" : "a1784b4b401c74d5",
          "parentUid" : "30d154c7d9286ac56f7632fb92279558",
          "status" : "passed",
          "time" : {
            "start" : 1600252556390,
            "stop" : 1600252556433,
            "duration" : 43
          },
          "flaky" : false,
          "newFailed" : false,
          "parameters" : [ "'json_schema/User/status.json'" ]
        }, {
          "name" : "校验获取用户注册分流方案轮播，校验返回内容的数据结构",
          "uid" : "a1e2c612f69dbbfe",
          "parentUid" : "30d154c7d9286ac56f7632fb92279558",
          "status" : "passed",
          "time" : {
            "start" : 1600252556437,
            "stop" : 1600252556467,
            "duration" : 30
          },
          "flaky" : false,
          "newFailed" : false,
          "parameters" : [ "'json_schema/User/reg_abt_banner.json'" ]
        } ],
        "uid" : "30d154c7d9286ac56f7632fb92279558"
      } ],
      "uid" : "b967d4218501c29b1bf540f63a1c2b62"
    } ],
    "uid" : "b51346658ccdb9db01a6b5f6c12deab1"
  } ]
}