"Status","Start Time","Stop Time","Duration in ms","Parent Suite","Suite","Sub Suite","Test Class","Test Method","Name","Description"
"passed","Wed Sep 16 18:28:07 CST 2020","Wed Sep 16 18:28:08 CST 2020","377","testcases","test_comic","TestComic","","","场景测试-获取我的集",""
"passed","Wed Sep 16 18:28:10 CST 2020","Wed Sep 16 18:28:10 CST 2020","76","testcases","test_comic","TestComic","","","场景测试-获取个人主页我的漫画连载数",""
"passed","Wed Sep 16 18:28:08 CST 2020","Wed Sep 16 18:28:09 CST 2020","42","testcases","test_comic","TestComic","","","场景测试-获取(内容频道版本)作品分类列表",""
"passed","Wed Sep 16 18:28:08 CST 2020","Wed Sep 16 18:28:08 CST 2020","253","testcases","test_comic","TestComic","","","场景测试-获取大作轨迹",""
"passed","Wed Sep 16 18:28:08 CST 2020","Wed Sep 16 18:28:08 CST 2020","63","testcases","test_comic","TestComic","","","场景测试-获取我的漫画",""
"passed","Wed Sep 16 18:28:10 CST 2020","Wed Sep 16 18:28:10 CST 2020","244","testcases","test_comic","TestComic","","","场景测试-删除个人漫画单篇",""
"passed","Wed Sep 16 18:28:08 CST 2020","Wed Sep 16 18:28:08 CST 2020","32","testcases","test_comic","TestComic","","","场景测试-获取(内容频道版本)作品分类顶部tag列表",""
"passed","Wed Sep 16 18:28:08 CST 2020","Wed Sep 16 18:28:08 CST 2020","67","testcases","test_comic","TestComic","","","场景测试-获取画漫画连载列表",""
"passed","Wed Sep 16 18:28:08 CST 2020","Wed Sep 16 18:28:08 CST 2020","102","testcases","test_comic","TestComic","","","场景测试-获取连载漫画列表",""
"passed","Wed Sep 16 18:28:08 CST 2020","Wed Sep 16 18:28:08 CST 2020","54","testcases","test_comic","TestComic","","","场景测试-获取分享配置",""
"passed","Wed Sep 16 18:28:09 CST 2020","Wed Sep 16 18:28:10 CST 2020","1432","testcases","test_comic","TestComic","","","场景测试-漫画创建/编辑",""
"passed","Wed Sep 16 18:28:10 CST 2020","Wed Sep 16 18:28:10 CST 2020","82","testcases","test_comic","TestComic","","","场景测试-获取个人主页我的漫画连载数",""
"passed","Wed Sep 16 18:28:08 CST 2020","Wed Sep 16 18:28:08 CST 2020","44","testcases","test_comic","TestComic","","","场景测试-获取分享配置",""
"passed","Wed Sep 16 18:28:10 CST 2020","Wed Sep 16 18:28:10 CST 2020","79","testcases","test_comic","TestComic","","","场景测试-获取个人主页我的漫画连载数",""
"passed","Wed Sep 16 18:28:08 CST 2020","Wed Sep 16 18:28:08 CST 2020","44","testcases","test_comic","TestComic","","","场景测试-获取我的漫画单篇列表",""
