{
  "uid" : "98d3104e051c652961429bf95fa0b5d6",
  "name" : "suites",
  "children" : [ {
    "name" : "testcases",
    "children" : [ {
      "name" : "test_comic",
      "children" : [ {
        "name" : "TestComic",
        "children" : [ {
          "name" : "场景测试-获取我的集",
          "uid" : "2eb34ca731404c6c",
          "parentUid" : "da019bec83c945352689855c4053fddf",
          "status" : "passed",
          "time" : {
            "start" : 1600252087881,
            "stop" : 1600252088258,
            "duration" : 377
          },
          "flaky" : false,
          "newFailed" : false,
          "parameters" : [ "1", "30", "'json_schema/Comic/my_groups.json'" ]
        }, {
          "name" : "场景测试-获取我的漫画单篇列表",
          "uid" : "65ec2fd81a228bea",
          "parentUid" : "da019bec83c945352689855c4053fddf",
          "status" : "passed",
          "time" : {
            "start" : 1600252088265,
            "stop" : 1600252088309,
            "duration" : 44
          },
          "flaky" : false,
          "newFailed" : false,
          "parameters" : [ "1", "30", "'json_schema/Comic/comic_create_comic_list.json'" ]
        }, {
          "name" : "场景测试-获取画漫画连载列表",
          "uid" : "7a413a1b8bcfc689",
          "parentUid" : "da019bec83c945352689855c4053fddf",
          "status" : "passed",
          "time" : {
            "start" : 1600252088314,
            "stop" : 1600252088381,
            "duration" : 67
          },
          "flaky" : false,
          "newFailed" : false,
          "parameters" : [ "1", "30", "'json_schema/Comic/comic_create_group_list.json'" ]
        }, {
          "name" : "场景测试-获取大作轨迹",
          "uid" : "6353f28b20060c4c",
          "parentUid" : "da019bec83c945352689855c4053fddf",
          "status" : "passed",
          "time" : {
            "start" : 1600252088386,
            "stop" : 1600252088639,
            "duration" : 253
          },
          "flaky" : false,
          "newFailed" : false,
          "parameters" : [ "27402880", "1", "30", "'json_schema/Comic/group_track.json'" ]
        }, {
          "name" : "场景测试-获取我的漫画",
          "uid" : "79192a0d362751dd",
          "parentUid" : "da019bec83c945352689855c4053fddf",
          "status" : "passed",
          "time" : {
            "start" : 1600252088646,
            "stop" : 1600252088709,
            "duration" : 63
          },
          "flaky" : false,
          "newFailed" : false,
          "parameters" : [ "1", "30", "'json_schema/Comic/my_comics.json'" ]
        }, {
          "name" : "场景测试-获取连载漫画列表",
          "uid" : "83a885319e71a627",
          "parentUid" : "da019bec83c945352689855c4053fddf",
          "status" : "passed",
          "time" : {
            "start" : 1600252088725,
            "stop" : 1600252088827,
            "duration" : 102
          },
          "flaky" : false,
          "newFailed" : false,
          "parameters" : [ "27402880", "'desc'", "1", "30", "'json_schema/Comic/group_comics.json'" ]
        }, {
          "name" : "场景测试-获取分享配置",
          "uid" : "8b6c80e24268548f",
          "parentUid" : "da019bec83c945352689855c4053fddf",
          "status" : "passed",
          "time" : {
            "start" : 1600252088839,
            "stop" : 1600252088893,
            "duration" : 54
          },
          "flaky" : false,
          "newFailed" : false,
          "parameters" : [ "'json_schema/Comic/share_config.json'", "1" ]
        }, {
          "name" : "场景测试-获取分享配置",
          "uid" : "d093f77bb190cabb",
          "parentUid" : "da019bec83c945352689855c4053fddf",
          "status" : "passed",
          "time" : {
            "start" : 1600252088906,
            "stop" : 1600252088950,
            "duration" : 44
          },
          "flaky" : false,
          "newFailed" : false,
          "parameters" : [ "'json_schema/Comic/share_config.json'", "2" ]
        }, {
          "name" : "场景测试-获取(内容频道版本)作品分类顶部tag列表",
          "uid" : "1349417158358c77",
          "parentUid" : "da019bec83c945352689855c4053fddf",
          "status" : "passed",
          "time" : {
            "start" : 1600252088958,
            "stop" : 1600252088990,
            "duration" : 32
          },
          "flaky" : false,
          "newFailed" : false,
          "parameters" : [ "'json_schema/Comic/get_top_tag_list.json'" ]
        }, {
          "name" : "场景测试-获取(内容频道版本)作品分类列表",
          "uid" : "443db609291794a5",
          "parentUid" : "da019bec83c945352689855c4053fddf",
          "status" : "passed",
          "time" : {
            "start" : 1600252088997,
            "stop" : 1600252089039,
            "duration" : 42
          },
          "flaky" : false,
          "newFailed" : false,
          "parameters" : [ "1", "30", "'json_schema/Comic/comic_tags.json'" ]
        }, {
          "name" : "场景测试-漫画创建/编辑",
          "uid" : "6ecae2877b31af29",
          "parentUid" : "da019bec83c945352689855c4053fddf",
          "status" : "passed",
          "time" : {
            "start" : 1600252089050,
            "stop" : 1600252090482,
            "duration" : 1432
          },
          "flaky" : false,
          "newFailed" : false,
          "parameters" : [ "0", "0", "'app/comics/jsons/json_49550409_a5301e87d69948d6affcb4de575295a3.json'", "'standard.ttf'", "0", "0", "'json_schema/Comic/comic_edit.json'", "1", "'搞笑萝莉4449'", "'app/comics/titles/default_new_normal_block.png'", "1" ]
        }, {
          "name" : "场景测试-删除个人漫画单篇",
          "uid" : "4b4efe596ce8ae64",
          "parentUid" : "da019bec83c945352689855c4053fddf",
          "status" : "passed",
          "time" : {
            "start" : 1600252090494,
            "stop" : 1600252090738,
            "duration" : 244
          },
          "flaky" : false,
          "newFailed" : false,
          "parameters" : [ "'json_schema/Comic/comic_del.json'" ]
        }, {
          "name" : "场景测试-获取个人主页我的漫画连载数",
          "uid" : "e4269365836fe938",
          "parentUid" : "da019bec83c945352689855c4053fddf",
          "status" : "passed",
          "time" : {
            "start" : 1600252090743,
            "stop" : 1600252090819,
            "duration" : 76
          },
          "flaky" : false,
          "newFailed" : false,
          "parameters" : [ "'json_schema/Comic/myComicGroupCount.json'", "0" ]
        }, {
          "name" : "场景测试-获取个人主页我的漫画连载数",
          "uid" : "be3500545f41a045",
          "parentUid" : "da019bec83c945352689855c4053fddf",
          "status" : "passed",
          "time" : {
            "start" : 1600252090824,
            "stop" : 1600252090903,
            "duration" : 79
          },
          "flaky" : false,
          "newFailed" : false,
          "parameters" : [ "'json_schema/Comic/myComicGroupCount.json'", "1" ]
        }, {
          "name" : "场景测试-获取个人主页我的漫画连载数",
          "uid" : "246acfb88bbefce0",
          "parentUid" : "da019bec83c945352689855c4053fddf",
          "status" : "passed",
          "time" : {
            "start" : 1600252090910,
            "stop" : 1600252090992,
            "duration" : 82
          },
          "flaky" : false,
          "newFailed" : false,
          "parameters" : [ "'json_schema/Comic/myComicGroupCount.json'", "2" ]
        } ],
        "uid" : "da019bec83c945352689855c4053fddf"
      } ],
      "uid" : "afe4fcfb9de3a52e5bf4bc57af952ecc"
    } ],
    "uid" : "b51346658ccdb9db01a6b5f6c12deab1"
  } ]
}