[ {
  "uid" : "b3d15007248df412",
  "name" : "test_diff[get-38707284-m=Api&c=Chat&a=get_friend_list&entry=1&page=1&pagesize=30-]",
  "time" : {
    "start" : 1596437823371,
    "stop" : 1596437824057,
    "duration" : 686
  },
  "status" : "passed",
  "severity" : "normal"
}, {
  "uid" : "6a0bd2febb1f6b27",
  "name" : "test_diff[get-38707284-m=Api&c=Chat&a=get_user_greet_list&pagesize=30-]",
  "time" : {
    "start" : 1596437822643,
    "stop" : 1596437823364,
    "duration" : 721
  },
  "status" : "passed",
  "severity" : "normal"
}, {
  "uid" : "947dc29e77c408f4",
  "name" : "test_diff[get-39160354-m=Api&c=Chat&a=get_friend_info&friend_id=41064857-]",
  "time" : {
    "start" : 1596437824064,
    "stop" : 1596437824578,
    "duration" : 514
  },
  "status" : "passed",
  "severity" : "normal"
} ]