"Status","Start Time","Stop Time","Duration in ms","Parent Suite","Suite","Sub Suite","Test Class","Test Method","Name","Description"
"passed","Wed Sep 16 18:03:59 CST 2020","Wed Sep 16 18:04:00 CST 2020","1071","testcases","test_club","TestClub","","","用户已加入社团时，获取广场-社团信息",""
"passed","Wed Sep 16 18:04:25 CST 2020","Wed Sep 16 18:04:25 CST 2020","40","testcases","test_userRealAuth","TestUserRealAuth","","","场景测试--实名认证",""
"passed","Wed Sep 16 18:04:21 CST 2020","Wed Sep 16 18:04:22 CST 2020","289","testcases","test_user","TestUser","","","校验获取我的粉丝列表，校验返回内容的数据结构",""
"passed","Wed Sep 16 18:04:21 CST 2020","Wed Sep 16 18:04:21 CST 2020","92","testcases","test_spdiy","TestSpdiy","","","场景测试-获取我的发型、表情商店信息",""
"passed","Wed Sep 16 18:04:28 CST 2020","Wed Sep 16 18:04:28 CST 2020","100","testcases","test_video","TestVideo","","","场景测试-获取转场",""
"passed","Wed Sep 16 18:04:21 CST 2020","Wed Sep 16 18:04:21 CST 2020","159","testcases","test_user","TestUser","","","校验获取我关注的用户列表，校验返回内容的数据结构",""
"passed","Wed Sep 16 18:03:53 CST 2020","Wed Sep 16 18:03:53 CST 2020","51","testcases","test_ai","TestAi","","","场景测试--保存ai图片到图片列表",""
"passed","Wed Sep 16 18:04:17 CST 2020","Wed Sep 16 18:04:17 CST 2020","51","testcases","test_homepageSlice","TestHomepageSlice","","","校验获取首页活动中心列表，校验返回内容的数据结构",""
"passed","Wed Sep 16 18:04:02 CST 2020","Wed Sep 16 18:04:02 CST 2020","53","testcases","test_comic","TestComic","","","场景测试-获取分享配置",""
"passed","Wed Sep 16 18:04:04 CST 2020","Wed Sep 16 18:04:04 CST 2020","246","testcases","test_comic","TestComic","","","场景测试-删除个人漫画单篇",""
"passed","Wed Sep 16 18:04:23 CST 2020","Wed Sep 16 18:04:23 CST 2020","206","testcases","test_user","TestUser","","","校验获取可能感兴趣的人，校验返回内容的数据结构",""
"passed","Wed Sep 16 18:04:25 CST 2020","Wed Sep 16 18:04:25 CST 2020","35","testcases","test_user","TestUser","","","校验获取用户相关状态，校验返回内容的数据结构",""
"passed","Wed Sep 16 18:03:55 CST 2020","Wed Sep 16 18:03:55 CST 2020","60","testcases","test_chumandrama","TestChumanDrama","","","场景测试-获取对话剧内容列表",""
"passed","Wed Sep 16 18:03:50 CST 2020","Wed Sep 16 18:03:50 CST 2020","50","testcases","test_adventuregame","TestAdventuregame","","","场景测试-获取会话风格列表",""
"passed","Wed Sep 16 18:03:58 CST 2020","Wed Sep 16 18:03:58 CST 2020","77","testcases","test_cloudpackage","TestCloudPackage","","","场景测试-获取当前分类栏目",""
"passed","Wed Sep 16 18:03:55 CST 2020","Wed Sep 16 18:03:55 CST 2020","54","testcases","test_app","TestApp","","","校验获取七牛短视频上传token，校验返回内容的数据结构",""
"passed","Wed Sep 16 18:04:27 CST 2020","Wed Sep 16 18:04:27 CST 2020","46","testcases","test_video","TestVideo","","","场景测试-获取短视频二级分类列表",""
"passed","Wed Sep 16 18:04:23 CST 2020","Wed Sep 16 18:04:24 CST 2020","160","testcases","test_user","TestUser","","","校验获取个性装扮，校验返回内容的数据结构",""
"passed","Wed Sep 16 18:03:46 CST 2020","Wed Sep 16 18:03:47 CST 2020","684","scenario_testcases","test_chat_scenario","TestChatScenario","","","场景测试-发送/回复打招呼信息",""
"passed","Wed Sep 16 18:04:24 CST 2020","Wed Sep 16 18:04:24 CST 2020","44","testcases","test_user","TestUser","","","校验设置我的消息开关，校验返回内容的数据结构",""
"passed","Wed Sep 16 18:04:23 CST 2020","Wed Sep 16 18:04:23 CST 2020","165","testcases","test_user","TestUser","","","校验获取他人主页信息，校验返回内容的数据结构",""
"passed","Wed Sep 16 18:04:11 CST 2020","Wed Sep 16 18:04:11 CST 2020","37","testcases","test_homepage","TestHomePage","","","校验获取旧版首页弹窗，校验返回内容的数据结构",""
"passed","Wed Sep 16 18:03:50 CST 2020","Wed Sep 16 18:03:50 CST 2020","42","testcases","test_ai","TestAi","","","场景测试--ai图片获取",""
"passed","Wed Sep 16 18:04:09 CST 2020","Wed Sep 16 18:04:09 CST 2020","68","testcases","test_covereditor","TestCoverEditor","","","场景测试--添加自定义封面",""
"passed","Wed Sep 16 18:04:10 CST 2020","Wed Sep 16 18:04:10 CST 2020","60","testcases","test_group","TestGroup","","","场景测试--解散同人群组",""
"passed","Wed Sep 16 18:04:23 CST 2020","Wed Sep 16 18:04:23 CST 2020","43","testcases","test_user","TestUser","","","校验获取用户允许金钻抵消开关，校验返回内容的数据结构",""
"passed","Wed Sep 16 18:03:47 CST 2020","Wed Sep 16 18:03:49 CST 2020","1368","testcases","test_adventuregame","TestAdventuregame","","","场景测试-获取漫剧单篇详情信息",""
"passed","Wed Sep 16 18:04:09 CST 2020","Wed Sep 16 18:04:09 CST 2020","80","testcases","test_covereditor","TestCoverEditor","","","场景测试--删除自定义封面",""
"passed","Wed Sep 16 18:03:54 CST 2020","Wed Sep 16 18:03:54 CST 2020","33","testcases","test_app","TestApp","","","test_get_teenager_alert_schema[json_schema/App/get_teenager_alert.json]",""
"passed","Wed Sep 16 18:04:05 CST 2020","Wed Sep 16 18:04:05 CST 2020","133","testcases","test_comictemplate","TestComicTemplate","","","传字符型的Type参数",""
"passed","Wed Sep 16 18:04:26 CST 2020","Wed Sep 16 18:04:26 CST 2020","39","testcases","test_video","TestVideo","","","校验点赞漫影，校验返回内容的数据结构",""
"passed","Wed Sep 16 18:04:10 CST 2020","Wed Sep 16 18:04:10 CST 2020","121","testcases","test_customroles","TestCustomRoles","","","场景测试--删除自定义角色",""
"passed","Wed Sep 16 18:03:55 CST 2020","Wed Sep 16 18:03:55 CST 2020","120","testcases","test_chumandrama","TestChumanDrama","","","场景测试-分享对话剧连载",""
"passed","Wed Sep 16 18:03:57 CST 2020","Wed Sep 16 18:03:57 CST 2020","104","testcases","test_chumandramagroup","TestChumanDramaGroup","","","场景测试-获取音效主页信息（第一次打开音效页面的信息）",""
"passed","Wed Sep 16 18:04:27 CST 2020","Wed Sep 16 18:04:28 CST 2020","46","testcases","test_video","TestVideo","","","场景测试-获取花字列表",""
"passed","Wed Sep 16 18:03:49 CST 2020","Wed Sep 16 18:03:49 CST 2020","44","testcases","test_adventuregame","TestAdventuregame","","","场景测试-获取漫剧默认风格",""
"passed","Wed Sep 16 18:04:11 CST 2020","Wed Sep 16 18:04:12 CST 2020","867","testcases","test_homepage","TestHomePage","","","校验获取旧版首页内容列表，校验返回内容的数据结构",""
"passed","Wed Sep 16 18:03:50 CST 2020","Wed Sep 16 18:03:50 CST 2020","306","testcases","test_ai","TestAi","","","场景测试--ai处理图片",""
"passed","Wed Sep 16 18:04:06 CST 2020","Wed Sep 16 18:04:07 CST 2020","136","testcases","test_comictemplate","TestComicTemplate","","","场景测试--漫画模板列表",""
"passed","Wed Sep 16 18:04:20 CST 2020","Wed Sep 16 18:04:20 CST 2020","48","testcases","test_shortvideoeditor","TestShortVideoEditor","","","场景测试-同意协议",""
"passed","Wed Sep 16 18:04:24 CST 2020","Wed Sep 16 18:04:24 CST 2020","38","testcases","test_user","TestUser","","","校验增加用户关注值，校验返回内容的数据结构",""
"passed","Wed Sep 16 18:04:26 CST 2020","Wed Sep 16 18:04:26 CST 2020","47","testcases","test_video","TestVideo","","","校验获取我发布的漫影列表，校验返回内容的数据结构",""
"passed","Wed Sep 16 18:04:07 CST 2020","Wed Sep 16 18:04:07 CST 2020","49","testcases","test_contentvideo","TestContentVideo","","","场景测试-获取分类列表",""
"passed","Wed Sep 16 18:03:51 CST 2020","Wed Sep 16 18:03:51 CST 2020","314","testcases","test_ai","TestAi","","","场景测试--ai处理图片",""
"passed","Wed Sep 16 18:04:20 CST 2020","Wed Sep 16 18:04:20 CST 2020","64","testcases","test_shortvideoeditor","TestShortVideoEditor","","","场景测试-画面编辑子类tab显示与否",""
"passed","Wed Sep 16 18:04:18 CST 2020","Wed Sep 16 18:04:18 CST 2020","108","testcases","test_notification","TestNotification","","","校验获取评论与点赞消息，校验返回内容的数据结构",""
"passed","Wed Sep 16 18:04:04 CST 2020","Wed Sep 16 18:04:04 CST 2020","40","testcases","test_comiccreate","TestComicCreate","","","场景测试-关闭浮窗",""
"passed","Wed Sep 16 18:04:26 CST 2020","Wed Sep 16 18:04:26 CST 2020","39","testcases","test_video","TestVideo","","","校验获取发布漫影token，校验返回内容的数据结构",""
"passed","Wed Sep 16 18:03:49 CST 2020","Wed Sep 16 18:03:50 CST 2020","176","testcases","test_adventuregame","TestAdventuregame","","","场景测试-分享漫剧连载",""
"passed","Wed Sep 16 18:03:51 CST 2020","Wed Sep 16 18:03:51 CST 2020","136","testcases","test_ai","TestAi","","","场景测试--ai处理图片",""
"passed","Wed Sep 16 18:04:21 CST 2020","Wed Sep 16 18:04:21 CST 2020","99","testcases","test_spdiy","TestSpdiy","","","场景测试-获取我的发型、表情商店信息",""
"passed","Wed Sep 16 18:04:25 CST 2020","Wed Sep 16 18:04:25 CST 2020","142","testcases","test_user","TestUser","","","校验添加不感兴趣的人，校验返回内容的数据结构",""
"passed","Wed Sep 16 18:04:20 CST 2020","Wed Sep 16 18:04:20 CST 2020","49","testcases","test_shortvideoeditor","TestShortVideoEditor","","","场景测试-获取用户简易漫画列表",""
"passed","Wed Sep 16 18:04:18 CST 2020","Wed Sep 16 18:04:18 CST 2020","45","testcases","test_notification","TestNotification","","","校验获取聚合页栏目列表，校验返回内容的数据结构",""
"passed","Wed Sep 16 18:04:18 CST 2020","Wed Sep 16 18:04:18 CST 2020","40","testcases","test_notification","TestNotification","","","校验获取聚合页消息列表，校验返回内容的数据结构",""
"passed","Wed Sep 16 18:04:20 CST 2020","Wed Sep 16 18:04:20 CST 2020","46","testcases","test_shortvideoeditor","TestShortVideoEditor","","","场景测试-获取角色选择-npc",""
"passed","Wed Sep 16 18:03:50 CST 2020","Wed Sep 16 18:03:50 CST 2020","51","testcases","test_ai","TestAi","","","场景测试--ai图片获取",""
"passed","Wed Sep 16 18:03:58 CST 2020","Wed Sep 16 18:03:58 CST 2020","260","testcases","test_cloudpackage","TestCloudPackage","","","场景测试-通过分栏目获取场景包信息",""
"passed","Wed Sep 16 18:04:20 CST 2020","Wed Sep 16 18:04:21 CST 2020","92","testcases","test_spdiy","TestSpdiy","","","场景测试-获取我的发型、表情商店信息",""
"passed","Wed Sep 16 18:04:20 CST 2020","Wed Sep 16 18:04:20 CST 2020","58","testcases","test_shortvideoeditor","TestShortVideoEditor","","","场景测试-画面编辑子类tab显示与否",""
"passed","Wed Sep 16 18:04:19 CST 2020","Wed Sep 16 18:04:19 CST 2020","41","testcases","test_punisnotice","TestPunisNotice","","","场景测试--获取处罚公告详细",""
"passed","Wed Sep 16 18:03:49 CST 2020","Wed Sep 16 18:03:49 CST 2020","288","testcases","test_adventuregame","TestAdventuregame","","","场景测试-获取漫剧单篇风格列表",""
"passed","Wed Sep 16 18:03:45 CST 2020","Wed Sep 16 18:03:46 CST 2020","922","diff_testcases","test_diff","","","","test_diff[get-38707284-m=Api&c=Chat&a=get_user_greet_list&page_size=30&pagesize=30-]",""
"passed","Wed Sep 16 18:03:54 CST 2020","Wed Sep 16 18:03:54 CST 2020","60","testcases","test_app","TestApp","","","test_check_content_schema[美好的一天-json_schema/App/check_content.json]",""
"passed","Wed Sep 16 18:04:19 CST 2020","Wed Sep 16 18:04:19 CST 2020","46","testcases","test_refund","TestRefund","","","场景测试--获取用户提交申请退款信息",""
"passed","Wed Sep 16 18:04:18 CST 2020","Wed Sep 16 18:04:18 CST 2020","36","testcases","test_notification","TestNotification","","","校验官方自定义角色消息页面，校验返回内容的数据结构",""
"passed","Wed Sep 16 18:04:28 CST 2020","Wed Sep 16 18:04:28 CST 2020","41","testcases","test_video","TestVideo","","","场景测试-获取转场分类",""
"passed","Wed Sep 16 18:04:19 CST 2020","Wed Sep 16 18:04:20 CST 2020","270","testcases","test_search","TestSearch","","","校验获取综合搜索结果，校验返回内容的数据结构",""
"passed","Wed Sep 16 18:04:26 CST 2020","Wed Sep 16 18:04:26 CST 2020","46","testcases","test_video","TestVideo","","","场景测试-获取动态素材列表",""
"passed","Wed Sep 16 18:04:07 CST 2020","Wed Sep 16 18:04:07 CST 2020","150","testcases","test_contentvideo","TestContentVideo","","","场景测试-获取分类列表",""
"passed","Wed Sep 16 18:04:04 CST 2020","Wed Sep 16 18:04:04 CST 2020","95","testcases","test_comic","TestComic","","","场景测试-获取个人主页我的漫画连载数",""
"passed","Wed Sep 16 18:04:16 CST 2020","Wed Sep 16 18:04:16 CST 2020","56","testcases","test_homepage","TestHomePage","","","校验获取广场场景化，校验返回内容的数据结构",""
"passed","Wed Sep 16 18:04:11 CST 2020","Wed Sep 16 18:04:11 CST 2020","35","testcases","test_group","TestGroup","","","场景测试--创建群组时，获取二级主题",""
"passed","Wed Sep 16 18:04:08 CST 2020","Wed Sep 16 18:04:08 CST 2020","56","testcases","test_covereditor","TestCoverEditor","","","场景测试--我的封面模板列表",""
"passed","Wed Sep 16 18:04:18 CST 2020","Wed Sep 16 18:04:18 CST 2020","65","testcases","test_livebroadcast","TestLiveBroadcast","","","场景测试-主播关闭直播",""
"passed","Wed Sep 16 18:04:21 CST 2020","Wed Sep 16 18:04:21 CST 2020","91","testcases","test_user","TestUser","","","校验获取我的功能列表，校验返回内容的数据结构",""
"passed","Wed Sep 16 18:03:57 CST 2020","Wed Sep 16 18:03:57 CST 2020","67","testcases","test_chumandramagroup","TestChumanDramaGroup","","","场景测试-获取对话剧连载的对话剧列表",""
"passed","Wed Sep 16 18:04:09 CST 2020","Wed Sep 16 18:04:09 CST 2020","53","testcases","test_covereditor","TestCoverEditor","","","场景测试--添加自定义封面",""
"passed","Wed Sep 16 18:04:24 CST 2020","Wed Sep 16 18:04:24 CST 2020","34","testcases","test_user","TestUser","","","校验批量关注对象，校验返回内容的数据结构",""
"passed","Wed Sep 16 18:04:11 CST 2020","Wed Sep 16 18:04:11 CST 2020","38","testcases","test_group","TestGroup","","","场景测试--检查用户是否有创建群组权限",""
"passed","Wed Sep 16 18:04:10 CST 2020","Wed Sep 16 18:04:10 CST 2020","260","testcases","test_customroles","TestCustomRoles","","","场景测试--获取自定义角色列表",""
"passed","Wed Sep 16 18:04:09 CST 2020","Wed Sep 16 18:04:09 CST 2020","265","testcases","test_covereditor","TestCoverEditor","","","场景测试--获取自定义封面列表",""
"passed","Wed Sep 16 18:04:19 CST 2020","Wed Sep 16 18:04:19 CST 2020","158","testcases","test_post","TestPost","","","场景测试--获取漫区最热帖子列表",""
"passed","Wed Sep 16 18:03:47 CST 2020","Wed Sep 16 18:03:47 CST 2020","32","testcases","test_activitiestemplate","TestActivitiesTemplate","","","场景测试-活动id为空",""
"passed","Wed Sep 16 18:04:07 CST 2020","Wed Sep 16 18:04:07 CST 2020","148","testcases","test_comictemplate","TestComicTemplate","","","场景测试--漫画模板列表",""
"passed","Wed Sep 16 18:04:22 CST 2020","Wed Sep 16 18:04:22 CST 2020","127","testcases","test_user","TestUser","","","校验修改用户头像，校验返回内容的数据结构",""
"passed","Wed Sep 16 18:03:50 CST 2020","Wed Sep 16 18:03:50 CST 2020","38","testcases","test_ai","TestAi","","","场景测试--ai图片获取",""
"passed","Wed Sep 16 18:03:59 CST 2020","Wed Sep 16 18:03:59 CST 2020","416","testcases","test_cloudpackage","TestCloudPackage","","","场景测试-获取大类全部素材列表",""
"passed","Wed Sep 16 18:04:05 CST 2020","Wed Sep 16 18:04:05 CST 2020","264","testcases","test_comictemplate","TestComicTemplate","","","获取普通类型模板",""
"passed","Wed Sep 16 18:04:20 CST 2020","Wed Sep 16 18:04:20 CST 2020","63","testcases","test_shortvideoeditor","TestShortVideoEditor","","","场景测试-画面编辑子类tab显示与否",""
"passed","Wed Sep 16 18:03:57 CST 2020","Wed Sep 16 18:03:57 CST 2020","35","testcases","test_chumandramagroup","TestChumanDramaGroup","","","场景测试-获取对话剧点赞和对话剧作者关注状态",""
"passed","Wed Sep 16 18:04:18 CST 2020","Wed Sep 16 18:04:18 CST 2020","81","testcases","test_notification","TestNotification","","","校验获取评论与点赞消息，校验返回内容的数据结构",""
"passed","Wed Sep 16 18:04:09 CST 2020","Wed Sep 16 18:04:09 CST 2020","84","testcases","test_covereditor","TestCoverEditor","","","场景测试--删除自定义封面",""
"passed","Wed Sep 16 18:04:27 CST 2020","Wed Sep 16 18:04:27 CST 2020","121","testcases","test_video","TestVideo","","","场景测试-检查是否显示编辑器入口",""
"passed","Wed Sep 16 18:04:25 CST 2020","Wed Sep 16 18:04:25 CST 2020","65","testcases","test_user","TestUser","","","校验获取个性装扮banner，校验返回内容的数据结构",""
"passed","Wed Sep 16 18:03:55 CST 2020","Wed Sep 16 18:03:55 CST 2020","128","testcases","test_app","TestApp","","","校验获取通用菜单选项列表，校验返回内容的数据结构",""
"passed","Wed Sep 16 18:04:02 CST 2020","Wed Sep 16 18:04:02 CST 2020","78","testcases","test_comic","TestComic","","","场景测试-获取(内容频道版本)作品分类列表",""
"passed","Wed Sep 16 18:03:58 CST 2020","Wed Sep 16 18:03:58 CST 2020","42","testcases","test_chumanshop","TestChumanShop","","","场景测试-获取有更新的对话剧连载列表",""
"passed","Wed Sep 16 18:04:16 CST 2020","Wed Sep 16 18:04:16 CST 2020","48","testcases","test_homepageSlice","TestHomepageSlice","","","校验获取首页新闻列表，校验返回内容的数据结构",""
"passed","Wed Sep 16 18:04:19 CST 2020","Wed Sep 16 18:04:19 CST 2020","33","testcases","test_refund","TestRefund","","","场景测试--进入退款申请页，获取用户id",""
"passed","Wed Sep 16 18:04:15 CST 2020","Wed Sep 16 18:04:15 CST 2020","46","testcases","test_homepage","TestHomePage","","","校验旧版检查关注是否有未读，校验返回内容的数据结构",""
"passed","Wed Sep 16 18:04:12 CST 2020","Wed Sep 16 18:04:13 CST 2020","1480","testcases","test_homepage","TestHomePage","","","校验获取旧版首页推荐内容列表，校验返回内容的数据结构",""
"passed","Wed Sep 16 18:04:07 CST 2020","Wed Sep 16 18:04:07 CST 2020","43","testcases","test_contentvideo","TestContentVideo","","","场景测试-获取分类列表",""
"passed","Wed Sep 16 18:03:53 CST 2020","Wed Sep 16 18:03:54 CST 2020","65","testcases","test_ai","TestAi","","","场景测试--获取ai页面固定文案",""
"passed","Wed Sep 16 18:04:02 CST 2020","Wed Sep 16 18:04:02 CST 2020","77","testcases","test_comic","TestComic","","","场景测试-获取我的漫画",""
"passed","Wed Sep 16 18:03:54 CST 2020","Wed Sep 16 18:03:55 CST 2020","34","testcases","test_app","TestApp","","","校验IOS屏蔽审核问题内容，校验返回内容的数据结构",""
"passed","Wed Sep 16 18:04:27 CST 2020","Wed Sep 16 18:04:27 CST 2020","38","testcases","test_video","TestVideo","","","场景测试-获取音乐分类列表",""
"passed","Wed Sep 16 18:03:55 CST 2020","Wed Sep 16 18:03:55 CST 2020","45","testcases","test_chumandrama","TestChumanDrama","","","场景测试-获取对话剧角色信息",""
"passed","Wed Sep 16 18:04:02 CST 2020","Wed Sep 16 18:04:02 CST 2020","120","testcases","test_comic","TestComic","","","场景测试-获取分享配置",""
"passed","Wed Sep 16 18:04:19 CST 2020","Wed Sep 16 18:04:19 CST 2020","77","testcases","test_post","TestPost","","","场景测试--删除帖子",""
"passed","Wed Sep 16 18:03:49 CST 2020","Wed Sep 16 18:03:49 CST 2020","52","testcases","test_adventuregame","TestAdventuregame","","","场景测试-获取漫剧连载土豪榜信息",""
"passed","Wed Sep 16 18:03:55 CST 2020","Wed Sep 16 18:03:55 CST 2020","57","testcases","test_chumandrama","TestChumanDrama","","","场景测试-获取对话剧点赞和对话剧作者关注状态",""
"passed","Wed Sep 16 18:04:20 CST 2020","Wed Sep 16 18:04:20 CST 2020","38","testcases","test_shortvideoeditor","TestShortVideoEditor","","","场景测试-保存用户音频",""
"passed","Wed Sep 16 18:03:56 CST 2020","Wed Sep 16 18:03:56 CST 2020","139","testcases","test_chumandrama","TestChumanDrama","","","场景测试-获取最新使用图片列表",""
"passed","Wed Sep 16 18:04:09 CST 2020","Wed Sep 16 18:04:10 CST 2020","419","testcases","test_creation","TestCreation","","","场景测试--获取对话剧连载详情",""
"passed","Wed Sep 16 18:03:57 CST 2020","Wed Sep 16 18:03:58 CST 2020","451","testcases","test_chumandramagroup","TestChumanDramaGroup","","","场景测试-新建（修改）漫剧连载",""
"passed","Wed Sep 16 18:04:22 CST 2020","Wed Sep 16 18:04:23 CST 2020","387","testcases","test_user","TestUser","","","校验获取我的动态列表，校验返回内容的数据结构",""
"passed","Wed Sep 16 18:04:17 CST 2020","Wed Sep 16 18:04:17 CST 2020","179","testcases","test_homepageSlice","TestHomepageSlice","","","校验获取首页feed推荐列表，校验返回内容的数据结构",""
"passed","Wed Sep 16 18:04:11 CST 2020","Wed Sep 16 18:04:11 CST 2020","39","testcases","test_homepage","TestHomePage","","","校验获取旧版首页banner列表，校验返回内容的数据结构",""
"passed","Wed Sep 16 18:04:20 CST 2020","Wed Sep 16 18:04:20 CST 2020","231","testcases","test_shortvideoeditor","TestShortVideoEditor","","","场景测试-获取角色选择-npc",""
"passed","Wed Sep 16 18:04:09 CST 2020","Wed Sep 16 18:04:09 CST 2020","46","testcases","test_covereditor","TestCoverEditor","","","场景测试--获取自定义封面列表",""
"passed","Wed Sep 16 18:04:26 CST 2020","Wed Sep 16 18:04:26 CST 2020","115","testcases","test_video","TestVideo","","","校验删除漫影，校验返回内容的数据结构",""
"passed","Wed Sep 16 18:03:50 CST 2020","Wed Sep 16 18:03:50 CST 2020","45","testcases","test_ai","TestAi","","","场景测试--ai图片获取",""
"passed","Wed Sep 16 18:04:15 CST 2020","Wed Sep 16 18:04:16 CST 2020","849","testcases","test_homepage","TestHomePage","","","校验获取专题信息，校验返回内容的数据结构",""
"passed","Wed Sep 16 18:04:10 CST 2020","Wed Sep 16 18:04:10 CST 2020","43","testcases","test_customroles","TestCustomRoles","","","场景测试--创建自定义角色",""
"passed","Wed Sep 16 18:03:51 CST 2020","Wed Sep 16 18:03:53 CST 2020","2076","testcases","test_ai","TestAi","","","场景测试--获取已处理图片",""
"passed","Wed Sep 16 18:04:26 CST 2020","Wed Sep 16 18:04:26 CST 2020","55","testcases","test_video","TestVideo","","","校验获取用户漫影列表，校验返回内容的数据结构",""
"passed","Wed Sep 16 18:03:54 CST 2020","Wed Sep 16 18:03:54 CST 2020","37","testcases","test_app","TestApp","","","test_qiniu_private_token_schema[json_schema/App/qiniu_private_token.json]",""
"passed","Wed Sep 16 18:04:24 CST 2020","Wed Sep 16 18:04:24 CST 2020","313","testcases","test_user","TestUser","","","校验打赏用户，校验返回内容的数据结构",""
"passed","Wed Sep 16 18:04:26 CST 2020","Wed Sep 16 18:04:26 CST 2020","280","testcases","test_video","TestVideo","","","校验发布漫影，校验返回内容的数据结构",""
"passed","Wed Sep 16 18:03:49 CST 2020","Wed Sep 16 18:03:49 CST 2020","44","testcases","test_adventuregame","TestAdventuregame","","","场景测试-获取漫剧单篇风格详情",""
"passed","Wed Sep 16 18:04:20 CST 2020","Wed Sep 16 18:04:20 CST 2020","35","testcases","test_shortvideoeditor","TestShortVideoEditor","","","场景测试-获取协议状态",""
"passed","Wed Sep 16 18:04:17 CST 2020","Wed Sep 16 18:04:17 CST 2020","406","testcases","test_livebroadcast","TestLiveBroadcast","","","场景测试-主播开始直播",""
"passed","Wed Sep 16 18:04:24 CST 2020","Wed Sep 16 18:04:25 CST 2020","413","testcases","test_user","TestUser","","","校验我关注的动态，校验返回内容的数据结构",""
"passed","Wed Sep 16 18:04:07 CST 2020","Wed Sep 16 18:04:07 CST 2020","50","testcases","test_contentvideo","TestContentVideo","","","场景测试-获取分类列表",""
"passed","Wed Sep 16 18:04:27 CST 2020","Wed Sep 16 18:04:27 CST 2020","39","testcases","test_video","TestVideo","","","场景测试-获取声音搜索列表",""
"passed","Wed Sep 16 18:04:21 CST 2020","Wed Sep 16 18:04:21 CST 2020","30","testcases","test_user","TestUser","","","校验获取我的消息开关，校验返回内容的数据结构",""
"passed","Wed Sep 16 18:04:25 CST 2020","Wed Sep 16 18:04:25 CST 2020","39","testcases","test_user","TestUser","","","校验获取用户注册分流方案轮播，校验返回内容的数据结构",""
"passed","Wed Sep 16 18:04:22 CST 2020","Wed Sep 16 18:04:22 CST 2020","627","testcases","test_user","TestUser","","","校验获取订阅用户动态列表，校验返回内容的数据结构",""
"passed","Wed Sep 16 18:03:55 CST 2020","Wed Sep 16 18:03:55 CST 2020","255","testcases","test_chumandrama","TestChumanDrama","","","场景测试-分享对话剧",""
"passed","Wed Sep 16 18:04:10 CST 2020","Wed Sep 16 18:04:10 CST 2020","121","testcases","test_group","TestGroup","","","场景测试--创建同人群组",""
"passed","Wed Sep 16 18:03:56 CST 2020","Wed Sep 16 18:03:56 CST 2020","39","testcases","test_chumandrama","TestChumanDrama","","","场景测试-获取管理页面对话剧列表",""
"passed","Wed Sep 16 18:03:57 CST 2020","Wed Sep 16 18:03:57 CST 2020","121","testcases","test_chumandramagroup","TestChumanDramaGroup","","","场景测试-点赞对话剧连载",""
"passed","Wed Sep 16 18:04:01 CST 2020","Wed Sep 16 18:04:01 CST 2020","75","testcases","test_comic","TestComic","","","场景测试-获取我的漫画单篇列表",""
"passed","Wed Sep 16 18:04:01 CST 2020","Wed Sep 16 18:04:01 CST 2020","93","testcases","test_comic","TestComic","","","场景测试-获取画漫画连载列表",""
"passed","Wed Sep 16 18:03:49 CST 2020","Wed Sep 16 18:03:49 CST 2020","46","testcases","test_adventuregame","TestAdventuregame","","","场景测试-获取漫剧连载土豪榜列表",""
"passed","Wed Sep 16 18:04:27 CST 2020","Wed Sep 16 18:04:27 CST 2020","105","testcases","test_video","TestVideo","","","场景测试-检查是否显示我的短视频列表入口",""
"passed","Wed Sep 16 18:04:07 CST 2020","Wed Sep 16 18:04:07 CST 2020","423","testcases","test_comictemplate","TestComicTemplate","","","场景测试--漫画模板列表",""
"passed","Wed Sep 16 18:04:01 CST 2020","Wed Sep 16 18:04:01 CST 2020","432","testcases","test_comic","TestComic","","","场景测试-获取我的集",""
"passed","Wed Sep 16 18:04:08 CST 2020","Wed Sep 16 18:04:08 CST 2020","330","testcases","test_contentvideo","TestContentVideo","","","场景测试-获取特效列表",""
"passed","Wed Sep 16 18:04:25 CST 2020","Wed Sep 16 18:04:25 CST 2020","37","testcases","test_userRealAuth","TestUserRealAuth","","","场景测试--获取实名认证弹窗信息",""
"passed","Wed Sep 16 18:04:10 CST 2020","Wed Sep 16 18:04:10 CST 2020","69","testcases","test_customroles","TestCustomRoles","","","场景测试--创建自定义角色",""
"passed","Wed Sep 16 18:03:56 CST 2020","Wed Sep 16 18:03:56 CST 2020","171","testcases","test_chumandrama","TestChumanDrama","","","场景测试-关注/取消关注对话剧作者",""
"passed","Wed Sep 16 18:03:57 CST 2020","Wed Sep 16 18:03:57 CST 2020","45","testcases","test_chumandramagroup","TestChumanDramaGroup","","","场景测试-获取管理页面对话剧连载列表",""
"passed","Wed Sep 16 18:04:19 CST 2020","Wed Sep 16 18:04:19 CST 2020","72","testcases","test_refund","TestRefund","","","场景测试--获取用户提交申请退款信息",""
"passed","Wed Sep 16 18:04:22 CST 2020","Wed Sep 16 18:04:22 CST 2020","108","testcases","test_user","TestUser","","","校验修改用户信息，校验返回内容的数据结构",""
"passed","Wed Sep 16 18:04:16 CST 2020","Wed Sep 16 18:04:17 CST 2020","118","testcases","test_homepageSlice","TestHomepageSlice","","","校验获取首页排行榜列表，校验返回内容的数据结构",""
"passed","Wed Sep 16 18:04:23 CST 2020","Wed Sep 16 18:04:23 CST 2020","65","testcases","test_user","TestUser","","","校验获取触友主页面信息，校验返回内容的数据结构",""
"passed","Wed Sep 16 18:03:57 CST 2020","Wed Sep 16 18:03:57 CST 2020","55","testcases","test_chumandramagroup","TestChumanDramaGroup","","","场景测试-获取可以加入连载的对话剧列表",""
"passed","Wed Sep 16 18:04:21 CST 2020","Wed Sep 16 18:04:21 CST 2020","136","testcases","test_user","TestUser","","","校验获取我的信息，校验返回内容的数据结构",""
"passed","Wed Sep 16 18:04:18 CST 2020","Wed Sep 16 18:04:18 CST 2020","121","testcases","test_post","TestPost","","","发布社团帖子",""
"skipped","Wed Sep 16 18:04:17 CST 2020","Wed Sep 16 18:04:17 CST 2020","0","testcases","test_livebroadcast","TestLiveBroadcast","","","场景测试-获取直播间信息",""
"passed","Wed Sep 16 18:04:05 CST 2020","Wed Sep 16 18:04:06 CST 2020","1257","testcases","test_comictemplate","TestComicTemplate","","","场景测试--漫画模板列表",""
"passed","Wed Sep 16 18:04:15 CST 2020","Wed Sep 16 18:04:15 CST 2020","233","testcases","test_homepage","TestHomePage","","","校验获取旧版首页订阅对象动态列表，校验返回内容的数据结构",""
"passed","Wed Sep 16 18:04:18 CST 2020","Wed Sep 16 18:04:18 CST 2020","41","testcases","test_notification","TestNotification","","","校验获取广场消息未读数，校验返回内容的数据结构",""
"passed","Wed Sep 16 18:04:27 CST 2020","Wed Sep 16 18:04:27 CST 2020","95","testcases","test_video","TestVideo","","","场景测试-获取声音列表",""
"passed","Wed Sep 16 18:04:19 CST 2020","Wed Sep 16 18:04:19 CST 2020","141","testcases","test_refund","TestRefund","","","场景测试--提交退款申请",""
"passed","Wed Sep 16 18:03:55 CST 2020","Wed Sep 16 18:03:55 CST 2020","32","testcases","test_app","TestApp","","","校验获取七牛上传或下载token，校验返回内容的数据结构",""
"passed","Wed Sep 16 18:04:04 CST 2020","Wed Sep 16 18:04:05 CST 2020","66","testcases","test_comiccreate","TestComicCreate","","","场景测试-判断用户创建漫画是否弹窗奖励弹窗",""
"passed","Wed Sep 16 18:04:18 CST 2020","Wed Sep 16 18:04:18 CST 2020","36","testcases","test_notification","TestNotification","","","校验获取个人未读消息，校验返回内容的数据结构",""
"passed","Wed Sep 16 18:03:54 CST 2020","Wed Sep 16 18:03:54 CST 2020","57","testcases","test_ai","TestAi","","","场景测试--批量删除ai记录",""
"passed","Wed Sep 16 18:04:26 CST 2020","Wed Sep 16 18:04:26 CST 2020","85","testcases","test_video","TestVideo","","","校验获取漫影详情信息，校验返回内容的数据结构",""
"passed","Wed Sep 16 18:04:23 CST 2020","Wed Sep 16 18:04:23 CST 2020","52","testcases","test_user","TestUser","","","校验获取第一个点赞与关注信息，校验返回内容的数据结构",""
"passed","Wed Sep 16 18:04:27 CST 2020","Wed Sep 16 18:04:27 CST 2020","32","testcases","test_video","TestVideo","","","场景测试-获取短视频一级分类列表",""
"passed","Wed Sep 16 18:04:27 CST 2020","Wed Sep 16 18:04:27 CST 2020","44","testcases","test_video","TestVideo","","","场景测试-获取短视频标签列表",""
"passed","Wed Sep 16 18:04:08 CST 2020","Wed Sep 16 18:04:08 CST 2020","138","testcases","test_covereditor","TestCoverEditor","","","场景测试--我的封面模板列表",""
"passed","Wed Sep 16 18:03:55 CST 2020","Wed Sep 16 18:03:55 CST 2020","32","testcases","test_app","TestApp","","","校验获取七牛上传或下载token，校验返回内容的数据结构",""
"passed","Wed Sep 16 18:03:50 CST 2020","Wed Sep 16 18:03:50 CST 2020","142","testcases","test_ai","TestAi","","","场景测试--ai处理图片",""
"passed","Wed Sep 16 18:04:08 CST 2020","Wed Sep 16 18:04:08 CST 2020","49","testcases","test_covereditor","TestCoverEditor","","","场景测试--获取封面模板分类列表",""
"passed","Wed Sep 16 18:04:11 CST 2020","Wed Sep 16 18:04:11 CST 2020","32","testcases","test_group","TestGroup","","","场景测试--创建群组时，获取一级主题",""
"passed","Wed Sep 16 18:03:54 CST 2020","Wed Sep 16 18:03:54 CST 2020","257","testcases","test_app","TestApp","","","test_qiniu_grant_token_schema[upload-None-json_schema/App/qiniu_grant_token.json]",""
"passed","Wed Sep 16 18:04:19 CST 2020","Wed Sep 16 18:04:19 CST 2020","36","testcases","test_search","TestSearch","","","校验获取搜索热词列表，校验返回内容的数据结构",""
"passed","Wed Sep 16 18:03:50 CST 2020","Wed Sep 16 18:03:50 CST 2020","123","testcases","test_ai","TestAi","","","场景测试--ai处理图片",""
"passed","Wed Sep 16 18:04:18 CST 2020","Wed Sep 16 18:04:18 CST 2020","112","testcases","test_notification","TestNotification","","","校验获取评论与点赞消息，校验返回内容的数据结构",""
"passed","Wed Sep 16 18:04:22 CST 2020","Wed Sep 16 18:04:22 CST 2020","51","testcases","test_user","TestUser","","","校验获取手机绑定状态，校验返回内容的数据结构",""
"passed","Wed Sep 16 18:04:08 CST 2020","Wed Sep 16 18:04:08 CST 2020","43","testcases","test_covereditor","TestCoverEditor","","","场景测试--获取已购买的模板列表",""
"passed","Wed Sep 16 18:04:01 CST 2020","Wed Sep 16 18:04:01 CST 2020","33","testcases","test_club","TestClub","","","检查社团是否被封禁",""
"passed","Wed Sep 16 18:04:21 CST 2020","Wed Sep 16 18:04:21 CST 2020","36","testcases","test_user","TestUser","","","校验是否有新手引导，校验返回内容的数据结构",""
"passed","Wed Sep 16 18:04:23 CST 2020","Wed Sep 16 18:04:23 CST 2020","39","testcases","test_user","TestUser","","","校验获取个性装扮分类，校验返回内容的数据结构",""
"passed","Wed Sep 16 18:04:26 CST 2020","Wed Sep 16 18:04:27 CST 2020","36","testcases","test_video","TestVideo","","","场景测试-获取动态素材列表",""
"passed","Wed Sep 16 18:03:58 CST 2020","Wed Sep 16 18:03:59 CST 2020","528","testcases","test_cloudpackage","TestCloudPackage","","","场景测试-获取分栏目列表",""
"passed","Wed Sep 16 18:04:19 CST 2020","Wed Sep 16 18:04:19 CST 2020","46","testcases","test_punisnotice","TestPunisNotice","","","场景测试--获取处罚公告列表",""
"passed","Wed Sep 16 18:03:54 CST 2020","Wed Sep 16 18:03:54 CST 2020","108","testcases","test_ai","TestAi","","","场景测试--获取ai页面固定文案",""
"passed","Wed Sep 16 18:03:51 CST 2020","Wed Sep 16 18:03:51 CST 2020","161","testcases","test_ai","TestAi","","","场景测试--ai处理图片",""
"passed","Wed Sep 16 18:04:02 CST 2020","Wed Sep 16 18:04:02 CST 2020","45","testcases","test_comic","TestComic","","","场景测试-获取(内容频道版本)作品分类顶部tag列表",""
"passed","Wed Sep 16 18:04:16 CST 2020","Wed Sep 16 18:04:16 CST 2020","73","testcases","test_homepageSlice","TestHomepageSlice","","","校验获取首页热门推荐讨论列表，校验返回内容的数据结构",""
"passed","Wed Sep 16 18:04:25 CST 2020","Wed Sep 16 18:04:25 CST 2020","62","testcases","test_user","TestUser","","","校验保存用户标签，校验返回内容的数据结构",""
"passed","Wed Sep 16 18:03:56 CST 2020","Wed Sep 16 18:03:56 CST 2020","48","testcases","test_chumandrama","TestChumanDrama","","","场景测试-获取对话剧连载上一篇角色列表",""
"passed","Wed Sep 16 18:04:18 CST 2020","Wed Sep 16 18:04:18 CST 2020","43","testcases","test_notification","TestNotification","","","校验获取评论与点赞消息，校验返回内容的数据结构",""
"passed","Wed Sep 16 18:04:25 CST 2020","Wed Sep 16 18:04:25 CST 2020","63","testcases","test_user","TestUser","","","校验检查用户运气值，校验返回内容的数据结构",""
"passed","Wed Sep 16 18:04:15 CST 2020","Wed Sep 16 18:04:15 CST 2020","110","testcases","test_homepage","TestHomePage","","","校验获取换一换作品列表，校验返回内容的数据结构",""
"passed","Wed Sep 16 18:04:17 CST 2020","Wed Sep 16 18:04:17 CST 2020","56","testcases","test_homepageSlice","TestHomepageSlice","","","校验获取首页热门讨论主题列表，校验返回内容的数据结构",""
"passed","Wed Sep 16 18:03:50 CST 2020","Wed Sep 16 18:03:50 CST 2020","121","testcases","test_ai","TestAi","","","场景测试--ai处理图片",""
"passed","Wed Sep 16 18:04:02 CST 2020","Wed Sep 16 18:04:02 CST 2020","115","testcases","test_comic","TestComic","","","场景测试-获取连载漫画列表",""
"passed","Wed Sep 16 18:04:05 CST 2020","Wed Sep 16 18:04:05 CST 2020","35","testcases","test_comictemplate","TestComicTemplate","","","获取新手类型模板",""
"passed","Wed Sep 16 18:04:18 CST 2020","Wed Sep 16 18:04:18 CST 2020","44","testcases","test_notification","TestNotification","","","校验获取用户点赞列表，校验返回内容的数据结构",""
"passed","Wed Sep 16 18:04:13 CST 2020","Wed Sep 16 18:04:15 CST 2020","1593","testcases","test_homepage","TestHomePage","","","校验获取旧版首页推荐列表，校验返回内容的数据结构",""
"passed","Wed Sep 16 18:04:10 CST 2020","Wed Sep 16 18:04:10 CST 2020","55","testcases","test_creation","TestCreation","","","场景测试--获取用户单篇列表",""
"passed","Wed Sep 16 18:04:27 CST 2020","Wed Sep 16 18:04:27 CST 2020","46","testcases","test_video","TestVideo","","","场景测试-获取声音推荐列表",""
"passed","Wed Sep 16 18:03:51 CST 2020","Wed Sep 16 18:03:51 CST 2020","123","testcases","test_ai","TestAi","","","场景测试--ai处理图片",""
"passed","Wed Sep 16 18:04:04 CST 2020","Wed Sep 16 18:04:04 CST 2020","44","testcases","test_comiccreate","TestComicCreate","","","场景测试-获取上新信息",""
"passed","Wed Sep 16 18:04:10 CST 2020","Wed Sep 16 18:04:10 CST 2020","63","testcases","test_giftpack","TestGiftpack","","","获取人物套装列表(简易编辑器)",""
"passed","Wed Sep 16 18:04:05 CST 2020","Wed Sep 16 18:04:05 CST 2020","62","testcases","test_comictemplate","TestComicTemplate","","","获取画面编辑器模板",""
"passed","Wed Sep 16 18:04:27 CST 2020","Wed Sep 16 18:04:27 CST 2020","48","testcases","test_video","TestVideo","","","场景测试-获取动态素材列表",""
"passed","Wed Sep 16 18:03:53 CST 2020","Wed Sep 16 18:03:53 CST 2020","48","testcases","test_ai","TestAi","","","场景测试--获取ai页面固定文案",""
"passed","Wed Sep 16 18:04:15 CST 2020","Wed Sep 16 18:04:15 CST 2020","133","testcases","test_homepage","TestHomePage","","","校验获取旧版首页最新内容列表，校验返回内容的数据结构",""
"passed","Wed Sep 16 18:04:20 CST 2020","Wed Sep 16 18:04:20 CST 2020","89","testcases","test_shortvideoeditor","TestShortVideoEditor","","","场景测试-用户是否有简易漫画作品",""
"passed","Wed Sep 16 18:04:17 CST 2020","Wed Sep 16 18:04:17 CST 2020","131","testcases","test_homepageSlice","TestHomepageSlice","","","校验获取首页专题推荐列表，校验返回内容的数据结构",""
"passed","Wed Sep 16 18:04:07 CST 2020","Wed Sep 16 18:04:08 CST 2020","110","testcases","test_contentvideo","TestContentVideo","","","场景测试-获取音色列表",""
"passed","Wed Sep 16 18:03:55 CST 2020","Wed Sep 16 18:03:56 CST 2020","86","testcases","test_chumandrama","TestChumanDrama","","","场景测试-获取导入角色页面的对话剧列表",""
"passed","Wed Sep 16 18:04:02 CST 2020","Wed Sep 16 18:04:04 CST 2020","1534","testcases","test_comic","TestComic","","","场景测试-漫画创建/编辑",""
"passed","Wed Sep 16 18:04:04 CST 2020","Wed Sep 16 18:04:04 CST 2020","68","testcases","test_comic","TestComic","","","场景测试-获取个人主页我的漫画连载数",""
"passed","Wed Sep 16 18:04:00 CST 2020","Wed Sep 16 18:04:00 CST 2020","315","testcases","test_club","TestClub","","","用户没有加入社团时，获取广场-社团信息",""
"passed","Wed Sep 16 18:04:05 CST 2020","Wed Sep 16 18:04:05 CST 2020","59","testcases","test_comictemplate","TestComicTemplate","","","获取简易编辑器模板",""
"passed","Wed Sep 16 18:03:47 CST 2020","Wed Sep 16 18:03:47 CST 2020","118","testcases","test_adventuregame","TestAdventuregame","","","场景测试-获取推荐漫剧分类列表",""
"passed","Wed Sep 16 18:04:01 CST 2020","Wed Sep 16 18:04:02 CST 2020","368","testcases","test_comic","TestComic","","","场景测试-获取大作轨迹",""
"passed","Wed Sep 16 18:03:54 CST 2020","Wed Sep 16 18:03:54 CST 2020","56","testcases","test_app","TestApp","","","test_config_schema[json_schema/App/config.json]",""
"passed","Wed Sep 16 18:04:16 CST 2020","Wed Sep 16 18:04:16 CST 2020","55","testcases","test_homepageSlice","TestHomepageSlice","","","校验获取首页推荐四宫格列表，校验返回内容的数据结构",""
"passed","Wed Sep 16 18:04:08 CST 2020","Wed Sep 16 18:04:08 CST 2020","57","testcases","test_contentvideo","TestContentVideo","","","场景测试-获取语音服务token",""
"passed","Wed Sep 16 18:04:24 CST 2020","Wed Sep 16 18:04:24 CST 2020","100","testcases","test_user","TestUser","","","校验获取关注圈用户详情，校验返回内容的数据结构",""
"passed","Wed Sep 16 18:04:04 CST 2020","Wed Sep 16 18:04:04 CST 2020","163","testcases","test_comic","TestComic","","","场景测试-获取个人主页我的漫画连载数",""
"passed","Wed Sep 16 18:04:08 CST 2020","Wed Sep 16 18:04:09 CST 2020","62","testcases","test_covereditor","TestCoverEditor","","","场景测试--我的封面模板列表",""
"passed","Wed Sep 16 18:04:05 CST 2020","Wed Sep 16 18:04:05 CST 2020","64","testcases","test_comictemplate","TestComicTemplate","","","不传Type参数",""
"passed","Wed Sep 16 18:04:18 CST 2020","Wed Sep 16 18:04:18 CST 2020","59","testcases","test_notification","TestNotification","","","校验获取广场消息未读数，校验返回内容的数据结构",""
"passed","Wed Sep 16 18:03:56 CST 2020","Wed Sep 16 18:03:56 CST 2020","59","testcases","test_chumandrama","TestChumanDrama","","","场景测试-同人群组漫剧列表",""
"passed","Wed Sep 16 18:04:24 CST 2020","Wed Sep 16 18:04:24 CST 2020","67","testcases","test_user","TestUser","","","校验获取订阅用户详情，校验返回内容的数据结构",""
"passed","Wed Sep 16 18:03:47 CST 2020","Wed Sep 16 18:03:47 CST 2020","49","testcases","test_adventuregame","TestAdventuregame","","","场景测试-获取漫剧连载单篇列表",""
"passed","Wed Sep 16 18:04:08 CST 2020","Wed Sep 16 18:04:08 CST 2020","41","testcases","test_covereditor","TestCoverEditor","","","场景测试--获取已购买的模板列表",""
"passed","Wed Sep 16 18:04:10 CST 2020","Wed Sep 16 18:04:11 CST 2020","45","testcases","test_group","TestGroup","","","场景测试--获取用户已创建的同人群组列表",""
"passed","Wed Sep 16 18:03:57 CST 2020","Wed Sep 16 18:03:57 CST 2020","73","testcases","test_chumandrama","TestChumanDrama","","","场景测试-新建（修改）漫剧",""
"passed","Wed Sep 16 18:04:27 CST 2020","Wed Sep 16 18:04:27 CST 2020","57","testcases","test_video","TestVideo","","","场景测试-获取短视频标签列表",""
"passed","Wed Sep 16 18:03:49 CST 2020","Wed Sep 16 18:03:49 CST 2020","42","testcases","test_adventuregame","TestAdventuregame","","","场景测试-点赞漫剧单篇",""
"passed","Wed Sep 16 18:04:25 CST 2020","Wed Sep 16 18:04:26 CST 2020","437","testcases","test_video","TestVideo","","","校验获取漫影tab推荐列表，校验返回内容的数据结构",""
"passed","Wed Sep 16 18:03:54 CST 2020","Wed Sep 16 18:03:54 CST 2020","189","testcases","test_app","TestApp","","","test_sync_schema[json_schema/App/sync.json]",""
"passed","Wed Sep 16 18:04:08 CST 2020","Wed Sep 16 18:04:08 CST 2020","55","testcases","test_covereditor","TestCoverEditor","","","场景测试--获取已购买的模板列表",""
"passed","Wed Sep 16 18:04:17 CST 2020","Wed Sep 16 18:04:17 CST 2020","50","testcases","test_homepageSlice","TestHomepageSlice","","","校验获取首页骨架，校验返回内容的数据结构",""
