[ {
  "uid" : "2eb34ca731404c6c",
  "name" : "场景测试-获取我的集",
  "time" : {
    "start" : 1600252087881,
    "stop" : 1600252088258,
    "duration" : 377
  },
  "status" : "passed",
  "severity" : "normal"
}, {
  "uid" : "e4269365836fe938",
  "name" : "场景测试-获取个人主页我的漫画连载数",
  "time" : {
    "start" : 1600252090743,
    "stop" : 1600252090819,
    "duration" : 76
  },
  "status" : "passed",
  "severity" : "normal"
}, {
  "uid" : "443db609291794a5",
  "name" : "场景测试-获取(内容频道版本)作品分类列表",
  "time" : {
    "start" : 1600252088997,
    "stop" : 1600252089039,
    "duration" : 42
  },
  "status" : "passed",
  "severity" : "normal"
}, {
  "uid" : "6353f28b20060c4c",
  "name" : "场景测试-获取大作轨迹",
  "time" : {
    "start" : 1600252088386,
    "stop" : 1600252088639,
    "duration" : 253
  },
  "status" : "passed",
  "severity" : "normal"
}, {
  "uid" : "79192a0d362751dd",
  "name" : "场景测试-获取我的漫画",
  "time" : {
    "start" : 1600252088646,
    "stop" : 1600252088709,
    "duration" : 63
  },
  "status" : "passed",
  "severity" : "normal"
}, {
  "uid" : "4b4efe596ce8ae64",
  "name" : "场景测试-删除个人漫画单篇",
  "time" : {
    "start" : 1600252090494,
    "stop" : 1600252090738,
    "duration" : 244
  },
  "status" : "passed",
  "severity" : "normal"
}, {
  "uid" : "1349417158358c77",
  "name" : "场景测试-获取(内容频道版本)作品分类顶部tag列表",
  "time" : {
    "start" : 1600252088958,
    "stop" : 1600252088990,
    "duration" : 32
  },
  "status" : "passed",
  "severity" : "normal"
}, {
  "uid" : "7a413a1b8bcfc689",
  "name" : "场景测试-获取画漫画连载列表",
  "time" : {
    "start" : 1600252088314,
    "stop" : 1600252088381,
    "duration" : 67
  },
  "status" : "passed",
  "severity" : "normal"
}, {
  "uid" : "83a885319e71a627",
  "name" : "场景测试-获取连载漫画列表",
  "time" : {
    "start" : 1600252088725,
    "stop" : 1600252088827,
    "duration" : 102
  },
  "status" : "passed",
  "severity" : "normal"
}, {
  "uid" : "8b6c80e24268548f",
  "name" : "场景测试-获取分享配置",
  "time" : {
    "start" : 1600252088839,
    "stop" : 1600252088893,
    "duration" : 54
  },
  "status" : "passed",
  "severity" : "normal"
}, {
  "uid" : "6ecae2877b31af29",
  "name" : "场景测试-漫画创建/编辑",
  "time" : {
    "start" : 1600252089050,
    "stop" : 1600252090482,
    "duration" : 1432
  },
  "status" : "passed",
  "severity" : "normal"
}, {
  "uid" : "246acfb88bbefce0",
  "name" : "场景测试-获取个人主页我的漫画连载数",
  "time" : {
    "start" : 1600252090910,
    "stop" : 1600252090992,
    "duration" : 82
  },
  "status" : "passed",
  "severity" : "normal"
}, {
  "uid" : "d093f77bb190cabb",
  "name" : "场景测试-获取分享配置",
  "time" : {
    "start" : 1600252088906,
    "stop" : 1600252088950,
    "duration" : 44
  },
  "status" : "passed",
  "severity" : "normal"
}, {
  "uid" : "be3500545f41a045",
  "name" : "场景测试-获取个人主页我的漫画连载数",
  "time" : {
    "start" : 1600252090824,
    "stop" : 1600252090903,
    "duration" : 79
  },
  "status" : "passed",
  "severity" : "normal"
}, {
  "uid" : "65ec2fd81a228bea",
  "name" : "场景测试-获取我的漫画单篇列表",
  "time" : {
    "start" : 1600252088265,
    "stop" : 1600252088309,
    "duration" : 44
  },
  "status" : "passed",
  "severity" : "normal"
} ]