{
  "596f9f521c8a74ab0ce0bf73f22c3e7f" : {
    "statistic" : {
      "failed" : 0,
      "broken" : 0,
      "skipped" : 0,
      "passed" : 1,
      "unknown" : 0,
      "total" : 1
    },
    "items" : [ {
      "uid" : "a484dadf0af816dc",
      "status" : "passed",
      "time" : {
        "start" : 1600250629797,
        "stop" : 1600250629839,
        "duration" : 42
      }
    } ]
  },
  "ab7745d0843fc0f877e0e202a8f1a78a" : {
    "statistic" : {
      "failed" : 0,
      "broken" : 0,
      "skipped" : 0,
      "passed" : 1,
      "unknown" : 0,
      "total" : 1
    },
    "items" : [ {
      "uid" : "c40b90579f3daf44",
      "status" : "passed",
      "time" : {
        "start" : 1600250658631,
        "stop" : 1600250658667,
        "duration" : 36
      }
    } ]
  },
  "6dfd39c4da0393a581cee5c5dd0236ea" : {
    "statistic" : {
      "failed" : 0,
      "broken" : 0,
      "skipped" : 0,
      "passed" : 1,
      "unknown" : 0,
      "total" : 1
    },
    "items" : [ {
      "uid" : "4c1b3cfdda102135",
      "status" : "passed",
      "time" : {
        "start" : 1600250658245,
        "stop" : 1600250658288,
        "duration" : 43
      }
    } ]
  },
  "91171aef1c702a314fa7b51ec3f41e8b" : {
    "statistic" : {
      "failed" : 0,
      "broken" : 0,
      "skipped" : 0,
      "passed" : 1,
      "unknown" : 0,
      "total" : 1
    },
    "items" : [ {
      "uid" : "a6ae87c3b599726f",
      "status" : "passed",
      "time" : {
        "start" : 1600250650977,
        "stop" : 1600250651022,
        "duration" : 45
      }
    } ]
  },
  "c017cf44543cc10576da5b8170293b74" : {
    "statistic" : {
      "failed" : 0,
      "broken" : 0,
      "skipped" : 0,
      "passed" : 1,
      "unknown" : 0,
      "total" : 1
    },
    "items" : [ {
      "uid" : "91891d5ffcb03ed9",
      "status" : "passed",
      "time" : {
        "start" : 1600250649007,
        "stop" : 1600250649075,
        "duration" : 68
      }
    } ]
  },
  "e1a8cbdac7d980f91a7f5e8c93114fa1" : {
    "statistic" : {
      "failed" : 0,
      "broken" : 0,
      "skipped" : 0,
      "passed" : 1,
      "unknown" : 0,
      "total" : 1
    },
    "items" : [ {
      "uid" : "6afe773a015f983d",
      "status" : "passed",
      "time" : {
        "start" : 1600250665445,
        "stop" : 1600250665508,
        "duration" : 63
      }
    } ]
  },
  "32b4fc1491f779918e0d6abe1d1911f5" : {
    "statistic" : {
      "failed" : 0,
      "broken" : 0,
      "skipped" : 0,
      "passed" : 1,
      "unknown" : 0,
      "total" : 1
    },
    "items" : [ {
      "uid" : "c5be506fcbef3dd2",
      "status" : "passed",
      "time" : {
        "start" : 1600250650907,
        "stop" : 1600250650967,
        "duration" : 60
      }
    } ]
  },
  "c3fa4fb4db972cb49277f6673e1cf811" : {
    "statistic" : {
      "failed" : 0,
      "broken" : 0,
      "skipped" : 0,
      "passed" : 1,
      "unknown" : 0,
      "total" : 1
    },
    "items" : [ {
      "uid" : "750fceb4c443756d",
      "status" : "passed",
      "time" : {
        "start" : 1600250642425,
        "stop" : 1600250642545,
        "duration" : 120
      }
    } ]
  },
  "19da8be8496debce7d543c77a4834b97" : {
    "statistic" : {
      "failed" : 0,
      "broken" : 0,
      "skipped" : 0,
      "passed" : 1,
      "unknown" : 0,
      "total" : 1
    },
    "items" : [ {
      "uid" : "40ecd3dd46693dae",
      "status" : "passed",
      "time" : {
        "start" : 1600250664198,
        "stop" : 1600250664298,
        "duration" : 100
      }
    } ]
  },
  "f75861ecbd6ddaf4e0fd107261b6f9f7" : {
    "statistic" : {
      "failed" : 0,
      "broken" : 0,
      "skipped" : 0,
      "passed" : 1,
      "unknown" : 0,
      "total" : 1
    },
    "items" : [ {
      "uid" : "12a1312df8b10e7f",
      "status" : "passed",
      "time" : {
        "start" : 1600250639040,
        "stop" : 1600250639456,
        "duration" : 416
      }
    } ]
  },
  "e3ff9d6191a1d4279a353595dae458a0" : {
    "statistic" : {
      "failed" : 0,
      "broken" : 0,
      "skipped" : 0,
      "passed" : 1,
      "unknown" : 0,
      "total" : 1
    },
    "items" : [ {
      "uid" : "b5a9bf6b6cfdc651",
      "status" : "passed",
      "time" : {
        "start" : 1600250659419,
        "stop" : 1600250659452,
        "duration" : 33
      }
    } ]
  },
  "bceaee2566cd29b078e58f355228d197" : {
    "statistic" : {
      "failed" : 0,
      "broken" : 0,
      "skipped" : 0,
      "passed" : 1,
      "unknown" : 0,
      "total" : 1
    },
    "items" : [ {
      "uid" : "bdb6cf31a5f50a52",
      "status" : "passed",
      "time" : {
        "start" : 1600250658293,
        "stop" : 1600250658405,
        "duration" : 112
      }
    } ]
  },
  "468ea5fc3003303e6e8db642ece6a6e9" : {
    "statistic" : {
      "failed" : 0,
      "broken" : 0,
      "skipped" : 0,
      "passed" : 1,
      "unknown" : 0,
      "total" : 1
    },
    "items" : [ {
      "uid" : "e0a602ec79404d0a",
      "status" : "passed",
      "time" : {
        "start" : 1600250633915,
        "stop" : 1600250633963,
        "duration" : 48
      }
    } ]
  },
  "c5c22a1aad2fa804cc648dbf4e1bed93" : {
    "statistic" : {
      "failed" : 0,
      "broken" : 0,
      "skipped" : 0,
      "passed" : 1,
      "unknown" : 0,
      "total" : 1
    },
    "items" : [ {
      "uid" : "7ff5aee621639f29",
      "status" : "passed",
      "time" : {
        "start" : 1600250648625,
        "stop" : 1600250648668,
        "duration" : 43
      }
    } ]
  },
  "e8be124071f5b38647cb486eed6a0987" : {
    "statistic" : {
      "failed" : 0,
      "broken" : 0,
      "skipped" : 0,
      "passed" : 1,
      "unknown" : 0,
      "total" : 1
    },
    "items" : [ {
      "uid" : "fdd2aa3f30a73c8e",
      "status" : "passed",
      "time" : {
        "start" : 1600250664655,
        "stop" : 1600250664689,
        "duration" : 34
      }
    } ]
  },
  "a7c95d1a601efb932b7cd97843a7c053" : {
    "statistic" : {
      "failed" : 0,
      "broken" : 0,
      "skipped" : 0,
      "passed" : 1,
      "unknown" : 0,
      "total" : 1
    },
    "items" : [ {
      "uid" : "89277204345a73e2",
      "status" : "passed",
      "time" : {
        "start" : 1600250644241,
        "stop" : 1600250644487,
        "duration" : 246
      }
    } ]
  },
  "58c433a79934da00995d95908476a41f" : {
    "statistic" : {
      "failed" : 0,
      "broken" : 0,
      "skipped" : 0,
      "passed" : 1,
      "unknown" : 0,
      "total" : 1
    },
    "items" : [ {
      "uid" : "be3d95d3dd9e8bc6",
      "status" : "passed",
      "time" : {
        "start" : 1600250665759,
        "stop" : 1600250666196,
        "duration" : 437
      }
    } ]
  },
  "75569b29c571992727d929b47f1a5f64" : {
    "statistic" : {
      "failed" : 0,
      "broken" : 0,
      "skipped" : 0,
      "passed" : 1,
      "unknown" : 0,
      "total" : 1
    },
    "items" : [ {
      "uid" : "4a05d99c9cf06bce",
      "status" : "passed",
      "time" : {
        "start" : 1600250661417,
        "stop" : 1600250661553,
        "duration" : 136
      }
    } ]
  },
  "1c4a0a74fe07de2331c051105b12229a" : {
    "statistic" : {
      "failed" : 0,
      "broken" : 0,
      "skipped" : 0,
      "passed" : 1,
      "unknown" : 0,
      "total" : 1
    },
    "items" : [ {
      "uid" : "3955b607c84b78e0",
      "status" : "passed",
      "time" : {
        "start" : 1600250658568,
        "stop" : 1600250658627,
        "duration" : 59
      }
    } ]
  },
  "52c33058cd001b5a321a9a4c6ab66196" : {
    "statistic" : {
      "failed" : 0,
      "broken" : 0,
      "skipped" : 0,
      "passed" : 1,
      "unknown" : 0,
      "total" : 1
    },
    "items" : [ {
      "uid" : "dc044c144680692b",
      "status" : "passed",
      "time" : {
        "start" : 1600250660581,
        "stop" : 1600250660670,
        "duration" : 89
      }
    } ]
  },
  "ea9313f3dbba49b4fcb83415cc260876" : {
    "statistic" : {
      "failed" : 0,
      "broken" : 0,
      "skipped" : 0,
      "passed" : 1,
      "unknown" : 0,
      "total" : 1
    },
    "items" : [ {
      "uid" : "ef89c0935ca5bf48",
      "status" : "passed",
      "time" : {
        "start" : 1600250635847,
        "stop" : 1600250635904,
        "duration" : 57
      }
    } ]
  },
  "5edeb9adef05120e8c3486ef5b6bccb2" : {
    "statistic" : {
      "failed" : 0,
      "broken" : 0,
      "skipped" : 0,
      "passed" : 1,
      "unknown" : 0,
      "total" : 1
    },
    "items" : [ {
      "uid" : "b084f1207ef4a074",
      "status" : "passed",
      "time" : {
        "start" : 1600250641141,
        "stop" : 1600250641573,
        "duration" : 432
      }
    } ]
  },
  "fe1ee652448acf86bceb4cbf13f23bde" : {
    "statistic" : {
      "failed" : 0,
      "broken" : 0,
      "skipped" : 0,
      "passed" : 1,
      "unknown" : 0,
      "total" : 1
    },
    "items" : [ {
      "uid" : "6166069016a5fcbf",
      "status" : "passed",
      "time" : {
        "start" : 1600250642695,
        "stop" : 1600250644229,
        "duration" : 1534
      }
    } ]
  },
  "b468ee144246df4f887812f791b8fc81" : {
    "statistic" : {
      "failed" : 0,
      "broken" : 0,
      "skipped" : 0,
      "passed" : 1,
      "unknown" : 0,
      "total" : 1
    },
    "items" : [ {
      "uid" : "ca3733becc35ba13",
      "status" : "passed",
      "time" : {
        "start" : 1600250647510,
        "stop" : 1600250647658,
        "duration" : 148
      }
    } ]
  },
  "d104a374eb4f742df18071387cc44d06" : {
    "statistic" : {
      "failed" : 0,
      "broken" : 0,
      "skipped" : 0,
      "passed" : 1,
      "unknown" : 0,
      "total" : 1
    },
    "items" : [ {
      "uid" : "282d61e06dbcebbc",
      "status" : "passed",
      "time" : {
        "start" : 1600250651260,
        "stop" : 1600250652127,
        "duration" : 867
      }
    } ]
  },
  "dcfab43ca2e4c93774f9d76560c385b4" : {
    "statistic" : {
      "failed" : 0,
      "broken" : 0,
      "skipped" : 0,
      "passed" : 1,
      "unknown" : 0,
      "total" : 1
    },
    "items" : [ {
      "uid" : "5c0cd8f82bbc34a8",
      "status" : "passed",
      "time" : {
        "start" : 1600250653621,
        "stop" : 1600250655214,
        "duration" : 1593
      }
    } ]
  },
  "bdf5027fefa79e4d88e4407b8deaf1f7" : {
    "statistic" : {
      "failed" : 0,
      "broken" : 0,
      "skipped" : 0,
      "passed" : 1,
      "unknown" : 0,
      "total" : 1
    },
    "items" : [ {
      "uid" : "76accac9e203ce1b",
      "status" : "passed",
      "time" : {
        "start" : 1600250644493,
        "stop" : 1600250644656,
        "duration" : 163
      }
    } ]
  },
  "fde3e9abae06bb0f992657fb6996a1a4" : {
    "statistic" : {
      "failed" : 0,
      "broken" : 0,
      "skipped" : 0,
      "passed" : 1,
      "unknown" : 0,
      "total" : 1
    },
    "items" : [ {
      "uid" : "a1da75de0970e732",
      "status" : "passed",
      "time" : {
        "start" : 1600250638392,
        "stop" : 1600250638469,
        "duration" : 77
      }
    } ]
  },
  "b06823d4c70fbdf3154b890b0e1a1339" : {
    "statistic" : {
      "failed" : 0,
      "broken" : 0,
      "skipped" : 0,
      "passed" : 1,
      "unknown" : 0,
      "total" : 1
    },
    "items" : [ {
      "uid" : "7a2f4ad47a71f1c0",
      "status" : "passed",
      "time" : {
        "start" : 1600250656857,
        "stop" : 1600250656930,
        "duration" : 73
      }
    } ]
  },
  "b9afdfa7c4cab8d4d2d2766d538d1172" : {
    "statistic" : {
      "failed" : 0,
      "broken" : 0,
      "skipped" : 0,
      "passed" : 1,
      "unknown" : 0,
      "total" : 1
    },
    "items" : [ {
      "uid" : "7d4cb35afb09a145",
      "status" : "passed",
      "time" : {
        "start" : 1600250634463,
        "stop" : 1600250634519,
        "duration" : 56
      }
    } ]
  },
  "1818aa3b9bffb05e05fa248e00200ac4" : {
    "statistic" : {
      "failed" : 0,
      "broken" : 0,
      "skipped" : 0,
      "passed" : 1,
      "unknown" : 0,
      "total" : 1
    },
    "items" : [ {
      "uid" : "7f6fa2290640ad09",
      "status" : "passed",
      "time" : {
        "start" : 1600250647927,
        "stop" : 1600250647977,
        "duration" : 50
      }
    } ]
  },
  "9607776f83c860a35318f01ad7e0c5e9" : {
    "statistic" : {
      "failed" : 0,
      "broken" : 0,
      "skipped" : 0,
      "passed" : 1,
      "unknown" : 0,
      "total" : 1
    },
    "items" : [ {
      "uid" : "e0f2390547f5c357",
      "status" : "passed",
      "time" : {
        "start" : 1600250667066,
        "stop" : 1600250667098,
        "duration" : 32
      }
    } ]
  },
  "1afdacfa9e10be05db9685d7f5a46321" : {
    "statistic" : {
      "failed" : 0,
      "broken" : 0,
      "skipped" : 0,
      "passed" : 1,
      "unknown" : 0,
      "total" : 1
    },
    "items" : [ {
      "uid" : "f6d5cc22f084c795",
      "status" : "passed",
      "time" : {
        "start" : 1600250659078,
        "stop" : 1600250659155,
        "duration" : 77
      }
    } ]
  },
  "e5e4ffe2d3f607c310bf239577abcfc6" : {
    "statistic" : {
      "failed" : 0,
      "broken" : 0,
      "skipped" : 0,
      "passed" : 1,
      "unknown" : 0,
      "total" : 1
    },
    "items" : [ {
      "uid" : "2bd6a1fdafeac9ec",
      "status" : "passed",
      "time" : {
        "start" : 1600250649564,
        "stop" : 1600250649648,
        "duration" : 84
      }
    } ]
  },
  "e8e9fcee367a8698f85c7c52361d77b7" : {
    "statistic" : {
      "failed" : 0,
      "broken" : 0,
      "skipped" : 0,
      "passed" : 1,
      "unknown" : 0,
      "total" : 1
    },
    "items" : [ {
      "uid" : "34cec9dae7a3d637",
      "status" : "passed",
      "time" : {
        "start" : 1600250658423,
        "stop" : 1600250658504,
        "duration" : 81
      }
    } ]
  },
  "01aee7a193b967093570c92dd535f78d" : {
    "statistic" : {
      "failed" : 0,
      "broken" : 0,
      "skipped" : 0,
      "passed" : 1,
      "unknown" : 0,
      "total" : 1
    },
    "items" : [ {
      "uid" : "a0681b6b300c9d91",
      "status" : "passed",
      "time" : {
        "start" : 1600250647986,
        "stop" : 1600250648096,
        "duration" : 110
      }
    } ]
  },
  "f73fed58f618dfcb10c684023ab3abd1" : {
    "statistic" : {
      "failed" : 0,
      "broken" : 0,
      "skipped" : 0,
      "passed" : 1,
      "unknown" : 0,
      "total" : 1
    },
    "items" : [ {
      "uid" : "ee87943eb2609101",
      "status" : "passed",
      "time" : {
        "start" : 1600250637451,
        "stop" : 1600250637555,
        "duration" : 104
      }
    } ]
  },
  "1cee487ee21506c02f9c6fe5f1ae9041" : {
    "statistic" : {
      "failed" : 0,
      "broken" : 0,
      "skipped" : 0,
      "passed" : 1,
      "unknown" : 0,
      "total" : 1
    },
    "items" : [ {
      "uid" : "d1190806e7aba5b2",
      "status" : "passed",
      "time" : {
        "start" : 1600250641678,
        "stop" : 1600250641771,
        "duration" : 93
      }
    } ]
  },
  "24f11489a28a684379da49ffd9641e0b" : {
    "statistic" : {
      "failed" : 0,
      "broken" : 0,
      "skipped" : 0,
      "passed" : 1,
      "unknown" : 0,
      "total" : 1
    },
    "items" : [ {
      "uid" : "a7bcf9e470994d16",
      "status" : "passed",
      "time" : {
        "start" : 1600250659460,
        "stop" : 1600250659601,
        "duration" : 141
      }
    } ]
  },
  "1479984f1dee3802ce820b87ed02489d" : {
    "statistic" : {
      "failed" : 0,
      "broken" : 0,
      "skipped" : 0,
      "passed" : 1,
      "unknown" : 0,
      "total" : 1
    },
    "items" : [ {
      "uid" : "1c69b7484170857a",
      "status" : "passed",
      "time" : {
        "start" : 1600250651027,
        "stop" : 1600250651059,
        "duration" : 32
      }
    } ]
  },
  "ffea231986fadfaca54ab1afc35dba44" : {
    "statistic" : {
      "failed" : 0,
      "broken" : 0,
      "skipped" : 0,
      "passed" : 1,
      "unknown" : 0,
      "total" : 1
    },
    "items" : [ {
      "uid" : "987618a90bde79cb",
      "status" : "passed",
      "time" : {
        "start" : 1600250642243,
        "stop" : 1600250642358,
        "duration" : 115
      }
    } ]
  },
  "59260e4982c1389e45fccc5b2863f9d6" : {
    "statistic" : {
      "failed" : 0,
      "broken" : 0,
      "skipped" : 0,
      "passed" : 1,
      "unknown" : 0,
      "total" : 1
    },
    "items" : [ {
      "uid" : "78634d7496b47137",
      "status" : "passed",
      "time" : {
        "start" : 1600250655362,
        "stop" : 1600250655495,
        "duration" : 133
      }
    } ]
  },
  "d78f240dd48142822f929453971ab0ed" : {
    "statistic" : {
      "failed" : 0,
      "broken" : 0,
      "skipped" : 0,
      "passed" : 1,
      "unknown" : 0,
      "total" : 1
    },
    "items" : [ {
      "uid" : "780564872c3db93c",
      "status" : "passed",
      "time" : {
        "start" : 1600250636103,
        "stop" : 1600250636242,
        "duration" : 139
      }
    } ]
  },
  "1a54bba2702e53d9a492ce25122c7e14" : {
    "statistic" : {
      "failed" : 0,
      "broken" : 0,
      "skipped" : 0,
      "passed" : 1,
      "unknown" : 0,
      "total" : 1
    },
    "items" : [ {
      "uid" : "78ccdcec6ba6dda8",
      "status" : "passed",
      "time" : {
        "start" : 1600250649466,
        "stop" : 1600250649546,
        "duration" : 80
      }
    } ]
  },
  "7f76789540817fa4dfc41522bc6465b2" : {
    "statistic" : {
      "failed" : 0,
      "broken" : 0,
      "skipped" : 1,
      "passed" : 0,
      "unknown" : 0,
      "total" : 1
    },
    "items" : [ {
      "uid" : "e473ba6871a919a2",
      "status" : "skipped",
      "statusDetails" : "Skipped: 这条用例暂时不在demo、api2环境执行",
      "time" : {
        "start" : 1600250657967,
        "stop" : 1600250657967,
        "duration" : 0
      }
    } ]
  },
  "954fdf956c0f3ae1116b5557c8461282" : {
    "statistic" : {
      "failed" : 0,
      "broken" : 0,
      "skipped" : 0,
      "passed" : 1,
      "unknown" : 0,
      "total" : 1
    },
    "items" : [ {
      "uid" : "350b6f7c1d927313",
      "status" : "passed",
      "time" : {
        "start" : 1600250634988,
        "stop" : 1600250635022,
        "duration" : 34
      }
    } ]
  },
  "77155d1e89b919cde83c62ca17ad5ae8" : {
    "statistic" : {
      "failed" : 0,
      "broken" : 0,
      "skipped" : 0,
      "passed" : 1,
      "unknown" : 0,
      "total" : 1
    },
    "items" : [ {
      "uid" : "f985354b1d52b059",
      "status" : "passed",
      "time" : {
        "start" : 1600250658855,
        "stop" : 1600250658976,
        "duration" : 121
      }
    } ]
  },
  "a0719e475b8a12e811aaaae6fdaa6796" : {
    "statistic" : {
      "failed" : 0,
      "broken" : 0,
      "skipped" : 0,
      "passed" : 1,
      "unknown" : 0,
      "total" : 1
    },
    "items" : [ {
      "uid" : "e79909ef9602833e",
      "status" : "passed",
      "time" : {
        "start" : 1600250659370,
        "stop" : 1600250659416,
        "duration" : 46
      }
    } ]
  },
  "e126909bacbddc99ca95627ac5228137" : {
    "statistic" : {
      "failed" : 0,
      "broken" : 0,
      "skipped" : 0,
      "passed" : 1,
      "unknown" : 0,
      "total" : 1
    },
    "items" : [ {
      "uid" : "2c979f246f367590",
      "status" : "passed",
      "time" : {
        "start" : 1600250662017,
        "stop" : 1600250662068,
        "duration" : 51
      }
    } ]
  },
  "6f8eb180bda05b57a647f1c3d8924057" : {
    "statistic" : {
      "failed" : 0,
      "broken" : 0,
      "skipped" : 0,
      "passed" : 1,
      "unknown" : 0,
      "total" : 1
    },
    "items" : [ {
      "uid" : "5491e83afb032dbb",
      "status" : "passed",
      "time" : {
        "start" : 1600250629738,
        "stop" : 1600250629790,
        "duration" : 52
      }
    } ]
  },
  "c84e704516dd3ec4f595ab0abb2a40b9" : {
    "statistic" : {
      "failed" : 0,
      "broken" : 0,
      "skipped" : 0,
      "passed" : 1,
      "unknown" : 0,
      "total" : 1
    },
    "items" : [ {
      "uid" : "c6d45b886ff07a77",
      "status" : "passed",
      "time" : {
        "start" : 1600250652136,
        "stop" : 1600250653616,
        "duration" : 1480
      }
    } ]
  },
  "75efdc21119027bc23a8534ce0a93dd0" : {
    "statistic" : {
      "failed" : 0,
      "broken" : 0,
      "skipped" : 0,
      "passed" : 1,
      "unknown" : 0,
      "total" : 1
    },
    "items" : [ {
      "uid" : "18b09e93643c8fc0",
      "status" : "passed",
      "time" : {
        "start" : 1600250658060,
        "stop" : 1600250658125,
        "duration" : 65
      }
    } ]
  },
  "21a92f8e8357474b3199baf12d6139fc" : {
    "statistic" : {
      "failed" : 0,
      "broken" : 0,
      "skipped" : 0,
      "passed" : 1,
      "unknown" : 0,
      "total" : 1
    },
    "items" : [ {
      "uid" : "7a6cd05f9971241c",
      "status" : "passed",
      "time" : {
        "start" : 1600250666969,
        "stop" : 1600250667005,
        "duration" : 36
      }
    } ]
  },
  "c902a76c4e3c56aa9abe74df2ca0fd1a" : {
    "statistic" : {
      "failed" : 0,
      "broken" : 0,
      "skipped" : 0,
      "passed" : 1,
      "unknown" : 0,
      "total" : 1
    },
    "items" : [ {
      "uid" : "dfce1c2eecf3b979",
      "status" : "passed",
      "time" : {
        "start" : 1600250636258,
        "stop" : 1600250636429,
        "duration" : 171
      }
    } ]
  },
  "9ccaad8cc2c2fb83c4305618b8c455bf" : {
    "statistic" : {
      "failed" : 0,
      "broken" : 0,
      "skipped" : 0,
      "passed" : 1,
      "unknown" : 0,
      "total" : 1
    },
    "items" : [ {
      "uid" : "616966e1c8b01c29",
      "status" : "passed",
      "time" : {
        "start" : 1600250665669,
        "stop" : 1600250665706,
        "duration" : 37
      }
    } ]
  },
  "a09055e76581ac7617e34b70c947557d" : {
    "statistic" : {
      "failed" : 0,
      "broken" : 0,
      "skipped" : 0,
      "passed" : 1,
      "unknown" : 0,
      "total" : 1
    },
    "items" : [ {
      "uid" : "5061b6e1bd7f262d",
      "status" : "passed",
      "time" : {
        "start" : 1600250660932,
        "stop" : 1600250661024,
        "duration" : 92
      }
    } ]
  },
  "5d3c30c7c3434771075cb0a95865ba75" : {
    "statistic" : {
      "failed" : 0,
      "broken" : 0,
      "skipped" : 0,
      "passed" : 1,
      "unknown" : 0,
      "total" : 1
    },
    "items" : [ {
      "uid" : "1bf260ec5a139e6d",
      "status" : "passed",
      "time" : {
        "start" : 1600250637127,
        "stop" : 1600250637182,
        "duration" : 55
      }
    } ]
  },
  "a3a4c020e97991a89181e14f78a372db" : {
    "statistic" : {
      "failed" : 0,
      "broken" : 0,
      "skipped" : 0,
      "passed" : 1,
      "unknown" : 0,
      "total" : 1
    },
    "items" : [ {
      "uid" : "4315c4eb50f20316",
      "status" : "passed",
      "time" : {
        "start" : 1600250659159,
        "stop" : 1600250659317,
        "duration" : 158
      }
    } ]
  },
  "a2e7448165e5074aacb4fa4a8a31d6dd" : {
    "statistic" : {
      "failed" : 0,
      "broken" : 0,
      "skipped" : 0,
      "passed" : 1,
      "unknown" : 0,
      "total" : 1
    },
    "items" : [ {
      "uid" : "a152051e021f04a8",
      "status" : "passed",
      "time" : {
        "start" : 1600250626996,
        "stop" : 1600250627680,
        "duration" : 684
      }
    } ]
  },
  "58c247ef15fc66e612fbf2ca218afa81" : {
    "statistic" : {
      "failed" : 0,
      "broken" : 0,
      "skipped" : 0,
      "passed" : 1,
      "unknown" : 0,
      "total" : 1
    },
    "items" : [ {
      "uid" : "e3adaa55847cfa4",
      "status" : "passed",
      "time" : {
        "start" : 1600250648939,
        "stop" : 1600250649001,
        "duration" : 62
      }
    } ]
  },
  "881f72e2e103bc4dd07657f73748a716" : {
    "statistic" : {
      "failed" : 0,
      "broken" : 0,
      "skipped" : 0,
      "passed" : 1,
      "unknown" : 0,
      "total" : 1
    },
    "items" : [ {
      "uid" : "d05ed3a6644d8e74",
      "status" : "passed",
      "time" : {
        "start" : 1600250649140,
        "stop" : 1600250649186,
        "duration" : 46
      }
    } ]
  },
  "c33f95d669e27dbb5bd68c4127bbf91f" : {
    "statistic" : {
      "failed" : 0,
      "broken" : 0,
      "skipped" : 0,
      "passed" : 1,
      "unknown" : 0,
      "total" : 1
    },
    "items" : [ {
      "uid" : "180b456ed007cba1",
      "status" : "passed",
      "time" : {
        "start" : 1600250630225,
        "stop" : 1600250630276,
        "duration" : 51
      }
    } ]
  },
  "686965ec0cb06dcc0315836399390988" : {
    "statistic" : {
      "failed" : 0,
      "broken" : 0,
      "skipped" : 0,
      "passed" : 1,
      "unknown" : 0,
      "total" : 1
    },
    "items" : [ {
      "uid" : "b7a6c317807adf99",
      "status" : "passed",
      "time" : {
        "start" : 1600250659881,
        "stop" : 1600250660151,
        "duration" : 270
      }
    } ]
  },
  "c85ebc45b1506fdce08a5591fc1cd3a2" : {
    "statistic" : {
      "failed" : 0,
      "broken" : 0,
      "skipped" : 0,
      "passed" : 1,
      "unknown" : 0,
      "total" : 1
    },
    "items" : [ {
      "uid" : "3a6b0f627a62c6f4",
      "status" : "passed",
      "time" : {
        "start" : 1600250650782,
        "stop" : 1600250650903,
        "duration" : 121
      }
    } ]
  },
  "2acdd72b9334eaa289dafeb7bc785e00" : {
    "statistic" : {
      "failed" : 0,
      "broken" : 0,
      "skipped" : 0,
      "passed" : 1,
      "unknown" : 0,
      "total" : 1
    },
    "items" : [ {
      "uid" : "cd2f5ed94398def7",
      "status" : "passed",
      "time" : {
        "start" : 1600250637561,
        "stop" : 1600250637596,
        "duration" : 35
      }
    } ]
  },
  "4984c68e698d1fdbc0761f880d3058d3" : {
    "statistic" : {
      "failed" : 0,
      "broken" : 0,
      "skipped" : 0,
      "passed" : 1,
      "unknown" : 0,
      "total" : 1
    },
    "items" : [ {
      "uid" : "d3827f77fd536a6e",
      "status" : "passed",
      "time" : {
        "start" : 1600250662192,
        "stop" : 1600250662319,
        "duration" : 127
      }
    } ]
  },
  "4d0314d22b856874efb9e6291c63e6a1" : {
    "statistic" : {
      "failed" : 0,
      "broken" : 0,
      "skipped" : 0,
      "passed" : 1,
      "unknown" : 0,
      "total" : 1
    },
    "items" : [ {
      "uid" : "240e2b9289d3a693",
      "status" : "passed",
      "time" : {
        "start" : 1600250648725,
        "stop" : 1600250648863,
        "duration" : 138
      }
    } ]
  },
  "187c9af9325d025f05ffec8f8483dad0" : {
    "statistic" : {
      "failed" : 0,
      "broken" : 0,
      "skipped" : 0,
      "passed" : 1,
      "unknown" : 0,
      "total" : 1
    },
    "items" : [ {
      "uid" : "2bc3820e6c4d32c7",
      "status" : "passed",
      "time" : {
        "start" : 1600250667738,
        "stop" : 1600250667776,
        "duration" : 38
      }
    } ]
  },
  "c6244cd76f75a37903bee70e3d35b7f5" : {
    "statistic" : {
      "failed" : 0,
      "broken" : 0,
      "skipped" : 0,
      "passed" : 1,
      "unknown" : 0,
      "total" : 1
    },
    "items" : [ {
      "uid" : "214e5569db1c75cf",
      "status" : "passed",
      "time" : {
        "start" : 1600250656938,
        "stop" : 1600250657056,
        "duration" : 118
      }
    } ]
  },
  "1d04a428ca5237b8d888e938736e0e96" : {
    "statistic" : {
      "failed" : 0,
      "broken" : 0,
      "skipped" : 0,
      "passed" : 1,
      "unknown" : 0,
      "total" : 1
    },
    "items" : [ {
      "uid" : "54ba797c828c95f7",
      "status" : "passed",
      "time" : {
        "start" : 1600250647874,
        "stop" : 1600250647923,
        "duration" : 49
      }
    } ]
  },
  "39ea2707a23475d2d977be31b0ac7511" : {
    "statistic" : {
      "failed" : 0,
      "broken" : 0,
      "skipped" : 0,
      "passed" : 1,
      "unknown" : 0,
      "total" : 1
    },
    "items" : [ {
      "uid" : "b78ecceffbeb9908",
      "status" : "passed",
      "time" : {
        "start" : 1600250648506,
        "stop" : 1600250648555,
        "duration" : 49
      }
    } ]
  },
  "459e29b55886ebdd6ee94670f31ca87d" : {
    "statistic" : {
      "failed" : 0,
      "broken" : 0,
      "skipped" : 0,
      "passed" : 1,
      "unknown" : 0,
      "total" : 1
    },
    "items" : [ {
      "uid" : "c85e82331eb80488",
      "status" : "passed",
      "time" : {
        "start" : 1600250641586,
        "stop" : 1600250641661,
        "duration" : 75
      }
    } ]
  },
  "57d2c0ece14f3e10b89b337d8fa5ae6e" : {
    "statistic" : {
      "failed" : 0,
      "broken" : 0,
      "skipped" : 0,
      "passed" : 1,
      "unknown" : 0,
      "total" : 1
    },
    "items" : [ {
      "uid" : "b10b428a367f74c",
      "status" : "passed",
      "time" : {
        "start" : 1600250635221,
        "stop" : 1600250635253,
        "duration" : 32
      }
    } ]
  },
  "b122c83446de7d66e55e0293218da795" : {
    "statistic" : {
      "failed" : 0,
      "broken" : 0,
      "skipped" : 0,
      "passed" : 1,
      "unknown" : 0,
      "total" : 1
    },
    "items" : [ {
      "uid" : "e5051295667bc0fd",
      "status" : "passed",
      "time" : {
        "start" : 1600250659789,
        "stop" : 1600250659835,
        "duration" : 46
      }
    } ]
  },
  "f6f26e108965845daa18282a4347d7e1" : {
    "statistic" : {
      "failed" : 0,
      "broken" : 0,
      "skipped" : 0,
      "passed" : 1,
      "unknown" : 0,
      "total" : 1
    },
    "items" : [ {
      "uid" : "f57048cc5ed8ec24",
      "status" : "passed",
      "time" : {
        "start" : 1600250634818,
        "stop" : 1600250634855,
        "duration" : 37
      }
    } ]
  },
  "d6df6854a67c6e95a83b2ac1e695fee5" : {
    "statistic" : {
      "failed" : 0,
      "broken" : 0,
      "skipped" : 0,
      "passed" : 1,
      "unknown" : 0,
      "total" : 1
    },
    "items" : [ {
      "uid" : "3a3386c4d2e8f342",
      "status" : "passed",
      "time" : {
        "start" : 1600250650643,
        "stop" : 1600250650706,
        "duration" : 63
      }
    } ]
  },
  "152e8302b7de323d6c4d8ed1798daf1d" : {
    "statistic" : {
      "failed" : 0,
      "broken" : 0,
      "skipped" : 0,
      "passed" : 1,
      "unknown" : 0,
      "total" : 1
    },
    "items" : [ {
      "uid" : "d804bd8490dda845",
      "status" : "passed",
      "time" : {
        "start" : 1600250655244,
        "stop" : 1600250655354,
        "duration" : 110
      }
    } ]
  },
  "cb584463f077a50620446ffd8a82501a" : {
    "statistic" : {
      "failed" : 0,
      "broken" : 0,
      "skipped" : 0,
      "passed" : 1,
      "unknown" : 0,
      "total" : 1
    },
    "items" : [ {
      "uid" : "ec7ea32cc5eb6a5e",
      "status" : "passed",
      "time" : {
        "start" : 1600250635299,
        "stop" : 1600250635359,
        "duration" : 60
      }
    } ]
  },
  "7710212312408b05d61a2f2c61915843" : {
    "statistic" : {
      "failed" : 0,
      "broken" : 0,
      "skipped" : 0,
      "passed" : 1,
      "unknown" : 0,
      "total" : 1
    },
    "items" : [ {
      "uid" : "7ff8ae222268de3f",
      "status" : "passed",
      "time" : {
        "start" : 1600250630283,
        "stop" : 1600250630589,
        "duration" : 306
      }
    } ]
  },
  "bf98ed2dbe55bc46aaaa1aaf777d2ea4" : {
    "statistic" : {
      "failed" : 0,
      "broken" : 0,
      "skipped" : 0,
      "passed" : 1,
      "unknown" : 0,
      "total" : 1
    },
    "items" : [ {
      "uid" : "181000deb6cb1d0b",
      "status" : "passed",
      "time" : {
        "start" : 1600250648868,
        "stop" : 1600250648924,
        "duration" : 56
      }
    } ]
  },
  "b41bb42e16a89feeac29439171c1e6ab" : {
    "statistic" : {
      "failed" : 0,
      "broken" : 0,
      "skipped" : 0,
      "passed" : 1,
      "unknown" : 0,
      "total" : 1
    },
    "items" : [ {
      "uid" : "cd06cc2b28bf5766",
      "status" : "passed",
      "time" : {
        "start" : 1600250629279,
        "stop" : 1600250629567,
        "duration" : 288
      }
    } ]
  },
  "7acc3c8250cd0757bc404a9d4a7529fe" : {
    "statistic" : {
      "failed" : 0,
      "broken" : 0,
      "skipped" : 0,
      "passed" : 1,
      "unknown" : 0,
      "total" : 1
    },
    "items" : [ {
      "uid" : "3f73e8ad52552ae1",
      "status" : "passed",
      "time" : {
        "start" : 1600250668070,
        "stop" : 1600250668170,
        "duration" : 100
      }
    } ]
  },
  "0ba25255d2e1c6da9e7fb751b8754959" : {
    "statistic" : {
      "failed" : 0,
      "broken" : 0,
      "skipped" : 0,
      "passed" : 1,
      "unknown" : 0,
      "total" : 1
    },
    "items" : [ {
      "uid" : "e089d458734220bf",
      "status" : "passed",
      "time" : {
        "start" : 1600250630596,
        "stop" : 1600250630719,
        "duration" : 123
      }
    } ]
  },
  "9a5b8393878c8767c2999d0a21886799" : {
    "statistic" : {
      "failed" : 0,
      "broken" : 0,
      "skipped" : 0,
      "passed" : 1,
      "unknown" : 0,
      "total" : 1
    },
    "items" : [ {
      "uid" : "c881f188b6b9b58b",
      "status" : "passed",
      "time" : {
        "start" : 1600250635915,
        "stop" : 1600250636001,
        "duration" : 86
      }
    } ]
  },
  "92213e77e20e5e41e1ddc87aea67ad12" : {
    "statistic" : {
      "failed" : 0,
      "broken" : 0,
      "skipped" : 0,
      "passed" : 1,
      "unknown" : 0,
      "total" : 1
    },
    "items" : [ {
      "uid" : "2b1275749a9c4896",
      "status" : "passed",
      "time" : {
        "start" : 1600250648105,
        "stop" : 1600250648162,
        "duration" : 57
      }
    } ]
  },
  "c109b6c9c89a92b5dd57ea3cb7dae59c" : {
    "statistic" : {
      "failed" : 0,
      "broken" : 0,
      "skipped" : 0,
      "passed" : 1,
      "unknown" : 0,
      "total" : 1
    },
    "items" : [ {
      "uid" : "b25bd1cfbc76a573",
      "status" : "passed",
      "time" : {
        "start" : 1600250665514,
        "stop" : 1600250665579,
        "duration" : 65
      }
    } ]
  },
  "473d9daff64cb150beaecc748958d0b6" : {
    "statistic" : {
      "failed" : 0,
      "broken" : 0,
      "skipped" : 0,
      "passed" : 1,
      "unknown" : 0,
      "total" : 1
    },
    "items" : [ {
      "uid" : "ad933929b6e81996",
      "status" : "passed",
      "time" : {
        "start" : 1600250668025,
        "stop" : 1600250668066,
        "duration" : 41
      }
    } ]
  },
  "194ab975f348035862a4d290922891aa" : {
    "statistic" : {
      "failed" : 0,
      "broken" : 0,
      "skipped" : 0,
      "passed" : 1,
      "unknown" : 0,
      "total" : 1
    },
    "items" : [ {
      "uid" : "e7384bb7bc464b7d",
      "status" : "passed",
      "time" : {
        "start" : 1600250663909,
        "stop" : 1600250663948,
        "duration" : 39
      }
    } ]
  },
  "806e936995cfce687d169d36f4604a4a" : {
    "statistic" : {
      "failed" : 0,
      "broken" : 0,
      "skipped" : 0,
      "passed" : 1,
      "unknown" : 0,
      "total" : 1
    },
    "items" : [ {
      "uid" : "2e554e353c5f07d0",
      "status" : "passed",
      "time" : {
        "start" : 1600250645459,
        "stop" : 1600250645523,
        "duration" : 64
      }
    } ]
  },
  "945d07b1e239b7b5beca40fd2ca39c3d" : {
    "statistic" : {
      "failed" : 0,
      "broken" : 0,
      "skipped" : 0,
      "passed" : 1,
      "unknown" : 0,
      "total" : 1
    },
    "items" : [ {
      "uid" : "25943f600950246d",
      "status" : "passed",
      "time" : {
        "start" : 1600250664746,
        "stop" : 1600250664784,
        "duration" : 38
      }
    } ]
  },
  "c84bbb52238b77e2c12d6c16c8133ebd" : {
    "statistic" : {
      "failed" : 0,
      "broken" : 0,
      "skipped" : 0,
      "passed" : 1,
      "unknown" : 0,
      "total" : 1
    },
    "items" : [ {
      "uid" : "dfe24ed6a5e717a8",
      "status" : "passed",
      "time" : {
        "start" : 1600250638065,
        "stop" : 1600250638107,
        "duration" : 42
      }
    } ]
  },
  "6612c85c5f54def0e49f1df47d7a2975" : {
    "statistic" : {
      "failed" : 0,
      "broken" : 0,
      "skipped" : 0,
      "passed" : 1,
      "unknown" : 0,
      "total" : 1
    },
    "items" : [ {
      "uid" : "2538687d9ed345af",
      "status" : "passed",
      "time" : {
        "start" : 1600250647083,
        "stop" : 1600250647506,
        "duration" : 423
      }
    } ]
  },
  "04f32de904f8cfa53ebb9fce068fb0f0" : {
    "statistic" : {
      "failed" : 0,
      "broken" : 0,
      "skipped" : 0,
      "passed" : 1,
      "unknown" : 0,
      "total" : 1
    },
    "items" : [ {
      "uid" : "77c91e9da065372a",
      "status" : "passed",
      "time" : {
        "start" : 1600250637400,
        "stop" : 1600250637445,
        "duration" : 45
      }
    } ]
  },
  "7ad98d0f70dc4c4ab038eb76b13f8036" : {
    "statistic" : {
      "failed" : 0,
      "broken" : 0,
      "skipped" : 0,
      "passed" : 1,
      "unknown" : 0,
      "total" : 1
    },
    "items" : [ {
      "uid" : "cb6fcb5f3396b709",
      "status" : "passed",
      "time" : {
        "start" : 1600250645676,
        "stop" : 1600250646933,
        "duration" : 1257
      }
    } ]
  },
  "ed7095b027ac7379260a8e0bc81b5efa" : {
    "statistic" : {
      "failed" : 0,
      "broken" : 0,
      "skipped" : 0,
      "passed" : 1,
      "unknown" : 0,
      "total" : 1
    },
    "items" : [ {
      "uid" : "32a0af4a68396f55",
      "status" : "passed",
      "time" : {
        "start" : 1600250635371,
        "stop" : 1600250635491,
        "duration" : 120
      }
    } ]
  },
  "2a32909f3660c183160bf6af5bdc2921" : {
    "statistic" : {
      "failed" : 0,
      "broken" : 0,
      "skipped" : 0,
      "passed" : 1,
      "unknown" : 0,
      "total" : 1
    },
    "items" : [ {
      "uid" : "390bcabb9ef0bba6",
      "status" : "passed",
      "time" : {
        "start" : 1600250635087,
        "stop" : 1600250635215,
        "duration" : 128
      }
    } ]
  },
  "7cf4fe95b5d6c462f271944d2789915c" : {
    "statistic" : {
      "failed" : 0,
      "broken" : 0,
      "skipped" : 0,
      "passed" : 1,
      "unknown" : 0,
      "total" : 1
    },
    "items" : [ {
      "uid" : "55686caecc5881da",
      "status" : "passed",
      "time" : {
        "start" : 1600250627903,
        "stop" : 1600250629271,
        "duration" : 1368
      }
    } ]
  },
  "b0143f183f7ed4229bbc89783ac29d06" : {
    "statistic" : {
      "failed" : 0,
      "broken" : 0,
      "skipped" : 0,
      "passed" : 1,
      "unknown" : 0,
      "total" : 1
    },
    "items" : [ {
      "uid" : "3b4875a360becd37",
      "status" : "passed",
      "time" : {
        "start" : 1600250658766,
        "stop" : 1600250658802,
        "duration" : 36
      }
    } ]
  },
  "d868839b89ac91a8244a2d9198a3a8c0" : {
    "statistic" : {
      "failed" : 0,
      "broken" : 0,
      "skipped" : 0,
      "passed" : 1,
      "unknown" : 0,
      "total" : 1
    },
    "items" : [ {
      "uid" : "723e9bd1ee8eda8c",
      "status" : "passed",
      "time" : {
        "start" : 1600250634867,
        "stop" : 1600250634927,
        "duration" : 60
      }
    } ]
  },
  "6be51dd06604016d73a673f132ca652b" : {
    "statistic" : {
      "failed" : 0,
      "broken" : 0,
      "skipped" : 0,
      "passed" : 1,
      "unknown" : 0,
      "total" : 1
    },
    "items" : [ {
      "uid" : "f14a1f61cd871cdd",
      "status" : "passed",
      "time" : {
        "start" : 1600250663525,
        "stop" : 1600250663590,
        "duration" : 65
      }
    } ]
  },
  "c6f5b505f9fbaf0b0864f060b9fc09e4" : {
    "statistic" : {
      "failed" : 0,
      "broken" : 0,
      "skipped" : 0,
      "passed" : 1,
      "unknown" : 0,
      "total" : 1
    },
    "items" : [ {
      "uid" : "afb9d4454c83ff96",
      "status" : "passed",
      "time" : {
        "start" : 1600250644667,
        "stop" : 1600250644735,
        "duration" : 68
      }
    } ]
  },
  "0396651c441ce30b0cc5f259915a2f24" : {
    "statistic" : {
      "failed" : 0,
      "broken" : 0,
      "skipped" : 0,
      "passed" : 1,
      "unknown" : 0,
      "total" : 1
    },
    "items" : [ {
      "uid" : "87f9ffbbf575e828",
      "status" : "passed",
      "time" : {
        "start" : 1600250665585,
        "stop" : 1600250665620,
        "duration" : 35
      }
    } ]
  },
  "b6fe62de9344f7c41bd3e243c20a2d40" : {
    "statistic" : {
      "failed" : 0,
      "broken" : 0,
      "skipped" : 0,
      "passed" : 1,
      "unknown" : 0,
      "total" : 1
    },
    "items" : [ {
      "uid" : "2edfb7e2153ee004",
      "status" : "passed",
      "time" : {
        "start" : 1600250664117,
        "stop" : 1600250664184,
        "duration" : 67
      }
    } ]
  },
  "f8ae6bf6363e4b9620e31673ec68f1bd" : {
    "statistic" : {
      "failed" : 0,
      "broken" : 0,
      "skipped" : 0,
      "passed" : 1,
      "unknown" : 0,
      "total" : 1
    },
    "items" : [ {
      "uid" : "41f04648837b046a",
      "status" : "passed",
      "time" : {
        "start" : 1600250642156,
        "stop" : 1600250642233,
        "duration" : 77
      }
    } ]
  },
  "3c0c5d3800b496f1756e44bec12f0244" : {
    "statistic" : {
      "failed" : 0,
      "broken" : 0,
      "skipped" : 0,
      "passed" : 1,
      "unknown" : 0,
      "total" : 1
    },
    "items" : [ {
      "uid" : "99d64c5f5498130a",
      "status" : "passed",
      "time" : {
        "start" : 1600250642608,
        "stop" : 1600250642686,
        "duration" : 78
      }
    } ]
  },
  "6f8de6f1f0e585d3e3738af92b5a0f33" : {
    "statistic" : {
      "failed" : 0,
      "broken" : 0,
      "skipped" : 0,
      "passed" : 1,
      "unknown" : 0,
      "total" : 1
    },
    "items" : [ {
      "uid" : "9240c9918dd4e119",
      "status" : "passed",
      "time" : {
        "start" : 1600250665712,
        "stop" : 1600250665752,
        "duration" : 40
      }
    } ]
  },
  "7bed3be2f80cf28ed5888a422608305b" : {
    "statistic" : {
      "failed" : 0,
      "broken" : 0,
      "skipped" : 0,
      "passed" : 1,
      "unknown" : 0,
      "total" : 1
    },
    "items" : [ {
      "uid" : "fb6b1a3847e0769f",
      "status" : "passed",
      "time" : {
        "start" : 1600250667136,
        "stop" : 1600250667182,
        "duration" : 46
      }
    } ]
  },
  "6eee57e51e8bfcce0ea034e99f8b0032" : {
    "statistic" : {
      "failed" : 0,
      "broken" : 0,
      "skipped" : 0,
      "passed" : 1,
      "unknown" : 0,
      "total" : 1
    },
    "items" : [ {
      "uid" : "660e84c9f82d2d6",
      "status" : "passed",
      "time" : {
        "start" : 1600250645011,
        "stop" : 1600250645275,
        "duration" : 264
      }
    } ]
  },
  "06fd467731aba0e5939abad3de0a1e7c" : {
    "statistic" : {
      "failed" : 0,
      "broken" : 0,
      "skipped" : 0,
      "passed" : 1,
      "unknown" : 0,
      "total" : 1
    },
    "items" : [ {
      "uid" : "29c2eba48a4c4d14",
      "status" : "passed",
      "time" : {
        "start" : 1600250666799,
        "stop" : 1600250666914,
        "duration" : 115
      }
    } ]
  },
  "85621e5cdcd07c1668c40700b5dc89f7" : {
    "statistic" : {
      "failed" : 0,
      "broken" : 0,
      "skipped" : 0,
      "passed" : 1,
      "unknown" : 0,
      "total" : 1
    },
    "items" : [ {
      "uid" : "82ee1058ff69f036",
      "status" : "passed",
      "time" : {
        "start" : 1600250660254,
        "stop" : 1600250660289,
        "duration" : 35
      }
    } ]
  },
  "cc4bc3e4c1eb62c40d668155455e65c6" : {
    "statistic" : {
      "failed" : 0,
      "broken" : 0,
      "skipped" : 0,
      "passed" : 1,
      "unknown" : 0,
      "total" : 1
    },
    "items" : [ {
      "uid" : "ec749db5f96bc0fa",
      "status" : "passed",
      "time" : {
        "start" : 1600250667013,
        "stop" : 1600250667061,
        "duration" : 48
      }
    } ]
  },
  "b5dfca56eea2bbe320b107f287e10e51" : {
    "statistic" : {
      "failed" : 0,
      "broken" : 0,
      "skipped" : 0,
      "passed" : 1,
      "unknown" : 0,
      "total" : 1
    },
    "items" : [ {
      "uid" : "a238de0ac520b75c",
      "status" : "passed",
      "time" : {
        "start" : 1600250635582,
        "stop" : 1600250635837,
        "duration" : 255
      }
    } ]
  },
  "02139db23f2875538179b15ebe60f77f" : {
    "statistic" : {
      "failed" : 0,
      "broken" : 0,
      "skipped" : 0,
      "passed" : 1,
      "unknown" : 0,
      "total" : 1
    },
    "items" : [ {
      "uid" : "96af3bbb2830e682",
      "status" : "passed",
      "time" : {
        "start" : 1600250666509,
        "stop" : 1600250666789,
        "duration" : 280
      }
    } ]
  },
  "2830d72544f47bcee173395503bd1f55" : {
    "statistic" : {
      "failed" : 0,
      "broken" : 0,
      "skipped" : 0,
      "passed" : 1,
      "unknown" : 0,
      "total" : 1
    },
    "items" : [ {
      "uid" : "dcd588d903967354",
      "status" : "passed",
      "time" : {
        "start" : 1600250657555,
        "stop" : 1600250657961,
        "duration" : 406
      }
    } ]
  },
  "12040bc9155657c95a71aea068de0f5d" : {
    "statistic" : {
      "failed" : 0,
      "broken" : 0,
      "skipped" : 0,
      "passed" : 1,
      "unknown" : 0,
      "total" : 1
    },
    "items" : [ {
      "uid" : "c2acba163199ad43",
      "status" : "passed",
      "time" : {
        "start" : 1600250642366,
        "stop" : 1600250642419,
        "duration" : 53
      }
    } ]
  },
  "b3b0c552fed4b0947de8ea8feaf53302" : {
    "statistic" : {
      "failed" : 0,
      "broken" : 0,
      "skipped" : 0,
      "passed" : 1,
      "unknown" : 0,
      "total" : 1
    },
    "items" : [ {
      "uid" : "b864247fb7aeb50b",
      "status" : "passed",
      "time" : {
        "start" : 1600250650256,
        "stop" : 1600250650516,
        "duration" : 260
      }
    } ]
  },
  "38946faa0e015fdad638052707dffedf" : {
    "statistic" : {
      "failed" : 0,
      "broken" : 0,
      "skipped" : 0,
      "passed" : 1,
      "unknown" : 0,
      "total" : 1
    },
    "items" : [ {
      "uid" : "9ab3e921d268b43d",
      "status" : "passed",
      "time" : {
        "start" : 1600250631776,
        "stop" : 1600250633852,
        "duration" : 2076
      }
    } ]
  },
  "9195b1110677a84ae06e37be5ec31f2a" : {
    "statistic" : {
      "failed" : 0,
      "broken" : 0,
      "skipped" : 0,
      "passed" : 1,
      "unknown" : 0,
      "total" : 1
    },
    "items" : [ {
      "uid" : "6cc4d46f70486011",
      "status" : "passed",
      "time" : {
        "start" : 1600250637603,
        "stop" : 1600250638054,
        "duration" : 451
      }
    } ]
  },
  "75a84701aa874f220e0d244bf7916208" : {
    "statistic" : {
      "failed" : 0,
      "broken" : 0,
      "skipped" : 0,
      "passed" : 1,
      "unknown" : 0,
      "total" : 1
    },
    "items" : [ {
      "uid" : "40a3a765714d1c3a",
      "status" : "passed",
      "time" : {
        "start" : 1600250634555,
        "stop" : 1600250634812,
        "duration" : 257
      }
    } ]
  },
  "3573a875a3377f1d06ad79e6826de958" : {
    "statistic" : {
      "failed" : 0,
      "broken" : 0,
      "skipped" : 0,
      "passed" : 1,
      "unknown" : 0,
      "total" : 1
    },
    "items" : [ {
      "uid" : "2de4ee53f0323c3c",
      "status" : "passed",
      "time" : {
        "start" : 1600250627725,
        "stop" : 1600250627843,
        "duration" : 118
      }
    } ]
  },
  "f586d761e797ce42b5bae4de2dc5e6ea" : {
    "statistic" : {
      "failed" : 0,
      "broken" : 0,
      "skipped" : 0,
      "passed" : 1,
      "unknown" : 0,
      "total" : 1
    },
    "items" : [ {
      "uid" : "3502f76e2dc8795e",
      "status" : "passed",
      "time" : {
        "start" : 1600250638121,
        "stop" : 1600250638381,
        "duration" : 260
      }
    } ]
  },
  "9199adbd2c64bd54228c6c0797db7a10" : {
    "statistic" : {
      "failed" : 0,
      "broken" : 0,
      "skipped" : 0,
      "passed" : 1,
      "unknown" : 0,
      "total" : 1
    },
    "items" : [ {
      "uid" : "a22726e6e2af3f19",
      "status" : "passed",
      "time" : {
        "start" : 1600250666416,
        "stop" : 1600250666455,
        "duration" : 39
      }
    } ]
  },
  "291a04c4f7c23c289fe6459fe2699c37" : {
    "statistic" : {
      "failed" : 0,
      "broken" : 0,
      "skipped" : 0,
      "passed" : 1,
      "unknown" : 0,
      "total" : 1
    },
    "items" : [ {
      "uid" : "6404d74f1b8f933",
      "status" : "passed",
      "time" : {
        "start" : 1600250645281,
        "stop" : 1600250645316,
        "duration" : 35
      }
    } ]
  },
  "c165689fb59f0352adf3bdb69220cd83" : {
    "statistic" : {
      "failed" : 0,
      "broken" : 0,
      "skipped" : 0,
      "passed" : 1,
      "unknown" : 0,
      "total" : 1
    },
    "items" : [ {
      "uid" : "2f667d4f9d51e93f",
      "status" : "passed",
      "time" : {
        "start" : 1600250633969,
        "stop" : 1600250634034,
        "duration" : 65
      }
    } ]
  },
  "3cf601efd1c44f77e1c5e3fd5b35a101" : {
    "statistic" : {
      "failed" : 0,
      "broken" : 0,
      "skipped" : 0,
      "passed" : 1,
      "unknown" : 0,
      "total" : 1
    },
    "items" : [ {
      "uid" : "655eca5d9bd2614a",
      "status" : "passed",
      "time" : {
        "start" : 1600250666918,
        "stop" : 1600250666964,
        "duration" : 46
      }
    } ]
  },
  "423494e7fee045a66ef0671853013883" : {
    "statistic" : {
      "failed" : 0,
      "broken" : 0,
      "skipped" : 0,
      "passed" : 1,
      "unknown" : 0,
      "total" : 1
    },
    "items" : [ {
      "uid" : "e4344d5499c5909a",
      "status" : "passed",
      "time" : {
        "start" : 1600250644742,
        "stop" : 1600250644837,
        "duration" : 95
      }
    } ]
  },
  "68ee2bafc64436cde3ee479926d83c43" : {
    "statistic" : {
      "failed" : 0,
      "broken" : 0,
      "skipped" : 0,
      "passed" : 1,
      "unknown" : 0,
      "total" : 1
    },
    "items" : [ {
      "uid" : "2b6e38e1266602c0",
      "status" : "passed",
      "time" : {
        "start" : 1600250648172,
        "stop" : 1600250648502,
        "duration" : 330
      }
    } ]
  },
  "330327413969d6e6cc8d71374e19e755" : {
    "statistic" : {
      "failed" : 0,
      "broken" : 0,
      "skipped" : 0,
      "passed" : 1,
      "unknown" : 0,
      "total" : 1
    },
    "items" : [ {
      "uid" : "839716d41c11785f",
      "status" : "passed",
      "time" : {
        "start" : 1600250633858,
        "stop" : 1600250633909,
        "duration" : 51
      }
    } ]
  },
  "8ff4777fe262fbd816f94df33db80f7d" : {
    "statistic" : {
      "failed" : 0,
      "broken" : 0,
      "skipped" : 0,
      "passed" : 1,
      "unknown" : 0,
      "total" : 1
    },
    "items" : [ {
      "uid" : "de9cacb5621ca82c",
      "status" : "passed",
      "time" : {
        "start" : 1600250663651,
        "stop" : 1600250663857,
        "duration" : 206
      }
    } ]
  },
  "93e868ec8ac965c663125158da0b1110" : {
    "statistic" : {
      "failed" : 0,
      "broken" : 0,
      "skipped" : 0,
      "passed" : 1,
      "unknown" : 0,
      "total" : 1
    },
    "items" : [ {
      "uid" : "2b816610a4be043d",
      "status" : "passed",
      "time" : {
        "start" : 1600250651216,
        "stop" : 1600250651253,
        "duration" : 37
      }
    } ]
  },
  "94265742b4b8766dc47f1d8b8b68ac99" : {
    "statistic" : {
      "failed" : 0,
      "broken" : 0,
      "skipped" : 0,
      "passed" : 1,
      "unknown" : 0,
      "total" : 1
    },
    "items" : [ {
      "uid" : "978bfa904100b835",
      "status" : "passed",
      "time" : {
        "start" : 1600250644892,
        "stop" : 1600250644932,
        "duration" : 40
      }
    } ]
  },
  "939544dbac5b4222f89f4b23f50062d5" : {
    "statistic" : {
      "failed" : 0,
      "broken" : 0,
      "skipped" : 0,
      "passed" : 1,
      "unknown" : 0,
      "total" : 1
    },
    "items" : [ {
      "uid" : "dbf4fe8d288ea5eb",
      "status" : "passed",
      "time" : {
        "start" : 1600250637046,
        "stop" : 1600250637119,
        "duration" : 73
      }
    } ]
  },
  "e87cdf68e1c5eaaa23ddcc9f0e1529af" : {
    "statistic" : {
      "failed" : 0,
      "broken" : 0,
      "skipped" : 0,
      "passed" : 1,
      "unknown" : 0,
      "total" : 1
    },
    "items" : [ {
      "uid" : "c9da30f7e885c807",
      "status" : "passed",
      "time" : {
        "start" : 1600250660158,
        "stop" : 1600250660196,
        "duration" : 38
      }
    } ]
  },
  "1bcd21daa2489ac48230df8b05a0449a" : {
    "statistic" : {
      "failed" : 0,
      "broken" : 0,
      "skipped" : 0,
      "passed" : 1,
      "unknown" : 0,
      "total" : 1
    },
    "items" : [ {
      "uid" : "8465243fda2506ff",
      "status" : "passed",
      "time" : {
        "start" : 1600250655763,
        "stop" : 1600250655809,
        "duration" : 46
      }
    } ]
  },
  "eb539ac2237ba16402316efafe26e5b2" : {
    "statistic" : {
      "failed" : 0,
      "broken" : 0,
      "skipped" : 0,
      "passed" : 1,
      "unknown" : 0,
      "total" : 1
    },
    "items" : [ {
      "uid" : "4be33d3a1b6face5",
      "status" : "passed",
      "time" : {
        "start" : 1600250645323,
        "stop" : 1600250645382,
        "duration" : 59
      }
    } ]
  },
  "560a3007426a34db2485f0129944397c" : {
    "statistic" : {
      "failed" : 0,
      "broken" : 0,
      "skipped" : 0,
      "passed" : 1,
      "unknown" : 0,
      "total" : 1
    },
    "items" : [ {
      "uid" : "a4e7b426be086414",
      "status" : "passed",
      "time" : {
        "start" : 1600250662078,
        "stop" : 1600250662186,
        "duration" : 108
      }
    } ]
  },
  "05c154f1e003240df14b65a0870e9785" : {
    "statistic" : {
      "failed" : 0,
      "broken" : 0,
      "skipped" : 0,
      "passed" : 1,
      "unknown" : 0,
      "total" : 1
    },
    "items" : [ {
      "uid" : "a6c42c7d0bacbfec",
      "status" : "passed",
      "time" : {
        "start" : 1600250650076,
        "stop" : 1600250650131,
        "duration" : 55
      }
    } ]
  },
  "09e0dcb311e0756b1a7893702294d4e2" : {
    "statistic" : {
      "failed" : 0,
      "broken" : 0,
      "skipped" : 0,
      "passed" : 1,
      "unknown" : 0,
      "total" : 1
    },
    "items" : [ {
      "uid" : "f04b733c0d411ef1",
      "status" : "passed",
      "time" : {
        "start" : 1600250651129,
        "stop" : 1600250651167,
        "duration" : 38
      }
    } ]
  },
  "463caf573a0044c6fb1428ee6ad02a1c" : {
    "statistic" : {
      "failed" : 0,
      "broken" : 0,
      "skipped" : 0,
      "passed" : 1,
      "unknown" : 0,
      "total" : 1
    },
    "items" : [ {
      "uid" : "a18653da21fe9123",
      "status" : "passed",
      "time" : {
        "start" : 1600250656743,
        "stop" : 1600250656791,
        "duration" : 48
      }
    } ]
  },
  "3d1d2e6eca2567bf0987bbc12e7ddbe1" : {
    "statistic" : {
      "failed" : 0,
      "broken" : 0,
      "skipped" : 0,
      "passed" : 1,
      "unknown" : 0,
      "total" : 1
    },
    "items" : [ {
      "uid" : "1c9737558919c922",
      "status" : "passed",
      "time" : {
        "start" : 1600250660810,
        "stop" : 1600250660868,
        "duration" : 58
      }
    } ]
  },
  "efcdd34249266a42304c133a2404dcb7" : {
    "statistic" : {
      "failed" : 0,
      "broken" : 0,
      "skipped" : 0,
      "passed" : 1,
      "unknown" : 0,
      "total" : 1
    },
    "items" : [ {
      "uid" : "1c99f41353b661a8",
      "status" : "passed",
      "time" : {
        "start" : 1600250659840,
        "stop" : 1600250659876,
        "duration" : 36
      }
    } ]
  },
  "392db115f8a4596aa27b95c5972f9b32" : {
    "statistic" : {
      "failed" : 0,
      "broken" : 0,
      "skipped" : 0,
      "passed" : 1,
      "unknown" : 0,
      "total" : 1
    },
    "items" : [ {
      "uid" : "4564c1eb11bee230",
      "status" : "passed",
      "time" : {
        "start" : 1600250630878,
        "stop" : 1600250630999,
        "duration" : 121
      }
    } ]
  },
  "939f9be75ecdb56c5db4ca3f4deacd95" : {
    "statistic" : {
      "failed" : 0,
      "broken" : 0,
      "skipped" : 0,
      "passed" : 1,
      "unknown" : 0,
      "total" : 1
    },
    "items" : [ {
      "uid" : "80537aacc3fc3fca",
      "status" : "passed",
      "time" : {
        "start" : 1600250665625,
        "stop" : 1600250665664,
        "duration" : 39
      }
    } ]
  },
  "eac6159e0f21c1b05773faa2ec4603ad" : {
    "statistic" : {
      "failed" : 0,
      "broken" : 0,
      "skipped" : 0,
      "passed" : 1,
      "unknown" : 0,
      "total" : 1
    },
    "items" : [ {
      "uid" : "d11fdb2ff313a6f7",
      "status" : "passed",
      "time" : {
        "start" : 1600250660872,
        "stop" : 1600250660921,
        "duration" : 49
      }
    } ]
  },
  "48ad104f4b887e43e4bc0ad421aa56e8" : {
    "statistic" : {
      "failed" : 0,
      "broken" : 0,
      "skipped" : 0,
      "passed" : 1,
      "unknown" : 0,
      "total" : 1
    },
    "items" : [ {
      "uid" : "64d6196d2e9f5f13",
      "status" : "passed",
      "time" : {
        "start" : 1600250665377,
        "stop" : 1600250665439,
        "duration" : 62
      }
    } ]
  },
  "7d61d5c8c67b9aa1779093bc6df12bd3" : {
    "statistic" : {
      "failed" : 0,
      "broken" : 0,
      "skipped" : 0,
      "passed" : 1,
      "unknown" : 0,
      "total" : 1
    },
    "items" : [ {
      "uid" : "8d2462ca0360d628",
      "status" : "passed",
      "time" : {
        "start" : 1600250634939,
        "stop" : 1600250634972,
        "duration" : 33
      }
    } ]
  },
  "04761ee927b492673dfc0d107207ad97" : {
    "statistic" : {
      "failed" : 0,
      "broken" : 0,
      "skipped" : 0,
      "passed" : 1,
      "unknown" : 0,
      "total" : 1
    },
    "items" : [ {
      "uid" : "5d20b97c1f42dcdf",
      "status" : "passed",
      "time" : {
        "start" : 1600250661144,
        "stop" : 1600250661236,
        "duration" : 92
      }
    } ]
  },
  "d29ad576fbb93dcb9d2c21f082e3e990" : {
    "statistic" : {
      "failed" : 0,
      "broken" : 0,
      "skipped" : 0,
      "passed" : 1,
      "unknown" : 0,
      "total" : 1
    },
    "items" : [ {
      "uid" : "e9fa27915c236e9f",
      "status" : "passed",
      "time" : {
        "start" : 1600250644936,
        "stop" : 1600250645002,
        "duration" : 66
      }
    } ]
  },
  "a20e1481ca21b7200ab313198d5ab23e" : {
    "statistic" : {
      "failed" : 0,
      "broken" : 0,
      "skipped" : 0,
      "passed" : 1,
      "unknown" : 0,
      "total" : 1
    },
    "items" : [ {
      "uid" : "978e8611c908bcc1",
      "status" : "passed",
      "time" : {
        "start" : 1600250658806,
        "stop" : 1600250658850,
        "duration" : 44
      }
    } ]
  },
  "09c9eeec63972c112e7e557eef866c0d" : {
    "statistic" : {
      "failed" : 0,
      "broken" : 0,
      "skipped" : 0,
      "passed" : 1,
      "unknown" : 0,
      "total" : 1
    },
    "items" : [ {
      "uid" : "f6c7cbbe3c644cd",
      "status" : "passed",
      "time" : {
        "start" : 1600250666206,
        "stop" : 1600250666253,
        "duration" : 47
      }
    } ]
  },
  "e4d40d2792dd7658651611b06918bc97" : {
    "statistic" : {
      "failed" : 0,
      "broken" : 0,
      "skipped" : 0,
      "passed" : 1,
      "unknown" : 0,
      "total" : 1
    },
    "items" : [ {
      "uid" : "c5a297745be64702",
      "status" : "passed",
      "time" : {
        "start" : 1600250629573,
        "stop" : 1600250629619,
        "duration" : 46
      }
    } ]
  },
  "defe89049a92b784b6877910f9080984" : {
    "statistic" : {
      "failed" : 0,
      "broken" : 0,
      "skipped" : 0,
      "passed" : 1,
      "unknown" : 0,
      "total" : 1
    },
    "items" : [ {
      "uid" : "1166a14a423b65b4",
      "status" : "passed",
      "time" : {
        "start" : 1600250631182,
        "stop" : 1600250631318,
        "duration" : 136
      }
    } ]
  },
  "8a6994bdb28810a6a0289434af61f1f3" : {
    "statistic" : {
      "failed" : 0,
      "broken" : 0,
      "skipped" : 0,
      "passed" : 1,
      "unknown" : 0,
      "total" : 1
    },
    "items" : [ {
      "uid" : "ced7c710574c088b",
      "status" : "passed",
      "time" : {
        "start" : 1600250667932,
        "stop" : 1600250667971,
        "duration" : 39
      }
    } ]
  },
  "5732bfa987909d668c082a7860eb46c1" : {
    "statistic" : {
      "failed" : 0,
      "broken" : 0,
      "skipped" : 0,
      "passed" : 1,
      "unknown" : 0,
      "total" : 1
    },
    "items" : [ {
      "uid" : "a8ec4b00650c596c",
      "status" : "passed",
      "time" : {
        "start" : 1600250648561,
        "stop" : 1600250648616,
        "duration" : 55
      }
    } ]
  },
  "afced4ae5e2fd0e4992e89ce2187f375" : {
    "statistic" : {
      "failed" : 0,
      "broken" : 0,
      "skipped" : 0,
      "passed" : 1,
      "unknown" : 0,
      "total" : 1
    },
    "items" : [ {
      "uid" : "3c5014def53f07d1",
      "status" : "passed",
      "time" : {
        "start" : 1600250660201,
        "stop" : 1600250660249,
        "duration" : 48
      }
    } ]
  },
  "352270b336b472fbbfaf74b2616efa68" : {
    "statistic" : {
      "failed" : 0,
      "broken" : 0,
      "skipped" : 0,
      "passed" : 1,
      "unknown" : 0,
      "total" : 1
    },
    "items" : [ {
      "uid" : "33a41cd4a18b7bec",
      "status" : "passed",
      "time" : {
        "start" : 1600250651090,
        "stop" : 1600250651125,
        "duration" : 35
      }
    } ]
  },
  "9d3271519e789f67c11a907e11ed0ad2" : {
    "statistic" : {
      "failed" : 0,
      "broken" : 0,
      "skipped" : 0,
      "passed" : 1,
      "unknown" : 0,
      "total" : 1
    },
    "items" : [ {
      "uid" : "d237a7e46c9abae2",
      "status" : "passed",
      "time" : {
        "start" : 1600250657196,
        "stop" : 1600250657375,
        "duration" : 179
      }
    } ]
  },
  "a43cbf0af5d3af0e1bda26614d7d2c98" : {
    "statistic" : {
      "failed" : 0,
      "broken" : 0,
      "skipped" : 0,
      "passed" : 1,
      "unknown" : 0,
      "total" : 1
    },
    "items" : [ {
      "uid" : "5d0739c00191ef37",
      "status" : "passed",
      "time" : {
        "start" : 1600250667503,
        "stop" : 1600250667608,
        "duration" : 105
      }
    } ]
  },
  "f968ccae3c1363b4b1d46256b4b36e16" : {
    "statistic" : {
      "failed" : 0,
      "broken" : 0,
      "skipped" : 0,
      "passed" : 1,
      "unknown" : 0,
      "total" : 1
    },
    "items" : [ {
      "uid" : "ad44b51a0e98ff95",
      "status" : "passed",
      "time" : {
        "start" : 1600250657442,
        "stop" : 1600250657493,
        "duration" : 51
      }
    } ]
  },
  "2d625e5aa3b14b3bafac3ea6570c7ba9" : {
    "statistic" : {
      "failed" : 0,
      "broken" : 0,
      "skipped" : 0,
      "passed" : 1,
      "unknown" : 0,
      "total" : 1
    },
    "items" : [ {
      "uid" : "40c68f91472cea14",
      "status" : "passed",
      "time" : {
        "start" : 1600250661723,
        "stop" : 1600250662012,
        "duration" : 289
      }
    } ]
  },
  "c937ec162390137b834f8d7e9f800724" : {
    "statistic" : {
      "failed" : 0,
      "broken" : 0,
      "skipped" : 0,
      "passed" : 1,
      "unknown" : 0,
      "total" : 1
    },
    "items" : [ {
      "uid" : "54eee07ac99e39ca",
      "status" : "passed",
      "time" : {
        "start" : 1600250635519,
        "stop" : 1600250635564,
        "duration" : 45
      }
    } ]
  },
  "96e8d2868673e1f680461881f6ac0e99" : {
    "statistic" : {
      "failed" : 0,
      "broken" : 0,
      "skipped" : 0,
      "passed" : 1,
      "unknown" : 0,
      "total" : 1
    },
    "items" : [ {
      "uid" : "c6788c4e60d617a4",
      "status" : "passed",
      "time" : {
        "start" : 1600250661321,
        "stop" : 1600250661412,
        "duration" : 91
      }
    } ]
  },
  "6f60e69b2711098b4652a581a7bd7632" : {
    "statistic" : {
      "failed" : 0,
      "broken" : 0,
      "skipped" : 0,
      "passed" : 1,
      "unknown" : 0,
      "total" : 1
    },
    "items" : [ {
      "uid" : "4e9c33c95caa37be",
      "status" : "passed",
      "time" : {
        "start" : 1600250630177,
        "stop" : 1600250630219,
        "duration" : 42
      }
    } ]
  },
  "7ea8b3092ce9dd5abc4076515e3539ea" : {
    "statistic" : {
      "failed" : 0,
      "broken" : 0,
      "skipped" : 0,
      "passed" : 1,
      "unknown" : 0,
      "total" : 1
    },
    "items" : [ {
      "uid" : "b2eed781cec311f1",
      "status" : "passed",
      "time" : {
        "start" : 1600250661278,
        "stop" : 1600250661314,
        "duration" : 36
      }
    } ]
  },
  "da486faf28019ed31b6697daf3a35145" : {
    "statistic" : {
      "failed" : 0,
      "broken" : 0,
      "skipped" : 0,
      "passed" : 1,
      "unknown" : 0,
      "total" : 1
    },
    "items" : [ {
      "uid" : "c8a89d175944eb63",
      "status" : "passed",
      "time" : {
        "start" : 1600250649653,
        "stop" : 1600250650072,
        "duration" : 419
      }
    } ]
  },
  "889ac5eb4adb910c65126f13769d9714" : {
    "statistic" : {
      "failed" : 0,
      "broken" : 0,
      "skipped" : 0,
      "passed" : 1,
      "unknown" : 0,
      "total" : 1
    },
    "items" : [ {
      "uid" : "c80e87f2fd91b30e",
      "status" : "passed",
      "time" : {
        "start" : 1600250657497,
        "stop" : 1600250657547,
        "duration" : 50
      }
    } ]
  },
  "0a5961ad5a2b8b37454e9d770907e5a5" : {
    "statistic" : {
      "failed" : 0,
      "broken" : 0,
      "skipped" : 0,
      "passed" : 1,
      "unknown" : 0,
      "total" : 1
    },
    "items" : [ {
      "uid" : "8405b1f66efd4f27",
      "status" : "passed",
      "time" : {
        "start" : 1600250647672,
        "stop" : 1600250647822,
        "duration" : 150
      }
    } ]
  },
  "d7c65eed0806c06677d1d3a98c306bf8" : {
    "statistic" : {
      "failed" : 0,
      "broken" : 0,
      "skipped" : 0,
      "passed" : 1,
      "unknown" : 0,
      "total" : 1
    },
    "items" : [ {
      "uid" : "79fa9de7770c27e2",
      "status" : "passed",
      "time" : {
        "start" : 1600250647826,
        "stop" : 1600250647869,
        "duration" : 43
      }
    } ]
  },
  "7fb557f397b056f9e02e437a9e15a503" : {
    "statistic" : {
      "failed" : 0,
      "broken" : 0,
      "skipped" : 0,
      "passed" : 1,
      "unknown" : 0,
      "total" : 1
    },
    "items" : [ {
      "uid" : "3f93026bc6529705",
      "status" : "passed",
      "time" : {
        "start" : 1600250645392,
        "stop" : 1600250645454,
        "duration" : 62
      }
    } ]
  },
  "2f685305ee25ebc83a52380efb9317d1" : {
    "statistic" : {
      "failed" : 0,
      "broken" : 0,
      "skipped" : 0,
      "passed" : 1,
      "unknown" : 0,
      "total" : 1
    },
    "items" : [ {
      "uid" : "f4d5d7ef314a4470",
      "status" : "passed",
      "time" : {
        "start" : 1600250667975,
        "stop" : 1600250668021,
        "duration" : 46
      }
    } ]
  },
  "98b0055b1eef57fd82843594fcedc642" : {
    "statistic" : {
      "failed" : 0,
      "broken" : 0,
      "skipped" : 0,
      "passed" : 1,
      "unknown" : 0,
      "total" : 1
    },
    "items" : [ {
      "uid" : "4a45465464785f78",
      "status" : "passed",
      "time" : {
        "start" : 1600250650519,
        "stop" : 1600250650640,
        "duration" : 121
      }
    } ]
  },
  "f6e40fe16f8a4e11ef499ac89cbed568" : {
    "statistic" : {
      "failed" : 0,
      "broken" : 0,
      "skipped" : 0,
      "passed" : 1,
      "unknown" : 0,
      "total" : 1
    },
    "items" : [ {
      "uid" : "bbd600da04b88af8",
      "status" : "passed",
      "time" : {
        "start" : 1600250629624,
        "stop" : 1600250629668,
        "duration" : 44
      }
    } ]
  },
  "792c837fb00200afe134df67c2639e4b" : {
    "statistic" : {
      "failed" : 0,
      "broken" : 0,
      "skipped" : 0,
      "passed" : 1,
      "unknown" : 0,
      "total" : 1
    },
    "items" : [ {
      "uid" : "a0a1472e86b71a2d",
      "status" : "passed",
      "time" : {
        "start" : 1600250660743,
        "stop" : 1600250660807,
        "duration" : 64
      }
    } ]
  },
  "1bf42e505c28cb26834be1ecc4c20595" : {
    "statistic" : {
      "failed" : 0,
      "broken" : 0,
      "skipped" : 0,
      "passed" : 1,
      "unknown" : 0,
      "total" : 1
    },
    "items" : [ {
      "uid" : "fe18c97d1711a489",
      "status" : "passed",
      "time" : {
        "start" : 1600250663952,
        "stop" : 1600250664112,
        "duration" : 160
      }
    } ]
  },
  "09e4ef1ea16d2c825e34471207bc82b1" : {
    "statistic" : {
      "failed" : 0,
      "broken" : 0,
      "skipped" : 0,
      "passed" : 1,
      "unknown" : 0,
      "total" : 1
    },
    "items" : [ {
      "uid" : "33c2b62dc523d301",
      "status" : "passed",
      "time" : {
        "start" : 1600250631327,
        "stop" : 1600250631641,
        "duration" : 314
      }
    } ]
  },
  "b8125563e5a8a6a99dfad3703ef39aa2" : {
    "statistic" : {
      "failed" : 0,
      "broken" : 0,
      "skipped" : 0,
      "passed" : 1,
      "unknown" : 0,
      "total" : 1
    },
    "items" : [ {
      "uid" : "ea179062da8cbfab",
      "status" : "passed",
      "time" : {
        "start" : 1600250658131,
        "stop" : 1600250658239,
        "duration" : 108
      }
    } ]
  },
  "1b63bd107334dde1195b3cc271602047" : {
    "statistic" : {
      "failed" : 0,
      "broken" : 0,
      "skipped" : 0,
      "passed" : 1,
      "unknown" : 0,
      "total" : 1
    },
    "items" : [ {
      "uid" : "eb69ecc7060fd6bc",
      "status" : "passed",
      "time" : {
        "start" : 1600250645535,
        "stop" : 1600250645668,
        "duration" : 133
      }
    } ]
  },
  "9b59d2b8ab9711cac485c94be579d40a" : {
    "statistic" : {
      "failed" : 0,
      "broken" : 0,
      "skipped" : 0,
      "passed" : 1,
      "unknown" : 0,
      "total" : 1
    },
    "items" : [ {
      "uid" : "34f455c3352dd49a",
      "status" : "passed",
      "time" : {
        "start" : 1600250667784,
        "stop" : 1600250667879,
        "duration" : 95
      }
    } ]
  },
  "af7d25c0f739a153d4e37b6e803adc40" : {
    "statistic" : {
      "failed" : 0,
      "broken" : 0,
      "skipped" : 0,
      "passed" : 1,
      "unknown" : 0,
      "total" : 1
    },
    "items" : [ {
      "uid" : "31f08c26cd9d0d79",
      "status" : "passed",
      "time" : {
        "start" : 1600250636005,
        "stop" : 1600250636044,
        "duration" : 39
      }
    } ]
  },
  "b2c8f398a70e1f950a6d890362263161" : {
    "statistic" : {
      "failed" : 0,
      "broken" : 0,
      "skipped" : 0,
      "passed" : 1,
      "unknown" : 0,
      "total" : 1
    },
    "items" : [ {
      "uid" : "7f869b2e7d1625e5",
      "status" : "passed",
      "time" : {
        "start" : 1600250649081,
        "stop" : 1600250649134,
        "duration" : 53
      }
    } ]
  },
  "9ded090b27b80ca0b6427e37630990da" : {
    "statistic" : {
      "failed" : 0,
      "broken" : 0,
      "skipped" : 0,
      "passed" : 1,
      "unknown" : 0,
      "total" : 1
    },
    "items" : [ {
      "uid" : "67bbb3a4729a4288",
      "status" : "passed",
      "time" : {
        "start" : 1600250665228,
        "stop" : 1600250665370,
        "duration" : 142
      }
    } ]
  },
  "3af4fb2223bcfe0edf8e601768d2e74c" : {
    "statistic" : {
      "failed" : 0,
      "broken" : 0,
      "skipped" : 0,
      "passed" : 1,
      "unknown" : 0,
      "total" : 1
    },
    "items" : [ {
      "uid" : "b772349567834a21",
      "status" : "passed",
      "time" : {
        "start" : 1600250630134,
        "stop" : 1600250630172,
        "duration" : 38
      }
    } ]
  },
  "2be7bbcc05ced1f2be1a08f6ec6d92e8" : {
    "statistic" : {
      "failed" : 0,
      "broken" : 0,
      "skipped" : 0,
      "passed" : 1,
      "unknown" : 0,
      "total" : 1
    },
    "items" : [ {
      "uid" : "786927f2c7bfb227",
      "status" : "passed",
      "time" : {
        "start" : 1600250634169,
        "stop" : 1600250634226,
        "duration" : 57
      }
    } ]
  },
  "cc24cbee1b2b996aacca9b6e104d47cd" : {
    "statistic" : {
      "failed" : 0,
      "broken" : 0,
      "skipped" : 0,
      "passed" : 1,
      "unknown" : 0,
      "total" : 1
    },
    "items" : [ {
      "uid" : "c1b6cd04fe58593b",
      "status" : "passed",
      "time" : {
        "start" : 1600250638503,
        "stop" : 1600250639031,
        "duration" : 528
      }
    } ]
  },
  "5129313ba69de1df045b724cd4f34793" : {
    "statistic" : {
      "failed" : 0,
      "broken" : 0,
      "skipped" : 0,
      "passed" : 1,
      "unknown" : 0,
      "total" : 1
    },
    "items" : [ {
      "uid" : "eb9fb9bed2a95df8",
      "status" : "passed",
      "time" : {
        "start" : 1600250664807,
        "stop" : 1600250665220,
        "duration" : 413
      }
    } ]
  },
  "c565868c992c18c2272156a74769d9ed" : {
    "statistic" : {
      "failed" : 0,
      "broken" : 0,
      "skipped" : 0,
      "passed" : 1,
      "unknown" : 0,
      "total" : 1
    },
    "items" : [ {
      "uid" : "9bc73b52df9271a9",
      "status" : "passed",
      "time" : {
        "start" : 1600250648673,
        "stop" : 1600250648714,
        "duration" : 41
      }
    } ]
  },
  "71fe935867396bdf9a1507e954738b08" : {
    "statistic" : {
      "failed" : 0,
      "broken" : 0,
      "skipped" : 0,
      "passed" : 1,
      "unknown" : 0,
      "total" : 1
    },
    "items" : [ {
      "uid" : "f7431a72f0ca96f5",
      "status" : "passed",
      "time" : {
        "start" : 1600250636048,
        "stop" : 1600250636096,
        "duration" : 48
      }
    } ]
  },
  "05c7c9efa395c75c3b865fe3ef767548" : {
    "statistic" : {
      "failed" : 0,
      "broken" : 0,
      "skipped" : 0,
      "passed" : 1,
      "unknown" : 0,
      "total" : 1
    },
    "items" : [ {
      "uid" : "3e66d991a6f35e6d",
      "status" : "passed",
      "time" : {
        "start" : 1600250658716,
        "stop" : 1600250658761,
        "duration" : 45
      }
    } ]
  },
  "568b5a6e947d35fcc6adde166c71a9df" : {
    "statistic" : {
      "failed" : 0,
      "broken" : 0,
      "skipped" : 0,
      "passed" : 1,
      "unknown" : 0,
      "total" : 1
    },
    "items" : [ {
      "uid" : "274e68821a16306d",
      "status" : "passed",
      "time" : {
        "start" : 1600250629675,
        "stop" : 1600250629719,
        "duration" : 44
      }
    } ]
  },
  "bb06ff082d3ce124caa6acbed37737d2" : {
    "statistic" : {
      "failed" : 0,
      "broken" : 0,
      "skipped" : 0,
      "passed" : 1,
      "unknown" : 0,
      "total" : 1
    },
    "items" : [ {
      "uid" : "1e9122affb273bf",
      "status" : "passed",
      "time" : {
        "start" : 1600250667882,
        "stop" : 1600250667928,
        "duration" : 46
      }
    } ]
  },
  "e4e513017e185a690c64cb9a0b017a7b" : {
    "statistic" : {
      "failed" : 0,
      "broken" : 0,
      "skipped" : 0,
      "passed" : 1,
      "unknown" : 0,
      "total" : 1
    },
    "items" : [ {
      "uid" : "c8f634753443f790",
      "status" : "passed",
      "time" : {
        "start" : 1600250637200,
        "stop" : 1600250637321,
        "duration" : 121
      }
    } ]
  },
  "ad63a11bb91821296a49e758afb99d66" : {
    "statistic" : {
      "failed" : 0,
      "broken" : 0,
      "skipped" : 0,
      "passed" : 1,
      "unknown" : 0,
      "total" : 1
    },
    "items" : [ {
      "uid" : "17b820b77513e197",
      "status" : "passed",
      "time" : {
        "start" : 1600250657060,
        "stop" : 1600250657191,
        "duration" : 131
      }
    } ]
  },
  "9ab7fd5063445d7bc9c380eb1db47f3a" : {
    "statistic" : {
      "failed" : 0,
      "broken" : 0,
      "skipped" : 0,
      "passed" : 1,
      "unknown" : 0,
      "total" : 1
    },
    "items" : [ {
      "uid" : "12a4c4bc229c1c2c",
      "status" : "passed",
      "time" : {
        "start" : 1600250659611,
        "stop" : 1600250659683,
        "duration" : 72
      }
    } ]
  },
  "508cbb5f260ceeb955209dcb178ce50e" : {
    "statistic" : {
      "failed" : 0,
      "broken" : 0,
      "skipped" : 0,
      "passed" : 1,
      "unknown" : 0,
      "total" : 1
    },
    "items" : [ {
      "uid" : "8458d1aa3b352109",
      "status" : "passed",
      "time" : {
        "start" : 1600250656797,
        "stop" : 1600250656852,
        "duration" : 55
      }
    } ]
  },
  "2cbe50418e82fa7783905f457f2b2ae4" : {
    "statistic" : {
      "failed" : 0,
      "broken" : 0,
      "skipped" : 0,
      "passed" : 1,
      "unknown" : 0,
      "total" : 1
    },
    "items" : [ {
      "uid" : "7f23443a25a983e0",
      "status" : "passed",
      "time" : {
        "start" : 1600250635260,
        "stop" : 1600250635292,
        "duration" : 32
      }
    } ]
  },
  "aa82b7df9dc43da691cfbf6ae3fe86f9" : {
    "statistic" : {
      "failed" : 0,
      "broken" : 0,
      "skipped" : 0,
      "passed" : 1,
      "unknown" : 0,
      "total" : 1
    },
    "items" : [ {
      "uid" : "b99630e2a83af3fc",
      "status" : "passed",
      "time" : {
        "start" : 1600250660294,
        "stop" : 1600250660525,
        "duration" : 231
      }
    } ]
  },
  "ffc203868783a12083a90c846dc1d78c" : {
    "statistic" : {
      "failed" : 0,
      "broken" : 0,
      "skipped" : 0,
      "passed" : 1,
      "unknown" : 0,
      "total" : 1
    },
    "items" : [ {
      "uid" : "abf20c373f305f8d",
      "status" : "passed",
      "time" : {
        "start" : 1600250627847,
        "stop" : 1600250627896,
        "duration" : 49
      }
    } ]
  },
  "6e08562fd668307b253824273769e906" : {
    "statistic" : {
      "failed" : 0,
      "broken" : 0,
      "skipped" : 0,
      "passed" : 1,
      "unknown" : 0,
      "total" : 1
    },
    "items" : [ {
      "uid" : "86b83c831a5c39c5",
      "status" : "passed",
      "time" : {
        "start" : 1600250649197,
        "stop" : 1600250649462,
        "duration" : 265
      }
    } ]
  },
  "d89da8f2802483b5c53e8146f88de836" : {
    "statistic" : {
      "failed" : 0,
      "broken" : 0,
      "skipped" : 0,
      "passed" : 1,
      "unknown" : 0,
      "total" : 1
    },
    "items" : [ {
      "uid" : "c40c2ec42166e53",
      "status" : "passed",
      "time" : {
        "start" : 1600250662323,
        "stop" : 1600250662950,
        "duration" : 627
      }
    } ]
  },
  "44aa177dec0e07566e943e528d274543" : {
    "statistic" : {
      "failed" : 0,
      "broken" : 0,
      "skipped" : 0,
      "passed" : 1,
      "unknown" : 0,
      "total" : 1
    },
    "items" : [ {
      "uid" : "c66f62edf9cb4c79",
      "status" : "passed",
      "time" : {
        "start" : 1600250630728,
        "stop" : 1600250630870,
        "duration" : 142
      }
    } ]
  },
  "864efe407b197e31e7b0a14affad65ba" : {
    "statistic" : {
      "failed" : 0,
      "broken" : 0,
      "skipped" : 0,
      "passed" : 1,
      "unknown" : 0,
      "total" : 1
    },
    "items" : [ {
      "uid" : "e686465615a8519f",
      "status" : "passed",
      "time" : {
        "start" : 1600250667436,
        "stop" : 1600250667493,
        "duration" : 57
      }
    } ]
  },
  "1380c008539711debcec4415c126f6ad" : {
    "statistic" : {
      "failed" : 0,
      "broken" : 0,
      "skipped" : 0,
      "passed" : 1,
      "unknown" : 0,
      "total" : 1
    },
    "items" : [ {
      "uid" : "6a87811e05ecab0",
      "status" : "passed",
      "time" : {
        "start" : 1600250646942,
        "stop" : 1600250647078,
        "duration" : 136
      }
    } ]
  },
  "95c8690c7dd95c67ede479e144354a3b" : {
    "statistic" : {
      "failed" : 0,
      "broken" : 0,
      "skipped" : 0,
      "passed" : 1,
      "unknown" : 0,
      "total" : 1
    },
    "items" : [ {
      "uid" : "8924d518abe6b4af",
      "status" : "passed",
      "time" : {
        "start" : 1600250667261,
        "stop" : 1600250667305,
        "duration" : 44
      }
    } ]
  },
  "8b63ac61425f7c930ddc330dcda08794" : {
    "statistic" : {
      "failed" : 0,
      "broken" : 0,
      "skipped" : 0,
      "passed" : 1,
      "unknown" : 0,
      "total" : 1
    },
    "items" : [ {
      "uid" : "4e573a5951c9e4df",
      "status" : "passed",
      "time" : {
        "start" : 1600250660530,
        "stop" : 1600250660576,
        "duration" : 46
      }
    } ]
  },
  "07515fab419be8e7256e81d795a71315" : {
    "statistic" : {
      "failed" : 0,
      "broken" : 0,
      "skipped" : 0,
      "passed" : 1,
      "unknown" : 0,
      "total" : 1
    },
    "items" : [ {
      "uid" : "39327a2c49dc22b3",
      "status" : "passed",
      "time" : {
        "start" : 1600250631647,
        "stop" : 1600250631770,
        "duration" : 123
      }
    } ]
  },
  "9f1549dbdf6ca57663d92de2fdfaa9f2" : {
    "statistic" : {
      "failed" : 0,
      "broken" : 0,
      "skipped" : 0,
      "passed" : 1,
      "unknown" : 0,
      "total" : 1
    },
    "items" : [ {
      "uid" : "5dddac49f4823121",
      "status" : "passed",
      "time" : {
        "start" : 1600250667613,
        "stop" : 1600250667734,
        "duration" : 121
      }
    } ]
  },
  "6b6435fd8b650729624c43e3709cbe8b" : {
    "statistic" : {
      "failed" : 0,
      "broken" : 0,
      "skipped" : 0,
      "passed" : 1,
      "unknown" : 0,
      "total" : 1
    },
    "items" : [ {
      "uid" : "be4623c651297d90",
      "status" : "passed",
      "time" : {
        "start" : 1600250657380,
        "stop" : 1600250657436,
        "duration" : 56
      }
    } ]
  },
  "c7e0d82e51a15b178c9471a54bb47b38" : {
    "statistic" : {
      "failed" : 0,
      "broken" : 0,
      "skipped" : 0,
      "passed" : 1,
      "unknown" : 0,
      "total" : 1
    },
    "items" : [ {
      "uid" : "e842c9628ecf1b56",
      "status" : "passed",
      "time" : {
        "start" : 1600250658673,
        "stop" : 1600250658713,
        "duration" : 40
      }
    } ]
  },
  "217674b3d9df47a477141a2a6ec82e4d" : {
    "statistic" : {
      "failed" : 0,
      "broken" : 0,
      "skipped" : 0,
      "passed" : 1,
      "unknown" : 0,
      "total" : 1
    },
    "items" : [ {
      "uid" : "5f12c109568a75c0",
      "status" : "passed",
      "time" : {
        "start" : 1600250640551,
        "stop" : 1600250640866,
        "duration" : 315
      }
    } ]
  },
  "6417295220ef234851787b1555798d4c" : {
    "statistic" : {
      "failed" : 0,
      "broken" : 0,
      "skipped" : 0,
      "passed" : 1,
      "unknown" : 0,
      "total" : 1
    },
    "items" : [ {
      "uid" : "5245170aa2c4104f",
      "status" : "passed",
      "time" : {
        "start" : 1600250631011,
        "stop" : 1600250631172,
        "duration" : 161
      }
    } ]
  },
  "9fb0c32ae846861bb24e68c801d04d07" : {
    "statistic" : {
      "failed" : 0,
      "broken" : 0,
      "skipped" : 0,
      "passed" : 1,
      "unknown" : 0,
      "total" : 1
    },
    "items" : [ {
      "uid" : "1ff05a5cccdd7e53",
      "status" : "passed",
      "time" : {
        "start" : 1600250650135,
        "stop" : 1600250650204,
        "duration" : 69
      }
    } ]
  },
  "7164dd48eb9c250eeabcb1b17d7e832d" : {
    "statistic" : {
      "failed" : 0,
      "broken" : 0,
      "skipped" : 0,
      "passed" : 1,
      "unknown" : 0,
      "total" : 1
    },
    "items" : [ {
      "uid" : "45b1e9c28019ff97",
      "status" : "passed",
      "time" : {
        "start" : 1600250664696,
        "stop" : 1600250664740,
        "duration" : 44
      }
    } ]
  },
  "2178dba174e7e656bbeaaa50ff2655cb" : {
    "statistic" : {
      "failed" : 0,
      "broken" : 0,
      "skipped" : 0,
      "passed" : 1,
      "unknown" : 0,
      "total" : 1
    },
    "items" : [ {
      "uid" : "6b2d3bc99ae88c92",
      "status" : "passed",
      "time" : {
        "start" : 1600250663351,
        "stop" : 1600250663516,
        "duration" : 165
      }
    } ]
  },
  "e2a2a3bf6b7e93433727b703baeb608f" : {
    "statistic" : {
      "failed" : 0,
      "broken" : 0,
      "skipped" : 0,
      "passed" : 1,
      "unknown" : 0,
      "total" : 1
    },
    "items" : [ {
      "uid" : "a66e9a9507aba69e",
      "status" : "passed",
      "time" : {
        "start" : 1600250662956,
        "stop" : 1600250663343,
        "duration" : 387
      }
    } ]
  },
  "02651733a16da3608e17e52fc1738541" : {
    "statistic" : {
      "failed" : 0,
      "broken" : 0,
      "skipped" : 0,
      "passed" : 1,
      "unknown" : 0,
      "total" : 1
    },
    "items" : [ {
      "uid" : "cc0e2144d94ec69d",
      "status" : "passed",
      "time" : {
        "start" : 1600250656681,
        "stop" : 1600250656737,
        "duration" : 56
      }
    } ]
  },
  "4a009ecc0d77e78fc234a4404ac2b532" : {
    "statistic" : {
      "failed" : 0,
      "broken" : 0,
      "skipped" : 0,
      "passed" : 1,
      "unknown" : 0,
      "total" : 1
    },
    "items" : [ {
      "uid" : "d35c4d992af76e77",
      "status" : "passed",
      "time" : {
        "start" : 1600250655516,
        "stop" : 1600250655749,
        "duration" : 233
      }
    } ]
  },
  "9da06efa66e2587c21e5459dda6d15ba" : {
    "statistic" : {
      "failed" : 0,
      "broken" : 0,
      "skipped" : 0,
      "passed" : 1,
      "unknown" : 0,
      "total" : 1
    },
    "items" : [ {
      "uid" : "397e0f42cb160616",
      "status" : "passed",
      "time" : {
        "start" : 1600250666460,
        "stop" : 1600250666499,
        "duration" : 39
      }
    } ]
  },
  "2151324f0ac0c2b6b4b6954d0852fc6b" : {
    "statistic" : {
      "failed" : 0,
      "broken" : 0,
      "skipped" : 0,
      "passed" : 1,
      "unknown" : 0,
      "total" : 1
    },
    "items" : [ {
      "uid" : "f52e5fff53c93284",
      "status" : "passed",
      "time" : {
        "start" : 1600250663595,
        "stop" : 1600250663647,
        "duration" : 52
      }
    } ]
  },
  "6132089228c4029c29684b716c2a46e2" : {
    "statistic" : {
      "failed" : 0,
      "broken" : 0,
      "skipped" : 0,
      "passed" : 1,
      "unknown" : 0,
      "total" : 1
    },
    "items" : [ {
      "uid" : "bbda0cef86bd2e97",
      "status" : "passed",
      "time" : {
        "start" : 1600250641780,
        "stop" : 1600250642148,
        "duration" : 368
      }
    } ]
  },
  "a980d0da1d109073725c8c5c6c2c8698" : {
    "statistic" : {
      "failed" : 0,
      "broken" : 0,
      "skipped" : 0,
      "passed" : 1,
      "unknown" : 0,
      "total" : 1
    },
    "items" : [ {
      "uid" : "c38d0f1beb0ac622",
      "status" : "passed",
      "time" : {
        "start" : 1600250634056,
        "stop" : 1600250634164,
        "duration" : 108
      }
    } ]
  },
  "b1a73e4406ec4584c144ef7b3a4293b2" : {
    "statistic" : {
      "failed" : 0,
      "broken" : 0,
      "skipped" : 0,
      "passed" : 1,
      "unknown" : 0,
      "total" : 1
    },
    "items" : [ {
      "uid" : "1599aa23db00782c",
      "status" : "passed",
      "time" : {
        "start" : 1600250661558,
        "stop" : 1600250661717,
        "duration" : 159
      }
    } ]
  },
  "05b28fb4a637d0fbe6c1cf7e2f9c4bba" : {
    "statistic" : {
      "failed" : 0,
      "broken" : 0,
      "skipped" : 0,
      "passed" : 1,
      "unknown" : 0,
      "total" : 1
    },
    "items" : [ {
      "uid" : "3a4203d1370b664",
      "status" : "passed",
      "time" : {
        "start" : 1600250658523,
        "stop" : 1600250658564,
        "duration" : 41
      }
    } ]
  },
  "2889c6f08ee7fca631f152be98258cf7" : {
    "statistic" : {
      "failed" : 0,
      "broken" : 0,
      "skipped" : 0,
      "passed" : 1,
      "unknown" : 0,
      "total" : 1
    },
    "items" : [ {
      "uid" : "24e1142e3faa473f",
      "status" : "passed",
      "time" : {
        "start" : 1600250635027,
        "stop" : 1600250635081,
        "duration" : 54
      }
    } ]
  },
  "02685a9ee8a3c230042d54d1dc4a7fce" : {
    "statistic" : {
      "failed" : 0,
      "broken" : 0,
      "skipped" : 0,
      "passed" : 1,
      "unknown" : 0,
      "total" : 1
    },
    "items" : [ {
      "uid" : "38e57c728ffe0090",
      "status" : "passed",
      "time" : {
        "start" : 1600250636468,
        "stop" : 1600250636527,
        "duration" : 59
      }
    } ]
  },
  "95cdbbd463817f3500cde52621bc617f" : {
    "statistic" : {
      "failed" : 0,
      "broken" : 0,
      "skipped" : 0,
      "passed" : 1,
      "unknown" : 0,
      "total" : 1
    },
    "items" : [ {
      "uid" : "5085ceb1bbb1489b",
      "status" : "passed",
      "time" : {
        "start" : 1600250666261,
        "stop" : 1600250666316,
        "duration" : 55
      }
    } ]
  },
  "da61f2fc6c7af7369863c4a64a205902" : {
    "statistic" : {
      "failed" : 0,
      "broken" : 0,
      "skipped" : 0,
      "passed" : 1,
      "unknown" : 0,
      "total" : 1
    },
    "items" : [ {
      "uid" : "5b11a6df199bb8af",
      "status" : "passed",
      "time" : {
        "start" : 1600250634269,
        "stop" : 1600250634458,
        "duration" : 189
      }
    } ]
  },
  "fd3783957a460d6eeb3614973db987e5" : {
    "statistic" : {
      "failed" : 0,
      "broken" : 0,
      "skipped" : 0,
      "passed" : 1,
      "unknown" : 0,
      "total" : 1
    },
    "items" : [ {
      "uid" : "af9e5b48423e45de",
      "status" : "passed",
      "time" : {
        "start" : 1600250660674,
        "stop" : 1600250660737,
        "duration" : 63
      }
    } ]
  },
  "a703b207595d9abf36f2784776c56d00" : {
    "statistic" : {
      "failed" : 0,
      "broken" : 0,
      "skipped" : 0,
      "passed" : 1,
      "unknown" : 0,
      "total" : 1
    },
    "items" : [ {
      "uid" : "96ee291338532379",
      "status" : "passed",
      "time" : {
        "start" : 1600250663861,
        "stop" : 1600250663904,
        "duration" : 43
      }
    } ]
  },
  "cf0b10a34579c9a2fd74d87d18dbdfa4" : {
    "statistic" : {
      "failed" : 0,
      "broken" : 0,
      "skipped" : 0,
      "passed" : 1,
      "unknown" : 0,
      "total" : 1
    },
    "items" : [ {
      "uid" : "55d24d2a68619e09",
      "status" : "passed",
      "time" : {
        "start" : 1600250666321,
        "stop" : 1600250666406,
        "duration" : 85
      }
    } ]
  },
  "506cb42e5d884bec8dadc6b1a9d82788" : {
    "statistic" : {
      "failed" : 0,
      "broken" : 0,
      "skipped" : 0,
      "passed" : 1,
      "unknown" : 0,
      "total" : 1
    },
    "items" : [ {
      "uid" : "b20ae6b42431e3cd",
      "status" : "passed",
      "time" : {
        "start" : 1600250661032,
        "stop" : 1600250661131,
        "duration" : 99
      }
    } ]
  },
  "1b5e45d3d9c346c0b41a89052c88c728" : {
    "statistic" : {
      "failed" : 0,
      "broken" : 0,
      "skipped" : 0,
      "passed" : 1,
      "unknown" : 0,
      "total" : 1
    },
    "items" : [ {
      "uid" : "3f1e56e54a430478",
      "status" : "passed",
      "time" : {
        "start" : 1600250655827,
        "stop" : 1600250656676,
        "duration" : 849
      }
    } ]
  },
  "d602e94a88d5cce9e885efe1d9227fb8" : {
    "statistic" : {
      "failed" : 0,
      "broken" : 0,
      "skipped" : 0,
      "passed" : 1,
      "unknown" : 0,
      "total" : 1
    },
    "items" : [ {
      "uid" : "4db63e3223945309",
      "status" : "passed",
      "time" : {
        "start" : 1600250629846,
        "stop" : 1600250630022,
        "duration" : 176
      }
    } ]
  },
  "d2935f1f26894eb72e1e42c39899ad94" : {
    "statistic" : {
      "failed" : 0,
      "broken" : 0,
      "skipped" : 0,
      "passed" : 1,
      "unknown" : 0,
      "total" : 1
    },
    "items" : [ {
      "uid" : "687dcf34fb68de8d",
      "status" : "passed",
      "time" : {
        "start" : 1600250644843,
        "stop" : 1600250644887,
        "duration" : 44
      }
    } ]
  },
  "5babd135ca7c5fc56fff8d0ae549f0f5" : {
    "statistic" : {
      "failed" : 0,
      "broken" : 0,
      "skipped" : 0,
      "passed" : 1,
      "unknown" : 0,
      "total" : 1
    },
    "items" : [ {
      "uid" : "8c2ecd031186015c",
      "status" : "passed",
      "time" : {
        "start" : 1600250630026,
        "stop" : 1600250630076,
        "duration" : 50
      }
    } ]
  },
  "efbb4785711bdc5dd97759e8ccbddda6" : {
    "statistic" : {
      "failed" : 0,
      "broken" : 0,
      "skipped" : 0,
      "passed" : 1,
      "unknown" : 0,
      "total" : 1
    },
    "items" : [ {
      "uid" : "270a97fdfc78cab3",
      "status" : "passed",
      "time" : {
        "start" : 1600250639465,
        "stop" : 1600250640536,
        "duration" : 1071
      }
    } ]
  },
  "57a83c73c1364be45477eaec3c06d14c" : {
    "statistic" : {
      "failed" : 0,
      "broken" : 0,
      "skipped" : 0,
      "passed" : 1,
      "unknown" : 0,
      "total" : 1
    },
    "items" : [ {
      "uid" : "93cbb2f383ea689a",
      "status" : "passed",
      "time" : {
        "start" : 1600250651172,
        "stop" : 1600250651211,
        "duration" : 39
      }
    } ]
  },
  "8ff651f10f7818f486f1e1beb202d84c" : {
    "statistic" : {
      "failed" : 0,
      "broken" : 0,
      "skipped" : 0,
      "passed" : 1,
      "unknown" : 0,
      "total" : 1
    },
    "items" : [ {
      "uid" : "1b88f0b932228d39",
      "status" : "passed",
      "time" : {
        "start" : 1600250642554,
        "stop" : 1600250642599,
        "duration" : 45
      }
    } ]
  },
  "cb6431f4ac745baeecdccd27cb6fab86" : {
    "statistic" : {
      "failed" : 0,
      "broken" : 0,
      "skipped" : 0,
      "passed" : 1,
      "unknown" : 0,
      "total" : 1
    },
    "items" : [ {
      "uid" : "49ef43755a64bee9",
      "status" : "passed",
      "time" : {
        "start" : 1600250641102,
        "stop" : 1600250641135,
        "duration" : 33
      }
    } ]
  },
  "2250a31d0e9bb8ce9de6fda6929cd290" : {
    "statistic" : {
      "failed" : 0,
      "broken" : 0,
      "skipped" : 0,
      "passed" : 1,
      "unknown" : 0,
      "total" : 1
    },
    "items" : [ {
      "uid" : "6a307b65666aec1d",
      "status" : "passed",
      "time" : {
        "start" : 1600250625951,
        "stop" : 1600250626873,
        "duration" : 922
      }
    } ]
  },
  "1b10f8a1da714244507ce44c698211a4" : {
    "statistic" : {
      "failed" : 0,
      "broken" : 0,
      "skipped" : 0,
      "passed" : 1,
      "unknown" : 0,
      "total" : 1
    },
    "items" : [ {
      "uid" : "67f216dc5eab1363",
      "status" : "passed",
      "time" : {
        "start" : 1600250659325,
        "stop" : 1600250659366,
        "duration" : 41
      }
    } ]
  },
  "8f3db36d6d38d9176417cc31de11ba8a" : {
    "statistic" : {
      "failed" : 0,
      "broken" : 0,
      "skipped" : 0,
      "passed" : 1,
      "unknown" : 0,
      "total" : 1
    },
    "items" : [ {
      "uid" : "a025cb83eca3096c",
      "status" : "passed",
      "time" : {
        "start" : 1600250650209,
        "stop" : 1600250650252,
        "duration" : 43
      }
    } ]
  },
  "2f08ec889914fe96c8a7dc0b39629efa" : {
    "statistic" : {
      "failed" : 0,
      "broken" : 0,
      "skipped" : 0,
      "passed" : 1,
      "unknown" : 0,
      "total" : 1
    },
    "items" : [ {
      "uid" : "570881cce12978ef",
      "status" : "passed",
      "time" : {
        "start" : 1600250661243,
        "stop" : 1600250661273,
        "duration" : 30
      }
    } ]
  },
  "785b882c01d2ef8bd4ce1a55e2ed9ba4" : {
    "statistic" : {
      "failed" : 0,
      "broken" : 0,
      "skipped" : 0,
      "passed" : 1,
      "unknown" : 0,
      "total" : 1
    },
    "items" : [ {
      "uid" : "bb58c7f4f97bd7e2",
      "status" : "passed",
      "time" : {
        "start" : 1600250627686,
        "stop" : 1600250627718,
        "duration" : 32
      }
    } ]
  },
  "b2a5a98a162c9e7bc942fa26e5c2a1de" : {
    "statistic" : {
      "failed" : 0,
      "broken" : 0,
      "skipped" : 0,
      "passed" : 1,
      "unknown" : 0,
      "total" : 1
    },
    "items" : [ {
      "uid" : "cca7eecf7c7e2e8b",
      "status" : "passed",
      "time" : {
        "start" : 1600250637326,
        "stop" : 1600250637393,
        "duration" : 67
      }
    } ]
  },
  "a82ae4c80e8341067e7cf6e2092c09fe" : {
    "statistic" : {
      "failed" : 0,
      "broken" : 0,
      "skipped" : 0,
      "passed" : 1,
      "unknown" : 0,
      "total" : 1
    },
    "items" : [ {
      "uid" : "5348e93db1f0f236",
      "status" : "passed",
      "time" : {
        "start" : 1600250630083,
        "stop" : 1600250630128,
        "duration" : 45
      }
    } ]
  },
  "2302cd0d898928fbd85b63b042f8a4d0" : {
    "statistic" : {
      "failed" : 0,
      "broken" : 0,
      "skipped" : 0,
      "passed" : 1,
      "unknown" : 0,
      "total" : 1
    },
    "items" : [ {
      "uid" : "53d1793bd09c7e76",
      "status" : "passed",
      "time" : {
        "start" : 1600250664332,
        "stop" : 1600250664645,
        "duration" : 313
      }
    } ]
  }
}