[ {
  "uid" : "c0d32069bc3c4a09",
  "name" : "校验获取首页新闻列表，校验返回内容的数据结构",
  "time" : {
    "start" : 1600252528156,
    "stop" : 1600252528261,
    "duration" : 105
  },
  "status" : "passed",
  "severity" : "normal"
}, {
  "uid" : "717885361c95b878",
  "name" : "校验获取首页排行榜列表，校验返回内容的数据结构",
  "time" : {
    "start" : 1600252528433,
    "stop" : 1600252528661,
    "duration" : 228
  },
  "status" : "passed",
  "severity" : "normal"
}, {
  "uid" : "f2c19eae0b22ffe8",
  "name" : "校验获取首页骨架，校验返回内容的数据结构",
  "time" : {
    "start" : 1600252529305,
    "stop" : 1600252529345,
    "duration" : 40
  },
  "status" : "passed",
  "severity" : "normal"
}, {
  "uid" : "79653cfb4a40f7e7",
  "name" : "校验获取首页推荐四宫格列表，校验返回内容的数据结构",
  "time" : {
    "start" : 1600252528272,
    "stop" : 1600252528321,
    "duration" : 49
  },
  "status" : "passed",
  "severity" : "normal"
}, {
  "uid" : "78dcd51e33038c67",
  "name" : "校验获取首页feed推荐列表，校验返回内容的数据结构",
  "time" : {
    "start" : 1600252528893,
    "stop" : 1600252529204,
    "duration" : 311
  },
  "status" : "passed",
  "severity" : "normal"
}, {
  "uid" : "64a5a25f1786fadd",
  "name" : "校验获取首页热门讨论主题列表，校验返回内容的数据结构",
  "time" : {
    "start" : 1600252529209,
    "stop" : 1600252529247,
    "duration" : 38
  },
  "status" : "passed",
  "severity" : "normal"
}, {
  "uid" : "2510df7b6f55b018",
  "name" : "校验获取首页热门推荐讨论列表，校验返回内容的数据结构",
  "time" : {
    "start" : 1600252528326,
    "stop" : 1600252528426,
    "duration" : 100
  },
  "status" : "passed",
  "severity" : "normal"
}, {
  "uid" : "141baed34187095e",
  "name" : "校验获取首页活动中心列表，校验返回内容的数据结构",
  "time" : {
    "start" : 1600252529251,
    "stop" : 1600252529300,
    "duration" : 49
  },
  "status" : "passed",
  "severity" : "normal"
}, {
  "uid" : "2729f17fef5b942e",
  "name" : "校验获取首页专题推荐列表，校验返回内容的数据结构",
  "time" : {
    "start" : 1600252528664,
    "stop" : 1600252528888,
    "duration" : 224
  },
  "status" : "passed",
  "severity" : "normal"
} ]