{
  "uid" : "b1a8273437954620fa374b796ffaacdd",
  "name" : "behaviors",
  "children" : [ {
    "name" : "首页",
    "children" : [ {
      "name" : "获取首页新闻列表",
      "children" : [ {
        "name" : "校验获取首页新闻列表，校验返回内容的数据结构",
        "uid" : "c0d32069bc3c4a09",
        "parentUid" : "38933bd5e0c54773648a70871826e8b7",
        "status" : "passed",
        "time" : {
          "start" : 1600252528156,
          "stop" : 1600252528261,
          "duration" : 105
        },
        "flaky" : false,
        "newFailed" : false,
        "parameters" : [ "'json_schema/HomepageSlice/get_banner_list.json'" ]
      } ],
      "uid" : "38933bd5e0c54773648a70871826e8b7"
    }, {
      "name" : "获取首页推荐四宫格列表",
      "children" : [ {
        "name" : "校验获取首页推荐四宫格列表，校验返回内容的数据结构",
        "uid" : "79653cfb4a40f7e7",
        "parentUid" : "5250ad1256dd3de2853f7d495b88d277",
        "status" : "passed",
        "time" : {
          "start" : 1600252528272,
          "stop" : 1600252528321,
          "duration" : 49
        },
        "flaky" : false,
        "newFailed" : false,
        "parameters" : [ "'json_schema/HomepageSlice/get_active_block_list.json'" ]
      } ],
      "uid" : "5250ad1256dd3de2853f7d495b88d277"
    }, {
      "name" : "获取首页热门推荐讨论列表",
      "children" : [ {
        "name" : "校验获取首页热门推荐讨论列表，校验返回内容的数据结构",
        "uid" : "2510df7b6f55b018",
        "parentUid" : "6d04b105fdcf0088f3bbc55d53c16fe4",
        "status" : "passed",
        "time" : {
          "start" : 1600252528326,
          "stop" : 1600252528426,
          "duration" : 100
        },
        "flaky" : false,
        "newFailed" : false,
        "parameters" : [ "'json_schema/HomepageSlice/get_recommend_club_list.json'" ]
      } ],
      "uid" : "6d04b105fdcf0088f3bbc55d53c16fe4"
    }, {
      "name" : "获取首页排行榜列表",
      "children" : [ {
        "name" : "校验获取首页排行榜列表，校验返回内容的数据结构",
        "uid" : "717885361c95b878",
        "parentUid" : "fd6d2a59b89f2bb10b1c77f6000ede49",
        "status" : "passed",
        "time" : {
          "start" : 1600252528433,
          "stop" : 1600252528661,
          "duration" : 228
        },
        "flaky" : false,
        "newFailed" : false,
        "parameters" : [ "'json_schema/HomepageSlice/get_work_ranking_list.json'" ]
      } ],
      "uid" : "fd6d2a59b89f2bb10b1c77f6000ede49"
    }, {
      "name" : "获取首页专题推荐列表",
      "children" : [ {
        "name" : "校验获取首页专题推荐列表，校验返回内容的数据结构",
        "uid" : "2729f17fef5b942e",
        "parentUid" : "01289ae14dfe5a92f099f4051cdce8bc",
        "status" : "passed",
        "time" : {
          "start" : 1600252528664,
          "stop" : 1600252528888,
          "duration" : 224
        },
        "flaky" : false,
        "newFailed" : false,
        "parameters" : [ "'json_schema/HomepageSlice/get_special_topic_list.json'" ]
      } ],
      "uid" : "01289ae14dfe5a92f099f4051cdce8bc"
    }, {
      "name" : "获取首页feed推荐列表",
      "children" : [ {
        "name" : "校验获取首页feed推荐列表，校验返回内容的数据结构",
        "uid" : "78dcd51e33038c67",
        "parentUid" : "308aac6944b9958293b2327ea6e42f8d",
        "status" : "passed",
        "time" : {
          "start" : 1600252528893,
          "stop" : 1600252529204,
          "duration" : 311
        },
        "flaky" : false,
        "newFailed" : false,
        "parameters" : [ "'json_schema/HomepageSlice/homepage_feed_list.json'" ]
      } ],
      "uid" : "308aac6944b9958293b2327ea6e42f8d"
    }, {
      "name" : "获取首页热门讨论主题列表",
      "children" : [ {
        "name" : "校验获取首页热门讨论主题列表，校验返回内容的数据结构",
        "uid" : "64a5a25f1786fadd",
        "parentUid" : "ff0d555037d9d3d6a0df50eed056b5c0",
        "status" : "passed",
        "time" : {
          "start" : 1600252529209,
          "stop" : 1600252529247,
          "duration" : 38
        },
        "flaky" : false,
        "newFailed" : false,
        "parameters" : [ "'json_schema/HomepageSlice/get_recommend_club_theme_list.json'" ]
      } ],
      "uid" : "ff0d555037d9d3d6a0df50eed056b5c0"
    }, {
      "name" : "获取首页活动中心列表",
      "children" : [ {
        "name" : "校验获取首页活动中心列表，校验返回内容的数据结构",
        "uid" : "141baed34187095e",
        "parentUid" : "b80a3efc77fde60e6b79e33cfbefd5ea",
        "status" : "passed",
        "time" : {
          "start" : 1600252529251,
          "stop" : 1600252529300,
          "duration" : 49
        },
        "flaky" : false,
        "newFailed" : false,
        "parameters" : [ "'json_schema/HomepageSlice/get_activity_center.json'" ]
      } ],
      "uid" : "b80a3efc77fde60e6b79e33cfbefd5ea"
    }, {
      "name" : "获取首页骨架",
      "children" : [ {
        "name" : "校验获取首页骨架，校验返回内容的数据结构",
        "uid" : "f2c19eae0b22ffe8",
        "parentUid" : "4d621071f98f3506c6a5359c4e97229f",
        "status" : "passed",
        "time" : {
          "start" : 1600252529305,
          "stop" : 1600252529345,
          "duration" : 40
        },
        "flaky" : false,
        "newFailed" : false,
        "parameters" : [ "'json_schema/HomepageSlice/get_homepage_bone.json'" ]
      } ],
      "uid" : "4d621071f98f3506c6a5359c4e97229f"
    } ],
    "uid" : "eaa2a198f4e7a200ae4212d088e65135"
  } ]
}