"Epic","Feature","Story","FAILED","BROKEN","PASSED","SKIPPED","UNKNOWN"
"","首页","获取首页推荐四宫格列表","0","0","1","0","0"
"","首页","获取首页feed推荐列表","0","0","1","0","0"
"","首页","获取首页骨架","0","0","1","0","0"
"","首页","获取首页活动中心列表","0","0","1","0","0"
"","首页","获取首页热门推荐讨论列表","0","0","1","0","0"
"","首页","获取首页排行榜列表","0","0","1","0","0"
"","首页","获取首页热门讨论主题列表","0","0","1","0","0"
"","首页","获取首页新闻列表","0","0","1","0","0"
"","首页","获取首页专题推荐列表","0","0","1","0","0"
