{
  "uid" : "98d3104e051c652961429bf95fa0b5d6",
  "name" : "suites",
  "children" : [ {
    "name" : "testcases",
    "children" : [ {
      "name" : "test_homepageSlice",
      "children" : [ {
        "name" : "TestHomepageSlice",
        "children" : [ {
          "name" : "校验获取首页新闻列表，校验返回内容的数据结构",
          "uid" : "c0d32069bc3c4a09",
          "parentUid" : "2ba55479aa0187fb165b5f80cd87375b",
          "status" : "passed",
          "time" : {
            "start" : 1600252528156,
            "stop" : 1600252528261,
            "duration" : 105
          },
          "flaky" : false,
          "newFailed" : false,
          "parameters" : [ "'json_schema/HomepageSlice/get_banner_list.json'" ]
        }, {
          "name" : "校验获取首页推荐四宫格列表，校验返回内容的数据结构",
          "uid" : "79653cfb4a40f7e7",
          "parentUid" : "2ba55479aa0187fb165b5f80cd87375b",
          "status" : "passed",
          "time" : {
            "start" : 1600252528272,
            "stop" : 1600252528321,
            "duration" : 49
          },
          "flaky" : false,
          "newFailed" : false,
          "parameters" : [ "'json_schema/HomepageSlice/get_active_block_list.json'" ]
        }, {
          "name" : "校验获取首页热门推荐讨论列表，校验返回内容的数据结构",
          "uid" : "2510df7b6f55b018",
          "parentUid" : "2ba55479aa0187fb165b5f80cd87375b",
          "status" : "passed",
          "time" : {
            "start" : 1600252528326,
            "stop" : 1600252528426,
            "duration" : 100
          },
          "flaky" : false,
          "newFailed" : false,
          "parameters" : [ "'json_schema/HomepageSlice/get_recommend_club_list.json'" ]
        }, {
          "name" : "校验获取首页排行榜列表，校验返回内容的数据结构",
          "uid" : "717885361c95b878",
          "parentUid" : "2ba55479aa0187fb165b5f80cd87375b",
          "status" : "passed",
          "time" : {
            "start" : 1600252528433,
            "stop" : 1600252528661,
            "duration" : 228
          },
          "flaky" : false,
          "newFailed" : false,
          "parameters" : [ "'json_schema/HomepageSlice/get_work_ranking_list.json'" ]
        }, {
          "name" : "校验获取首页专题推荐列表，校验返回内容的数据结构",
          "uid" : "2729f17fef5b942e",
          "parentUid" : "2ba55479aa0187fb165b5f80cd87375b",
          "status" : "passed",
          "time" : {
            "start" : 1600252528664,
            "stop" : 1600252528888,
            "duration" : 224
          },
          "flaky" : false,
          "newFailed" : false,
          "parameters" : [ "'json_schema/HomepageSlice/get_special_topic_list.json'" ]
        }, {
          "name" : "校验获取首页feed推荐列表，校验返回内容的数据结构",
          "uid" : "78dcd51e33038c67",
          "parentUid" : "2ba55479aa0187fb165b5f80cd87375b",
          "status" : "passed",
          "time" : {
            "start" : 1600252528893,
            "stop" : 1600252529204,
            "duration" : 311
          },
          "flaky" : false,
          "newFailed" : false,
          "parameters" : [ "'json_schema/HomepageSlice/homepage_feed_list.json'" ]
        }, {
          "name" : "校验获取首页热门讨论主题列表，校验返回内容的数据结构",
          "uid" : "64a5a25f1786fadd",
          "parentUid" : "2ba55479aa0187fb165b5f80cd87375b",
          "status" : "passed",
          "time" : {
            "start" : 1600252529209,
            "stop" : 1600252529247,
            "duration" : 38
          },
          "flaky" : false,
          "newFailed" : false,
          "parameters" : [ "'json_schema/HomepageSlice/get_recommend_club_theme_list.json'" ]
        }, {
          "name" : "校验获取首页活动中心列表，校验返回内容的数据结构",
          "uid" : "141baed34187095e",
          "parentUid" : "2ba55479aa0187fb165b5f80cd87375b",
          "status" : "passed",
          "time" : {
            "start" : 1600252529251,
            "stop" : 1600252529300,
            "duration" : 49
          },
          "flaky" : false,
          "newFailed" : false,
          "parameters" : [ "'json_schema/HomepageSlice/get_activity_center.json'" ]
        }, {
          "name" : "校验获取首页骨架，校验返回内容的数据结构",
          "uid" : "f2c19eae0b22ffe8",
          "parentUid" : "2ba55479aa0187fb165b5f80cd87375b",
          "status" : "passed",
          "time" : {
            "start" : 1600252529305,
            "stop" : 1600252529345,
            "duration" : 40
          },
          "flaky" : false,
          "newFailed" : false,
          "parameters" : [ "'json_schema/HomepageSlice/get_homepage_bone.json'" ]
        } ],
        "uid" : "2ba55479aa0187fb165b5f80cd87375b"
      } ],
      "uid" : "a3b5a8fc9cf61acc1e377d1b7df615b7"
    } ],
    "uid" : "b51346658ccdb9db01a6b5f6c12deab1"
  } ]
}