"Status","Start Time","Stop Time","Duration in ms","Parent Suite","Suite","Sub Suite","Test Class","Test Method","Name","Description"
"passed","Wed Sep 16 18:35:28 CST 2020","Wed Sep 16 18:35:28 CST 2020","49","testcases","test_homepageSlice","TestHomepageSlice","","","校验获取首页推荐四宫格列表，校验返回内容的数据结构",""
"passed","Wed Sep 16 18:35:28 CST 2020","Wed Sep 16 18:35:29 CST 2020","311","testcases","test_homepageSlice","TestHomepageSlice","","","校验获取首页feed推荐列表，校验返回内容的数据结构",""
"passed","Wed Sep 16 18:35:29 CST 2020","Wed Sep 16 18:35:29 CST 2020","40","testcases","test_homepageSlice","TestHomepageSlice","","","校验获取首页骨架，校验返回内容的数据结构",""
"passed","Wed Sep 16 18:35:29 CST 2020","Wed Sep 16 18:35:29 CST 2020","49","testcases","test_homepageSlice","TestHomepageSlice","","","校验获取首页活动中心列表，校验返回内容的数据结构",""
"passed","Wed Sep 16 18:35:28 CST 2020","Wed Sep 16 18:35:28 CST 2020","100","testcases","test_homepageSlice","TestHomepageSlice","","","校验获取首页热门推荐讨论列表，校验返回内容的数据结构",""
"passed","Wed Sep 16 18:35:28 CST 2020","Wed Sep 16 18:35:28 CST 2020","228","testcases","test_homepageSlice","TestHomepageSlice","","","校验获取首页排行榜列表，校验返回内容的数据结构",""
"passed","Wed Sep 16 18:35:29 CST 2020","Wed Sep 16 18:35:29 CST 2020","38","testcases","test_homepageSlice","TestHomepageSlice","","","校验获取首页热门讨论主题列表，校验返回内容的数据结构",""
"passed","Wed Sep 16 18:35:28 CST 2020","Wed Sep 16 18:35:28 CST 2020","105","testcases","test_homepageSlice","TestHomepageSlice","","","校验获取首页新闻列表，校验返回内容的数据结构",""
"passed","Wed Sep 16 18:35:28 CST 2020","Wed Sep 16 18:35:28 CST 2020","224","testcases","test_homepageSlice","TestHomepageSlice","","","校验获取首页专题推荐列表，校验返回内容的数据结构",""
