{
  "uid" : "ab17fc5a4eb3bca4b216b548c7f9fcbc",
  "name" : "timeline",
  "children" : [ {
    "name" : "mengmengdidadeMacBook-Pro.local",
    "children" : [ {
      "name" : "40466-MainThread",
      "children" : [ {
        "name" : "校验获取首页活动中心列表，校验返回内容的数据结构",
        "uid" : "141baed34187095e",
        "parentUid" : "be8f76eec3cbafda63ec83e25c2ef520",
        "status" : "passed",
        "time" : {
          "start" : 1600252529251,
          "stop" : 1600252529300,
          "duration" : 49
        },
        "flaky" : false,
        "newFailed" : false,
        "parameters" : [ "'json_schema/HomepageSlice/get_activity_center.json'" ]
      }, {
        "name" : "校验获取首页热门推荐讨论列表，校验返回内容的数据结构",
        "uid" : "2510df7b6f55b018",
        "parentUid" : "be8f76eec3cbafda63ec83e25c2ef520",
        "status" : "passed",
        "time" : {
          "start" : 1600252528326,
          "stop" : 1600252528426,
          "duration" : 100
        },
        "flaky" : false,
        "newFailed" : false,
        "parameters" : [ "'json_schema/HomepageSlice/get_recommend_club_list.json'" ]
      }, {
        "name" : "校验获取首页推荐四宫格列表，校验返回内容的数据结构",
        "uid" : "79653cfb4a40f7e7",
        "parentUid" : "be8f76eec3cbafda63ec83e25c2ef520",
        "status" : "passed",
        "time" : {
          "start" : 1600252528272,
          "stop" : 1600252528321,
          "duration" : 49
        },
        "flaky" : false,
        "newFailed" : false,
        "parameters" : [ "'json_schema/HomepageSlice/get_active_block_list.json'" ]
      }, {
        "name" : "校验获取首页feed推荐列表，校验返回内容的数据结构",
        "uid" : "78dcd51e33038c67",
        "parentUid" : "be8f76eec3cbafda63ec83e25c2ef520",
        "status" : "passed",
        "time" : {
          "start" : 1600252528893,
          "stop" : 1600252529204,
          "duration" : 311
        },
        "flaky" : false,
        "newFailed" : false,
        "parameters" : [ "'json_schema/HomepageSlice/homepage_feed_list.json'" ]
      }, {
        "name" : "校验获取首页骨架，校验返回内容的数据结构",
        "uid" : "f2c19eae0b22ffe8",
        "parentUid" : "be8f76eec3cbafda63ec83e25c2ef520",
        "status" : "passed",
        "time" : {
          "start" : 1600252529305,
          "stop" : 1600252529345,
          "duration" : 40
        },
        "flaky" : false,
        "newFailed" : false,
        "parameters" : [ "'json_schema/HomepageSlice/get_homepage_bone.json'" ]
      }, {
        "name" : "校验获取首页新闻列表，校验返回内容的数据结构",
        "uid" : "c0d32069bc3c4a09",
        "parentUid" : "be8f76eec3cbafda63ec83e25c2ef520",
        "status" : "passed",
        "time" : {
          "start" : 1600252528156,
          "stop" : 1600252528261,
          "duration" : 105
        },
        "flaky" : false,
        "newFailed" : false,
        "parameters" : [ "'json_schema/HomepageSlice/get_banner_list.json'" ]
      }, {
        "name" : "校验获取首页排行榜列表，校验返回内容的数据结构",
        "uid" : "717885361c95b878",
        "parentUid" : "be8f76eec3cbafda63ec83e25c2ef520",
        "status" : "passed",
        "time" : {
          "start" : 1600252528433,
          "stop" : 1600252528661,
          "duration" : 228
        },
        "flaky" : false,
        "newFailed" : false,
        "parameters" : [ "'json_schema/HomepageSlice/get_work_ranking_list.json'" ]
      }, {
        "name" : "校验获取首页专题推荐列表，校验返回内容的数据结构",
        "uid" : "2729f17fef5b942e",
        "parentUid" : "be8f76eec3cbafda63ec83e25c2ef520",
        "status" : "passed",
        "time" : {
          "start" : 1600252528664,
          "stop" : 1600252528888,
          "duration" : 224
        },
        "flaky" : false,
        "newFailed" : false,
        "parameters" : [ "'json_schema/HomepageSlice/get_special_topic_list.json'" ]
      }, {
        "name" : "校验获取首页热门讨论主题列表，校验返回内容的数据结构",
        "uid" : "64a5a25f1786fadd",
        "parentUid" : "be8f76eec3cbafda63ec83e25c2ef520",
        "status" : "passed",
        "time" : {
          "start" : 1600252529209,
          "stop" : 1600252529247,
          "duration" : 38
        },
        "flaky" : false,
        "newFailed" : false,
        "parameters" : [ "'json_schema/HomepageSlice/get_recommend_club_theme_list.json'" ]
      } ],
      "uid" : "be8f76eec3cbafda63ec83e25c2ef520"
    } ],
    "uid" : "905dcc2c8a2c79103307df3910633f2d"
  } ]
}