"Epic","Feature","Story","FAILED","BROKEN","PASSED","SKIPPED","UNKNOWN"
"","漫画","连载漫画列表","0","0","1","0","0"
"","漫画","获取画漫画连载列表","0","0","1","0","0"
"","漫画","获取分享配置","0","0","2","0","0"
"","漫画","我的漫画","0","0","1","0","0"
"","漫画","获取个人主页我的漫画连载数","0","0","3","0","0"
"","漫画","获取我的漫画单篇列表","0","0","1","0","0"
"","漫画","获取(内容频道版本)作品分类顶部tag列表","0","0","1","0","0"
"","漫画","漫画创建/编辑","0","0","1","0","0"
"","漫画","获取(内容频道版本)作品分类列表","0","0","1","0","0"
"","漫画","删除个人漫画单篇","0","0","1","0","0"
"","漫画","获取我的集","0","0","1","0","0"
"","漫画","获取大作轨迹","0","0","1","0","0"
