{
  "uid" : "b1a8273437954620fa374b796ffaacdd",
  "name" : "behaviors",
  "children" : [ {
    "name" : "漫画",
    "children" : [ {
      "name" : "获取我的集",
      "children" : [ {
        "name" : "场景测试-获取我的集",
        "uid" : "2bb6004a0eab4154",
        "parentUid" : "80bb3841779aa5fa9a6e280646a2025e",
        "status" : "passed",
        "time" : {
          "start" : 1600252497759,
          "stop" : 1600252497997,
          "duration" : 238
        },
        "flaky" : false,
        "newFailed" : false,
        "parameters" : [ "1", "30", "'json_schema/Comic/my_groups.json'" ]
      } ],
      "uid" : "80bb3841779aa5fa9a6e280646a2025e"
    }, {
      "name" : "获取我的漫画单篇列表",
      "children" : [ {
        "name" : "场景测试-获取我的漫画单篇列表",
        "uid" : "a2aa3963383adbda",
        "parentUid" : "61ae91865b4db96e3a46e388b8e9c72f",
        "status" : "passed",
        "time" : {
          "start" : 1600252498004,
          "stop" : 1600252498048,
          "duration" : 44
        },
        "flaky" : false,
        "newFailed" : false,
        "parameters" : [ "1", "30", "'json_schema/Comic/comic_create_comic_list.json'" ]
      } ],
      "uid" : "61ae91865b4db96e3a46e388b8e9c72f"
    }, {
      "name" : "获取画漫画连载列表",
      "children" : [ {
        "name" : "场景测试-获取画漫画连载列表",
        "uid" : "93b69106de79e9a7",
        "parentUid" : "bba1653b91ad2eeb17a60b9f71ce7857",
        "status" : "passed",
        "time" : {
          "start" : 1600252498056,
          "stop" : 1600252498124,
          "duration" : 68
        },
        "flaky" : false,
        "newFailed" : false,
        "parameters" : [ "1", "30", "'json_schema/Comic/comic_create_group_list.json'" ]
      } ],
      "uid" : "bba1653b91ad2eeb17a60b9f71ce7857"
    }, {
      "name" : "获取大作轨迹",
      "children" : [ {
        "name" : "场景测试-获取大作轨迹",
        "uid" : "9bce9b9f4cca8f90",
        "parentUid" : "9fd491e2af643ffb0029c9bb0a24479a",
        "status" : "passed",
        "time" : {
          "start" : 1600252498128,
          "stop" : 1600252498355,
          "duration" : 227
        },
        "flaky" : false,
        "newFailed" : false,
        "parameters" : [ "27402880", "1", "30", "'json_schema/Comic/group_track.json'" ]
      } ],
      "uid" : "9fd491e2af643ffb0029c9bb0a24479a"
    }, {
      "name" : "我的漫画",
      "children" : [ {
        "name" : "场景测试-获取我的漫画",
        "uid" : "973512e7d1a85002",
        "parentUid" : "d2df11b89a56c8004b30c9b88adfe7b9",
        "status" : "passed",
        "time" : {
          "start" : 1600252498361,
          "stop" : 1600252498439,
          "duration" : 78
        },
        "flaky" : false,
        "newFailed" : false,
        "parameters" : [ "1", "30", "'json_schema/Comic/my_comics.json'" ]
      } ],
      "uid" : "d2df11b89a56c8004b30c9b88adfe7b9"
    }, {
      "name" : "连载漫画列表",
      "children" : [ {
        "name" : "场景测试-获取连载漫画列表",
        "uid" : "8cbc3edf36a33084",
        "parentUid" : "2669ce140eb992921b3f546bc64f704b",
        "status" : "passed",
        "time" : {
          "start" : 1600252498451,
          "stop" : 1600252498547,
          "duration" : 96
        },
        "flaky" : false,
        "newFailed" : false,
        "parameters" : [ "27402880", "'desc'", "1", "30", "'json_schema/Comic/group_comics.json'" ]
      } ],
      "uid" : "2669ce140eb992921b3f546bc64f704b"
    }, {
      "name" : "获取分享配置",
      "children" : [ {
        "name" : "场景测试-获取分享配置",
        "uid" : "4a913aa656bc9a2e",
        "parentUid" : "af6df8179c9773a6e0fa95a04069e9b6",
        "status" : "passed",
        "time" : {
          "start" : 1600252498557,
          "stop" : 1600252498595,
          "duration" : 38
        },
        "flaky" : false,
        "newFailed" : false,
        "parameters" : [ "'json_schema/Comic/share_config.json'", "1" ]
      }, {
        "name" : "场景测试-获取分享配置",
        "uid" : "20f7143517ab7b54",
        "parentUid" : "af6df8179c9773a6e0fa95a04069e9b6",
        "status" : "passed",
        "time" : {
          "start" : 1600252498609,
          "stop" : 1600252498649,
          "duration" : 40
        },
        "flaky" : false,
        "newFailed" : false,
        "parameters" : [ "'json_schema/Comic/share_config.json'", "2" ]
      } ],
      "uid" : "af6df8179c9773a6e0fa95a04069e9b6"
    }, {
      "name" : "获取(内容频道版本)作品分类顶部tag列表",
      "children" : [ {
        "name" : "场景测试-获取(内容频道版本)作品分类顶部tag列表",
        "uid" : "206920359d4d78ab",
        "parentUid" : "1b618ab3df2783728e2e8313d23a7625",
        "status" : "passed",
        "time" : {
          "start" : 1600252498667,
          "stop" : 1600252498719,
          "duration" : 52
        },
        "flaky" : false,
        "newFailed" : false,
        "parameters" : [ "'json_schema/Comic/get_top_tag_list.json'" ]
      } ],
      "uid" : "1b618ab3df2783728e2e8313d23a7625"
    }, {
      "name" : "获取(内容频道版本)作品分类列表",
      "children" : [ {
        "name" : "场景测试-获取(内容频道版本)作品分类列表",
        "uid" : "529524eeffc98a1",
        "parentUid" : "440a20357ca51dc594e08a8a5a7f3914",
        "status" : "passed",
        "time" : {
          "start" : 1600252498726,
          "stop" : 1600252498783,
          "duration" : 57
        },
        "flaky" : false,
        "newFailed" : false,
        "parameters" : [ "1", "30", "'json_schema/Comic/comic_tags.json'" ]
      } ],
      "uid" : "440a20357ca51dc594e08a8a5a7f3914"
    }, {
      "name" : "漫画创建/编辑",
      "children" : [ {
        "name" : "场景测试-漫画创建/编辑",
        "uid" : "d0e88a3ff902ffe",
        "parentUid" : "03301858efbe3baecf5698acf6e763cc",
        "status" : "passed",
        "time" : {
          "start" : 1600252498795,
          "stop" : 1600252500296,
          "duration" : 1501
        },
        "flaky" : false,
        "newFailed" : false,
        "parameters" : [ "0", "0", "'app/comics/jsons/json_49550409_a5301e87d69948d6affcb4de575295a3.json'", "'standard.ttf'", "0", "0", "'json_schema/Comic/comic_edit.json'", "1", "'可爱萝莉1021'", "'app/comics/titles/default_new_normal_block.png'", "1" ]
      } ],
      "uid" : "03301858efbe3baecf5698acf6e763cc"
    }, {
      "name" : "删除个人漫画单篇",
      "children" : [ {
        "name" : "场景测试-删除个人漫画单篇",
        "uid" : "a4829e08fc181522",
        "parentUid" : "e4ae459d6d8e8c3726bf7f649ea24ac7",
        "status" : "passed",
        "time" : {
          "start" : 1600252500303,
          "stop" : 1600252500597,
          "duration" : 294
        },
        "flaky" : false,
        "newFailed" : false,
        "parameters" : [ "'json_schema/Comic/comic_del.json'" ]
      } ],
      "uid" : "e4ae459d6d8e8c3726bf7f649ea24ac7"
    }, {
      "name" : "获取个人主页我的漫画连载数",
      "children" : [ {
        "name" : "场景测试-获取个人主页我的漫画连载数",
        "uid" : "5ca06e75317b4487",
        "parentUid" : "50c85c8fd9592c7fb2b7aba0a6293f13",
        "status" : "passed",
        "time" : {
          "start" : 1600252500601,
          "stop" : 1600252500680,
          "duration" : 79
        },
        "flaky" : false,
        "newFailed" : false,
        "parameters" : [ "'json_schema/Comic/myComicGroupCount.json'", "0" ]
      }, {
        "name" : "场景测试-获取个人主页我的漫画连载数",
        "uid" : "4bbb28a085a8cf10",
        "parentUid" : "50c85c8fd9592c7fb2b7aba0a6293f13",
        "status" : "passed",
        "time" : {
          "start" : 1600252500684,
          "stop" : 1600252500746,
          "duration" : 62
        },
        "flaky" : false,
        "newFailed" : false,
        "parameters" : [ "'json_schema/Comic/myComicGroupCount.json'", "1" ]
      }, {
        "name" : "场景测试-获取个人主页我的漫画连载数",
        "uid" : "5b7cedb1f9f6a2ee",
        "parentUid" : "50c85c8fd9592c7fb2b7aba0a6293f13",
        "status" : "passed",
        "time" : {
          "start" : 1600252500751,
          "stop" : 1600252500814,
          "duration" : 63
        },
        "flaky" : false,
        "newFailed" : false,
        "parameters" : [ "'json_schema/Comic/myComicGroupCount.json'", "2" ]
      } ],
      "uid" : "50c85c8fd9592c7fb2b7aba0a6293f13"
    } ],
    "uid" : "6d47784297201c3151b7e18819cc705b"
  } ]
}