"Status","Start Time","Stop Time","Duration in ms","Parent Suite","Suite","Sub Suite","Test Class","Test Method","Name","Description"
"passed","Wed Sep 16 18:34:58 CST 2020","Wed Sep 16 18:34:58 CST 2020","96","testcases","test_comic","TestComic","","","场景测试-获取连载漫画列表",""
"passed","Wed Sep 16 18:34:58 CST 2020","Wed Sep 16 18:34:58 CST 2020","68","testcases","test_comic","TestComic","","","场景测试-获取画漫画连载列表",""
"passed","Wed Sep 16 18:34:58 CST 2020","Wed Sep 16 18:34:58 CST 2020","40","testcases","test_comic","TestComic","","","场景测试-获取分享配置",""
"passed","Wed Sep 16 18:34:58 CST 2020","Wed Sep 16 18:34:58 CST 2020","78","testcases","test_comic","TestComic","","","场景测试-获取我的漫画",""
"passed","Wed Sep 16 18:35:00 CST 2020","Wed Sep 16 18:35:00 CST 2020","62","testcases","test_comic","TestComic","","","场景测试-获取个人主页我的漫画连载数",""
"passed","Wed Sep 16 18:34:58 CST 2020","Wed Sep 16 18:34:58 CST 2020","44","testcases","test_comic","TestComic","","","场景测试-获取我的漫画单篇列表",""
"passed","Wed Sep 16 18:35:00 CST 2020","Wed Sep 16 18:35:00 CST 2020","79","testcases","test_comic","TestComic","","","场景测试-获取个人主页我的漫画连载数",""
"passed","Wed Sep 16 18:34:58 CST 2020","Wed Sep 16 18:34:58 CST 2020","52","testcases","test_comic","TestComic","","","场景测试-获取(内容频道版本)作品分类顶部tag列表",""
"passed","Wed Sep 16 18:34:58 CST 2020","Wed Sep 16 18:35:00 CST 2020","1501","testcases","test_comic","TestComic","","","场景测试-漫画创建/编辑",""
"passed","Wed Sep 16 18:34:58 CST 2020","Wed Sep 16 18:34:58 CST 2020","57","testcases","test_comic","TestComic","","","场景测试-获取(内容频道版本)作品分类列表",""
"passed","Wed Sep 16 18:35:00 CST 2020","Wed Sep 16 18:35:00 CST 2020","63","testcases","test_comic","TestComic","","","场景测试-获取个人主页我的漫画连载数",""
"passed","Wed Sep 16 18:35:00 CST 2020","Wed Sep 16 18:35:00 CST 2020","294","testcases","test_comic","TestComic","","","场景测试-删除个人漫画单篇",""
"passed","Wed Sep 16 18:34:58 CST 2020","Wed Sep 16 18:34:58 CST 2020","38","testcases","test_comic","TestComic","","","场景测试-获取分享配置",""
"passed","Wed Sep 16 18:34:57 CST 2020","Wed Sep 16 18:34:57 CST 2020","238","testcases","test_comic","TestComic","","","场景测试-获取我的集",""
"passed","Wed Sep 16 18:34:58 CST 2020","Wed Sep 16 18:34:58 CST 2020","227","testcases","test_comic","TestComic","","","场景测试-获取大作轨迹",""
