{
  "uid" : "ab17fc5a4eb3bca4b216b548c7f9fcbc",
  "name" : "timeline",
  "children" : [ {
    "name" : "mengmengdidadeMacBook-Pro.local",
    "children" : [ {
      "name" : "40263-MainThread",
      "children" : [ {
        "name" : "场景测试-获取个人主页我的漫画连载数",
        "uid" : "5b7cedb1f9f6a2ee",
        "parentUid" : "66470e3da9d82803240477f81e6090a5",
        "status" : "passed",
        "time" : {
          "start" : 1600252500751,
          "stop" : 1600252500814,
          "duration" : 63
        },
        "flaky" : false,
        "newFailed" : false,
        "parameters" : [ "'json_schema/Comic/myComicGroupCount.json'", "2" ]
      }, {
        "name" : "场景测试-获取大作轨迹",
        "uid" : "9bce9b9f4cca8f90",
        "parentUid" : "66470e3da9d82803240477f81e6090a5",
        "status" : "passed",
        "time" : {
          "start" : 1600252498128,
          "stop" : 1600252498355,
          "duration" : 227
        },
        "flaky" : false,
        "newFailed" : false,
        "parameters" : [ "27402880", "1", "30", "'json_schema/Comic/group_track.json'" ]
      }, {
        "name" : "场景测试-获取我的集",
        "uid" : "2bb6004a0eab4154",
        "parentUid" : "66470e3da9d82803240477f81e6090a5",
        "status" : "passed",
        "time" : {
          "start" : 1600252497759,
          "stop" : 1600252497997,
          "duration" : 238
        },
        "flaky" : false,
        "newFailed" : false,
        "parameters" : [ "1", "30", "'json_schema/Comic/my_groups.json'" ]
      }, {
        "name" : "场景测试-漫画创建/编辑",
        "uid" : "d0e88a3ff902ffe",
        "parentUid" : "66470e3da9d82803240477f81e6090a5",
        "status" : "passed",
        "time" : {
          "start" : 1600252498795,
          "stop" : 1600252500296,
          "duration" : 1501
        },
        "flaky" : false,
        "newFailed" : false,
        "parameters" : [ "0", "0", "'app/comics/jsons/json_49550409_a5301e87d69948d6affcb4de575295a3.json'", "'standard.ttf'", "0", "0", "'json_schema/Comic/comic_edit.json'", "1", "'可爱萝莉1021'", "'app/comics/titles/default_new_normal_block.png'", "1" ]
      }, {
        "name" : "场景测试-获取分享配置",
        "uid" : "20f7143517ab7b54",
        "parentUid" : "66470e3da9d82803240477f81e6090a5",
        "status" : "passed",
        "time" : {
          "start" : 1600252498609,
          "stop" : 1600252498649,
          "duration" : 40
        },
        "flaky" : false,
        "newFailed" : false,
        "parameters" : [ "'json_schema/Comic/share_config.json'", "2" ]
      }, {
        "name" : "场景测试-获取(内容频道版本)作品分类列表",
        "uid" : "529524eeffc98a1",
        "parentUid" : "66470e3da9d82803240477f81e6090a5",
        "status" : "passed",
        "time" : {
          "start" : 1600252498726,
          "stop" : 1600252498783,
          "duration" : 57
        },
        "flaky" : false,
        "newFailed" : false,
        "parameters" : [ "1", "30", "'json_schema/Comic/comic_tags.json'" ]
      }, {
        "name" : "场景测试-获取(内容频道版本)作品分类顶部tag列表",
        "uid" : "206920359d4d78ab",
        "parentUid" : "66470e3da9d82803240477f81e6090a5",
        "status" : "passed",
        "time" : {
          "start" : 1600252498667,
          "stop" : 1600252498719,
          "duration" : 52
        },
        "flaky" : false,
        "newFailed" : false,
        "parameters" : [ "'json_schema/Comic/get_top_tag_list.json'" ]
      }, {
        "name" : "场景测试-获取个人主页我的漫画连载数",
        "uid" : "4bbb28a085a8cf10",
        "parentUid" : "66470e3da9d82803240477f81e6090a5",
        "status" : "passed",
        "time" : {
          "start" : 1600252500684,
          "stop" : 1600252500746,
          "duration" : 62
        },
        "flaky" : false,
        "newFailed" : false,
        "parameters" : [ "'json_schema/Comic/myComicGroupCount.json'", "1" ]
      }, {
        "name" : "场景测试-获取连载漫画列表",
        "uid" : "8cbc3edf36a33084",
        "parentUid" : "66470e3da9d82803240477f81e6090a5",
        "status" : "passed",
        "time" : {
          "start" : 1600252498451,
          "stop" : 1600252498547,
          "duration" : 96
        },
        "flaky" : false,
        "newFailed" : false,
        "parameters" : [ "27402880", "'desc'", "1", "30", "'json_schema/Comic/group_comics.json'" ]
      }, {
        "name" : "场景测试-获取画漫画连载列表",
        "uid" : "93b69106de79e9a7",
        "parentUid" : "66470e3da9d82803240477f81e6090a5",
        "status" : "passed",
        "time" : {
          "start" : 1600252498056,
          "stop" : 1600252498124,
          "duration" : 68
        },
        "flaky" : false,
        "newFailed" : false,
        "parameters" : [ "1", "30", "'json_schema/Comic/comic_create_group_list.json'" ]
      }, {
        "name" : "场景测试-删除个人漫画单篇",
        "uid" : "a4829e08fc181522",
        "parentUid" : "66470e3da9d82803240477f81e6090a5",
        "status" : "passed",
        "time" : {
          "start" : 1600252500303,
          "stop" : 1600252500597,
          "duration" : 294
        },
        "flaky" : false,
        "newFailed" : false,
        "parameters" : [ "'json_schema/Comic/comic_del.json'" ]
      }, {
        "name" : "场景测试-获取我的漫画单篇列表",
        "uid" : "a2aa3963383adbda",
        "parentUid" : "66470e3da9d82803240477f81e6090a5",
        "status" : "passed",
        "time" : {
          "start" : 1600252498004,
          "stop" : 1600252498048,
          "duration" : 44
        },
        "flaky" : false,
        "newFailed" : false,
        "parameters" : [ "1", "30", "'json_schema/Comic/comic_create_comic_list.json'" ]
      }, {
        "name" : "场景测试-获取我的漫画",
        "uid" : "973512e7d1a85002",
        "parentUid" : "66470e3da9d82803240477f81e6090a5",
        "status" : "passed",
        "time" : {
          "start" : 1600252498361,
          "stop" : 1600252498439,
          "duration" : 78
        },
        "flaky" : false,
        "newFailed" : false,
        "parameters" : [ "1", "30", "'json_schema/Comic/my_comics.json'" ]
      }, {
        "name" : "场景测试-获取分享配置",
        "uid" : "4a913aa656bc9a2e",
        "parentUid" : "66470e3da9d82803240477f81e6090a5",
        "status" : "passed",
        "time" : {
          "start" : 1600252498557,
          "stop" : 1600252498595,
          "duration" : 38
        },
        "flaky" : false,
        "newFailed" : false,
        "parameters" : [ "'json_schema/Comic/share_config.json'", "1" ]
      }, {
        "name" : "场景测试-获取个人主页我的漫画连载数",
        "uid" : "5ca06e75317b4487",
        "parentUid" : "66470e3da9d82803240477f81e6090a5",
        "status" : "passed",
        "time" : {
          "start" : 1600252500601,
          "stop" : 1600252500680,
          "duration" : 79
        },
        "flaky" : false,
        "newFailed" : false,
        "parameters" : [ "'json_schema/Comic/myComicGroupCount.json'", "0" ]
      } ],
      "uid" : "66470e3da9d82803240477f81e6090a5"
    } ],
    "uid" : "905dcc2c8a2c79103307df3910633f2d"
  } ]
}