{
  "total" : 32,
  "items" : [ {
    "uid" : "1a280d2af4eaef74cfcfdf5bf924d00a",
    "name" : "用户",
    "statistic" : {
      "failed" : 0,
      "broken" : 0,
      "skipped" : 0,
      "passed" : 31,
      "unknown" : 0,
      "total" : 31
    }
  }, {
    "uid" : "43541324b00c17e5adf3a87b3293d3c5",
    "name" : "漫影",
    "statistic" : {
      "failed" : 0,
      "broken" : 0,
      "skipped" : 0,
      "passed" : 21,
      "unknown" : 0,
      "total" : 21
    }
  }, {
    "uid" : "510a39b4234ef7595ba4cbeac0a1745a",
    "name" : "对话剧",
    "statistic" : {
      "failed" : 0,
      "broken" : 0,
      "skipped" : 0,
      "passed" : 12,
      "unknown" : 0,
      "total" : 12
    }
  }, {
    "uid" : "6d47784297201c3151b7e18819cc705b",
    "name" : "漫画",
    "statistic" : {
      "failed" : 0,
      "broken" : 0,
      "skipped" : 0,
      "passed" : 12,
      "unknown" : 0,
      "total" : 12
    }
  }, {
    "uid" : "9bc0ac5fb2818771ce85f2e7252a4252",
    "name" : "漫剧",
    "statistic" : {
      "failed" : 0,
      "broken" : 0,
      "skipped" : 0,
      "passed" : 11,
      "unknown" : 0,
      "total" : 11
    }
  }, {
    "uid" : "07729a5ec6488a497bab487a950573ae",
    "name" : "旧版首页",
    "statistic" : {
      "failed" : 0,
      "broken" : 0,
      "skipped" : 0,
      "passed" : 11,
      "unknown" : 0,
      "total" : 11
    }
  }, {
    "uid" : "8e8ffc395632e3bee7f4832e5945e548",
    "name" : "App",
    "statistic" : {
      "failed" : 0,
      "broken" : 0,
      "skipped" : 0,
      "passed" : 10,
      "unknown" : 0,
      "total" : 10
    }
  }, {
    "uid" : "eaa2a198f4e7a200ae4212d088e65135",
    "name" : "首页",
    "statistic" : {
      "failed" : 0,
      "broken" : 0,
      "skipped" : 0,
      "passed" : 9,
      "unknown" : 0,
      "total" : 9
    }
  }, {
    "uid" : "a094baf5f8219059c758a3dab446d079",
    "name" : "对话剧连载",
    "statistic" : {
      "failed" : 0,
      "broken" : 0,
      "skipped" : 0,
      "passed" : 7,
      "unknown" : 0,
      "total" : 7
    }
  }, {
    "uid" : "610c9e0f9a4cc60c3c46c3690bc5b4c7",
    "name" : "消息通知",
    "statistic" : {
      "failed" : 0,
      "broken" : 0,
      "skipped" : 0,
      "passed" : 7,
      "unknown" : 0,
      "total" : 7
    }
  } ]
}