[ {
  "uid" : "fd9893a69dc25726",
  "name" : "场景测试-获取音乐分类列表",
  "time" : {
    "start" : 1600250667738,
    "stop" : 1600250667776,
    "duration" : 38
  },
  "status" : "passed",
  "severity" : "normal"
}, {
  "uid" : "85d35296af79d6ff",
  "name" : "校验获取七牛上传或下载token，校验返回内容的数据结构",
  "time" : {
    "start" : 1600250635260,
    "stop" : 1600250635292,
    "duration" : 32
  },
  "status" : "passed",
  "severity" : "normal"
}, {
  "uid" : "c73a8c2b5e475bdb",
  "name" : "校验获取广场消息未读数，校验返回内容的数据结构",
  "time" : {
    "start" : 1600250658523,
    "stop" : 1600250658564,
    "duration" : 41
  },
  "status" : "passed",
  "severity" : "normal"
}, {
  "uid" : "31289522586ae4fe",
  "name" : "场景测试--删除自定义封面",
  "time" : {
    "start" : 1600250649564,
    "stop" : 1600250649648,
    "duration" : 84
  },
  "status" : "passed",
  "severity" : "normal"
}, {
  "uid" : "5cfdd03da64157aa",
  "name" : "场景测试-点赞对话剧连载",
  "time" : {
    "start" : 1600250637200,
    "stop" : 1600250637321,
    "duration" : 121
  },
  "status" : "passed",
  "severity" : "normal"
}, {
  "uid" : "c79e53c21592beed",
  "name" : "场景测试-获取音色列表",
  "time" : {
    "start" : 1600250647986,
    "stop" : 1600250648096,
    "duration" : 110
  },
  "status" : "passed",
  "severity" : "normal"
}, {
  "uid" : "826d48380c686dcb",
  "name" : "场景测试--我的封面模板列表",
  "time" : {
    "start" : 1600250648725,
    "stop" : 1600250648863,
    "duration" : 138
  },
  "status" : "passed",
  "severity" : "normal"
}, {
  "uid" : "d756e2daf8b5d014",
  "name" : "场景测试--获取用户提交申请退款信息",
  "time" : {
    "start" : 1600250659611,
    "stop" : 1600250659683,
    "duration" : 72
  },
  "status" : "passed",
  "severity" : "normal"
}, {
  "uid" : "c48e1e02caa6d4de",
  "name" : "场景测试-获取画漫画连载列表",
  "time" : {
    "start" : 1600250641678,
    "stop" : 1600250641771,
    "duration" : 93
  },
  "status" : "passed",
  "severity" : "normal"
}, {
  "uid" : "7de734b2890ebf48",
  "name" : "校验修改用户信息，校验返回内容的数据结构",
  "time" : {
    "start" : 1600250662078,
    "stop" : 1600250662186,
    "duration" : 108
  },
  "status" : "passed",
  "severity" : "normal"
}, {
  "uid" : "918ab4f98ea9ef98",
  "name" : "场景测试-检查是否显示我的短视频列表入口",
  "time" : {
    "start" : 1600250667503,
    "stop" : 1600250667608,
    "duration" : 105
  },
  "status" : "passed",
  "severity" : "normal"
}, {
  "uid" : "516f4ce290e0ca3c",
  "name" : "校验获取我的消息开关，校验返回内容的数据结构",
  "time" : {
    "start" : 1600250661243,
    "stop" : 1600250661273,
    "duration" : 30
  },
  "status" : "passed",
  "severity" : "normal"
}, {
  "uid" : "46f3128fc05478ec",
  "name" : "场景测试-新建（修改）漫剧连载",
  "time" : {
    "start" : 1600250637603,
    "stop" : 1600250638054,
    "duration" : 451
  },
  "status" : "passed",
  "severity" : "normal"
}, {
  "uid" : "257a1fa8fd348100",
  "name" : "场景测试--创建同人群组",
  "time" : {
    "start" : 1600250650782,
    "stop" : 1600250650903,
    "duration" : 121
  },
  "status" : "passed",
  "severity" : "normal"
}, {
  "uid" : "8f1f3872e13cf0f3",
  "name" : "校验获取第一个点赞与关注信息，校验返回内容的数据结构",
  "time" : {
    "start" : 1600250663595,
    "stop" : 1600250663647,
    "duration" : 52
  },
  "status" : "passed",
  "severity" : "normal"
}, {
  "uid" : "d542d28205b15089",
  "name" : "场景测试-获取大类全部素材列表",
  "time" : {
    "start" : 1600250639040,
    "stop" : 1600250639456,
    "duration" : 416
  },
  "status" : "passed",
  "severity" : "normal"
}, {
  "uid" : "f2542d1100af8dad",
  "name" : "校验获取漫影详情信息，校验返回内容的数据结构",
  "time" : {
    "start" : 1600250666321,
    "stop" : 1600250666406,
    "duration" : 85
  },
  "status" : "passed",
  "severity" : "normal"
}, {
  "uid" : "e9146b9672538fc8",
  "name" : "场景测试-获取上新信息",
  "time" : {
    "start" : 1600250644843,
    "stop" : 1600250644887,
    "duration" : 44
  },
  "status" : "passed",
  "severity" : "normal"
}, {
  "uid" : "5ba62814ee370cd",
  "name" : "场景测试--获取漫区最热帖子列表",
  "time" : {
    "start" : 1600250659159,
    "stop" : 1600250659317,
    "duration" : 158
  },
  "status" : "passed",
  "severity" : "normal"
}, {
  "uid" : "a3e0fa776c740fa1",
  "name" : "test_qiniu_grant_token_schema[upload-None-json_schema/App/qiniu_grant_token.json]",
  "time" : {
    "start" : 1600250634555,
    "stop" : 1600250634812,
    "duration" : 257
  },
  "status" : "passed",
  "severity" : "normal"
}, {
  "uid" : "6210d2b0c338d2f0",
  "name" : "场景测试-新建（修改）漫剧",
  "time" : {
    "start" : 1600250637046,
    "stop" : 1600250637119,
    "duration" : 73
  },
  "status" : "passed",
  "severity" : "normal"
}, {
  "uid" : "377dc37dfb48c711",
  "name" : "用户没有加入社团时，获取广场-社团信息",
  "time" : {
    "start" : 1600250640551,
    "stop" : 1600250640866,
    "duration" : 315
  },
  "status" : "passed",
  "severity" : "normal"
}, {
  "uid" : "a11347cc7711b575",
  "name" : "校验获取首页专题推荐列表，校验返回内容的数据结构",
  "time" : {
    "start" : 1600250657060,
    "stop" : 1600250657191,
    "duration" : 131
  },
  "status" : "passed",
  "severity" : "normal"
}, {
  "uid" : "abd62acd95495776",
  "name" : "场景测试-获取角色选择-npc",
  "time" : {
    "start" : 1600250660294,
    "stop" : 1600250660525,
    "duration" : 231
  },
  "status" : "passed",
  "severity" : "normal"
}, {
  "uid" : "6a4a8581918ee457",
  "name" : "校验打赏用户，校验返回内容的数据结构",
  "time" : {
    "start" : 1600250664332,
    "stop" : 1600250664645,
    "duration" : 313
  },
  "status" : "passed",
  "severity" : "normal"
}, {
  "uid" : "ffe31913c00f68c0",
  "name" : "test_qiniu_private_token_schema[json_schema/App/qiniu_private_token.json]",
  "time" : {
    "start" : 1600250634818,
    "stop" : 1600250634855,
    "duration" : 37
  },
  "status" : "passed",
  "severity" : "normal"
}, {
  "uid" : "43788509dbca044b",
  "name" : "校验获取用户漫影列表，校验返回内容的数据结构",
  "time" : {
    "start" : 1600250666261,
    "stop" : 1600250666316,
    "duration" : 55
  },
  "status" : "passed",
  "severity" : "normal"
}, {
  "uid" : "cf3ad9997c86305d",
  "name" : "校验获取我的动态列表，校验返回内容的数据结构",
  "time" : {
    "start" : 1600250662956,
    "stop" : 1600250663343,
    "duration" : 387
  },
  "status" : "passed",
  "severity" : "normal"
}, {
  "uid" : "c301f83d2ad68061",
  "name" : "校验获取旧版首页推荐内容列表，校验返回内容的数据结构",
  "time" : {
    "start" : 1600250652136,
    "stop" : 1600250653616,
    "duration" : 1480
  },
  "status" : "passed",
  "severity" : "normal"
}, {
  "uid" : "6636a92f0414211c",
  "name" : "场景测试-获取短视频一级分类列表",
  "time" : {
    "start" : 1600250667066,
    "stop" : 1600250667098,
    "duration" : 32
  },
  "status" : "passed",
  "severity" : "normal"
}, {
  "uid" : "8af81b68c04ae05d",
  "name" : "场景测试-获取短视频标签列表",
  "time" : {
    "start" : 1600250667261,
    "stop" : 1600250667305,
    "duration" : 44
  },
  "status" : "passed",
  "severity" : "normal"
}, {
  "uid" : "820062c050dd14f0",
  "name" : "场景测试-获取对话剧连载的对话剧列表",
  "time" : {
    "start" : 1600250637326,
    "stop" : 1600250637393,
    "duration" : 67
  },
  "status" : "passed",
  "severity" : "normal"
}, {
  "uid" : "5f2658848fd8f0af",
  "name" : "校验获取用户注册分流方案轮播，校验返回内容的数据结构",
  "time" : {
    "start" : 1600250665625,
    "stop" : 1600250665664,
    "duration" : 39
  },
  "status" : "passed",
  "severity" : "normal"
}, {
  "uid" : "829751e61414eb5d",
  "name" : "场景测试--创建自定义角色",
  "time" : {
    "start" : 1600250650135,
    "stop" : 1600250650204,
    "duration" : 69
  },
  "status" : "passed",
  "severity" : "normal"
}, {
  "uid" : "a3897a764ffd3db5",
  "name" : "场景测试-关注/取消关注对话剧作者",
  "time" : {
    "start" : 1600250636258,
    "stop" : 1600250636429,
    "duration" : 171
  },
  "status" : "passed",
  "severity" : "normal"
}, {
  "uid" : "a3751e2fb58302b9",
  "name" : "校验我关注的动态，校验返回内容的数据结构",
  "time" : {
    "start" : 1600250664807,
    "stop" : 1600250665220,
    "duration" : 413
  },
  "status" : "passed",
  "severity" : "normal"
}, {
  "uid" : "5a86059ea6969190",
  "name" : "场景测试--提交退款申请",
  "time" : {
    "start" : 1600250659460,
    "stop" : 1600250659601,
    "duration" : 141
  },
  "status" : "passed",
  "severity" : "normal"
}, {
  "uid" : "1fe4996e3b2eb22",
  "name" : "场景测试-获取协议状态",
  "time" : {
    "start" : 1600250660254,
    "stop" : 1600250660289,
    "duration" : 35
  },
  "status" : "passed",
  "severity" : "normal"
}, {
  "uid" : "1eb8f4385c639862",
  "name" : "校验发布漫影，校验返回内容的数据结构",
  "time" : {
    "start" : 1600250666509,
    "stop" : 1600250666789,
    "duration" : 280
  },
  "status" : "passed",
  "severity" : "normal"
}, {
  "uid" : "f89a97918e2d8987",
  "name" : "场景测试-获取(内容频道版本)作品分类顶部tag列表",
  "time" : {
    "start" : 1600250642554,
    "stop" : 1600250642599,
    "duration" : 45
  },
  "status" : "passed",
  "severity" : "normal"
}, {
  "uid" : "63cee864f886199",
  "name" : "场景测试-获取最新使用图片列表",
  "time" : {
    "start" : 1600250636103,
    "stop" : 1600250636242,
    "duration" : 139
  },
  "status" : "passed",
  "severity" : "normal"
}, {
  "uid" : "bf40fe386deb1239",
  "name" : "场景测试-分享对话剧",
  "time" : {
    "start" : 1600250635582,
    "stop" : 1600250635837,
    "duration" : 255
  },
  "status" : "passed",
  "severity" : "normal"
}, {
  "uid" : "733e17a7d436209f",
  "name" : "场景测试--漫画模板列表",
  "time" : {
    "start" : 1600250647083,
    "stop" : 1600250647506,
    "duration" : 423
  },
  "status" : "passed",
  "severity" : "normal"
}, {
  "uid" : "5d6fcf4a9863f361",
  "name" : "场景测试--获取已购买的模板列表",
  "time" : {
    "start" : 1600250648561,
    "stop" : 1600250648616,
    "duration" : 55
  },
  "status" : "passed",
  "severity" : "normal"
}, {
  "uid" : "ef2c1099fd344723",
  "name" : "校验获取漫影tab推荐列表，校验返回内容的数据结构",
  "time" : {
    "start" : 1600250665759,
    "stop" : 1600250666196,
    "duration" : 437
  },
  "status" : "passed",
  "severity" : "normal"
}, {
  "uid" : "c9f2e2ea77f39d02",
  "name" : "场景测试-获取短视频标签列表",
  "time" : {
    "start" : 1600250667436,
    "stop" : 1600250667493,
    "duration" : 57
  },
  "status" : "passed",
  "severity" : "normal"
}, {
  "uid" : "39786c0254e30eef",
  "name" : "校验获取综合搜索结果，校验返回内容的数据结构",
  "time" : {
    "start" : 1600250659881,
    "stop" : 1600250660151,
    "duration" : 270
  },
  "status" : "passed",
  "severity" : "normal"
}, {
  "uid" : "207953ac481e4f6c",
  "name" : "获取简易编辑器模板",
  "time" : {
    "start" : 1600250645323,
    "stop" : 1600250645382,
    "duration" : 59
  },
  "status" : "passed",
  "severity" : "normal"
}, {
  "uid" : "a60edb6ceea2612c",
  "name" : "场景测试--删除帖子",
  "time" : {
    "start" : 1600250659078,
    "stop" : 1600250659155,
    "duration" : 77
  },
  "status" : "passed",
  "severity" : "normal"
}, {
  "uid" : "e4e4731d717869da",
  "name" : "场景测试-获取对话剧角色信息",
  "time" : {
    "start" : 1600250635519,
    "stop" : 1600250635564,
    "duration" : 45
  },
  "status" : "passed",
  "severity" : "normal"
}, {
  "uid" : "2b6865b71eef7b3b",
  "name" : "场景测试-获取漫剧连载土豪榜信息",
  "time" : {
    "start" : 1600250629738,
    "stop" : 1600250629790,
    "duration" : 52
  },
  "status" : "passed",
  "severity" : "normal"
}, {
  "uid" : "5e650239739db4d9",
  "name" : "场景测试--获取已购买的模板列表",
  "time" : {
    "start" : 1600250648673,
    "stop" : 1600250648714,
    "duration" : 41
  },
  "status" : "passed",
  "severity" : "normal"
}, {
  "uid" : "6e27c8284869a459",
  "name" : "场景测试-用户是否有简易漫画作品",
  "time" : {
    "start" : 1600250660581,
    "stop" : 1600250660670,
    "duration" : 89
  },
  "status" : "passed",
  "severity" : "normal"
}, {
  "uid" : "19867243e5722d73",
  "name" : "test_check_content_schema[美好的一天-json_schema/App/check_content.json]",
  "time" : {
    "start" : 1600250634867,
    "stop" : 1600250634927,
    "duration" : 60
  },
  "status" : "passed",
  "severity" : "normal"
}, {
  "uid" : "38c037122ce6a679",
  "name" : "场景测试-获取对话剧点赞和对话剧作者关注状态",
  "time" : {
    "start" : 1600250635847,
    "stop" : 1600250635904,
    "duration" : 57
  },
  "status" : "passed",
  "severity" : "normal"
}, {
  "uid" : "bb342b21aad89b2d",
  "name" : "场景测试--获取处罚公告列表",
  "time" : {
    "start" : 1600250659370,
    "stop" : 1600250659416,
    "duration" : 46
  },
  "status" : "passed",
  "severity" : "normal"
}, {
  "uid" : "5e3b31f1fa35a518",
  "name" : "获取人物套装列表(简易编辑器)",
  "time" : {
    "start" : 1600250650643,
    "stop" : 1600250650706,
    "duration" : 63
  },
  "status" : "passed",
  "severity" : "normal"
}, {
  "uid" : "ce000c2c8e3a2baf",
  "name" : "场景测试-获取分类列表",
  "time" : {
    "start" : 1600250647826,
    "stop" : 1600250647869,
    "duration" : 43
  },
  "status" : "passed",
  "severity" : "normal"
}, {
  "uid" : "d51a29e000e76832",
  "name" : "场景测试-获取我的漫画",
  "time" : {
    "start" : 1600250642156,
    "stop" : 1600250642233,
    "duration" : 77
  },
  "status" : "passed",
  "severity" : "normal"
}, {
  "uid" : "9bed4b1dac1fbccd",
  "name" : "校验检查用户运气值，校验返回内容的数据结构",
  "time" : {
    "start" : 1600250665445,
    "stop" : 1600250665508,
    "duration" : 63
  },
  "status" : "passed",
  "severity" : "normal"
}, {
  "uid" : "cbb32120917bff17",
  "name" : "校验获取换一换作品列表，校验返回内容的数据结构",
  "time" : {
    "start" : 1600250655244,
    "stop" : 1600250655354,
    "duration" : 110
  },
  "status" : "passed",
  "severity" : "normal"
}, {
  "uid" : "273d2791685679f",
  "name" : "校验获取评论与点赞消息，校验返回内容的数据结构",
  "time" : {
    "start" : 1600250658423,
    "stop" : 1600250658504,
    "duration" : 81
  },
  "status" : "passed",
  "severity" : "normal"
}, {
  "uid" : "8cfd8e414952deff",
  "name" : "场景测试-获取动态素材列表",
  "time" : {
    "start" : 1600250667013,
    "stop" : 1600250667061,
    "duration" : 48
  },
  "status" : "passed",
  "severity" : "normal"
}, {
  "uid" : "c6445818385a54b3",
  "name" : "场景测试--我的封面模板列表",
  "time" : {
    "start" : 1600250648868,
    "stop" : 1600250648924,
    "duration" : 56
  },
  "status" : "passed",
  "severity" : "normal"
}, {
  "uid" : "15c6a5a062155108",
  "name" : "场景测试-获取语音服务token",
  "time" : {
    "start" : 1600250648105,
    "stop" : 1600250648162,
    "duration" : 57
  },
  "status" : "passed",
  "severity" : "normal"
}, {
  "uid" : "e26c7540b83c5d9",
  "name" : "场景测试-获取动态素材列表",
  "time" : {
    "start" : 1600250666918,
    "stop" : 1600250666964,
    "duration" : 46
  },
  "status" : "passed",
  "severity" : "normal"
}, {
  "uid" : "98c902947ba25278",
  "name" : "校验获取广场场景化，校验返回内容的数据结构",
  "time" : {
    "start" : 1600250656681,
    "stop" : 1600250656737,
    "duration" : 56
  },
  "status" : "passed",
  "severity" : "normal"
}, {
  "uid" : "77a1942aba0d9764",
  "name" : "获取普通类型模板",
  "time" : {
    "start" : 1600250645011,
    "stop" : 1600250645275,
    "duration" : 264
  },
  "status" : "passed",
  "severity" : "normal"
}, {
  "uid" : "877107a63cc41282",
  "name" : "场景测试-获取个人主页我的漫画连载数",
  "time" : {
    "start" : 1600250644742,
    "stop" : 1600250644837,
    "duration" : 95
  },
  "status" : "passed",
  "severity" : "normal"
}, {
  "uid" : "ebc6805ba0fbfd8e",
  "name" : "场景测试--获取ai页面固定文案",
  "time" : {
    "start" : 1600250634056,
    "stop" : 1600250634164,
    "duration" : 108
  },
  "status" : "passed",
  "severity" : "normal"
}, {
  "uid" : "a1fe7c2910239ed4",
  "name" : "场景测试-获取个人主页我的漫画连载数",
  "time" : {
    "start" : 1600250644493,
    "stop" : 1600250644656,
    "duration" : 163
  },
  "status" : "passed",
  "severity" : "normal"
}, {
  "uid" : "cc92cd3d11b22462",
  "name" : "场景测试-获取(内容频道版本)作品分类列表",
  "time" : {
    "start" : 1600250642608,
    "stop" : 1600250642686,
    "duration" : 78
  },
  "status" : "passed",
  "severity" : "normal"
}, {
  "uid" : "9052e7dd42603ad2",
  "name" : "场景测试-获取导入角色页面的对话剧列表",
  "time" : {
    "start" : 1600250635915,
    "stop" : 1600250636001,
    "duration" : 86
  },
  "status" : "passed",
  "severity" : "normal"
}, {
  "uid" : "f12b7faa0f856574",
  "name" : "场景测试-漫画创建/编辑",
  "time" : {
    "start" : 1600250642695,
    "stop" : 1600250644229,
    "duration" : 1534
  },
  "status" : "passed",
  "severity" : "normal"
}, {
  "uid" : "ab5ad16c5c0295b6",
  "name" : "场景测试--添加自定义封面",
  "time" : {
    "start" : 1600250649081,
    "stop" : 1600250649134,
    "duration" : 53
  },
  "status" : "passed",
  "severity" : "normal"
}, {
  "uid" : "82d62049eaa619fb",
  "name" : "场景测试-获取漫剧连载单篇列表",
  "time" : {
    "start" : 1600250627847,
    "stop" : 1600250627896,
    "duration" : 49
  },
  "status" : "passed",
  "severity" : "normal"
}, {
  "uid" : "32dcfee8119cc522",
  "name" : "场景测试-关闭浮窗",
  "time" : {
    "start" : 1600250644892,
    "stop" : 1600250644932,
    "duration" : 40
  },
  "status" : "passed",
  "severity" : "normal"
}, {
  "uid" : "9edc4fdd05829368",
  "name" : "场景测试--检查用户是否有创建群组权限",
  "time" : {
    "start" : 1600250651129,
    "stop" : 1600250651167,
    "duration" : 38
  },
  "status" : "passed",
  "severity" : "normal"
}, {
  "uid" : "be170399b04e61a3",
  "name" : "场景测试-获取连载漫画列表",
  "time" : {
    "start" : 1600250642243,
    "stop" : 1600250642358,
    "duration" : 115
  },
  "status" : "passed",
  "severity" : "normal"
}, {
  "uid" : "87ae6ac55ac4790f",
  "name" : "获取画面编辑器模板",
  "time" : {
    "start" : 1600250645392,
    "stop" : 1600250645454,
    "duration" : 62
  },
  "status" : "passed",
  "severity" : "normal"
}, {
  "uid" : "5553bff984dd00ad",
  "name" : "场景测试-主播关闭直播",
  "time" : {
    "start" : 1600250658060,
    "stop" : 1600250658125,
    "duration" : 65
  },
  "status" : "passed",
  "severity" : "normal"
}, {
  "uid" : "f42523dc815a6afc",
  "name" : "场景测试-获取直播间信息",
  "time" : {
    "start" : 1600250657967,
    "stop" : 1600250657967,
    "duration" : 0
  },
  "status" : "skipped",
  "severity" : "normal"
}, {
  "uid" : "1cc8f6421b0dc98",
  "name" : "校验获取首页骨架，校验返回内容的数据结构",
  "time" : {
    "start" : 1600250657497,
    "stop" : 1600250657547,
    "duration" : 50
  },
  "status" : "passed",
  "severity" : "normal"
}, {
  "uid" : "465eda6e95c6fc6a",
  "name" : "校验获取我的功能列表，校验返回内容的数据结构",
  "time" : {
    "start" : 1600250661321,
    "stop" : 1600250661412,
    "duration" : 91
  },
  "status" : "passed",
  "severity" : "normal"
}, {
  "uid" : "2ed3526e8bf58ecc",
  "name" : "场景测试-点赞漫剧单篇",
  "time" : {
    "start" : 1600250629797,
    "stop" : 1600250629839,
    "duration" : 42
  },
  "status" : "passed",
  "severity" : "normal"
}, {
  "uid" : "6bf0dc8bbc6cf441",
  "name" : "校验获取旧版首页推荐列表，校验返回内容的数据结构",
  "time" : {
    "start" : 1600250653621,
    "stop" : 1600250655214,
    "duration" : 1593
  },
  "status" : "passed",
  "severity" : "normal"
}, {
  "uid" : "2c041041aade8ef6",
  "name" : "场景测试--ai图片获取",
  "time" : {
    "start" : 1600250630134,
    "stop" : 1600250630172,
    "duration" : 38
  },
  "status" : "passed",
  "severity" : "normal"
}, {
  "uid" : "78546ab384b24688",
  "name" : "场景测试--获取自定义角色列表",
  "time" : {
    "start" : 1600250650256,
    "stop" : 1600250650516,
    "duration" : 260
  },
  "status" : "passed",
  "severity" : "normal"
}, {
  "uid" : "87c035c844974c41",
  "name" : "场景测试-活动id为空",
  "time" : {
    "start" : 1600250627686,
    "stop" : 1600250627718,
    "duration" : 32
  },
  "status" : "passed",
  "severity" : "normal"
}, {
  "uid" : "c80cbc70bf7b7bc5",
  "name" : "场景测试-获取管理页面对话剧连载列表",
  "time" : {
    "start" : 1600250637400,
    "stop" : 1600250637445,
    "duration" : 45
  },
  "status" : "passed",
  "severity" : "normal"
}, {
  "uid" : "5a0768f79acc60f4",
  "name" : "校验获取旧版首页最新内容列表，校验返回内容的数据结构",
  "time" : {
    "start" : 1600250655362,
    "stop" : 1600250655495,
    "duration" : 133
  },
  "status" : "passed",
  "severity" : "normal"
}, {
  "uid" : "a9f7797258ef9473",
  "name" : "场景测试-获取我的发型、表情商店信息",
  "time" : {
    "start" : 1600250660932,
    "stop" : 1600250661024,
    "duration" : 92
  },
  "status" : "passed",
  "severity" : "normal"
}, {
  "uid" : "f963f5f61a0f69c6",
  "name" : "场景测试-获取分栏目列表",
  "time" : {
    "start" : 1600250638503,
    "stop" : 1600250639031,
    "duration" : 528
  },
  "status" : "passed",
  "severity" : "normal"
}, {
  "uid" : "84c1cb3993bf7354",
  "name" : "校验获取广场消息未读数，校验返回内容的数据结构",
  "time" : {
    "start" : 1600250658568,
    "stop" : 1600250658627,
    "duration" : 59
  },
  "status" : "passed",
  "severity" : "normal"
}, {
  "uid" : "698bb2f3723a2356",
  "name" : "场景测试-获取可以加入连载的对话剧列表",
  "time" : {
    "start" : 1600250637127,
    "stop" : 1600250637182,
    "duration" : 55
  },
  "status" : "passed",
  "severity" : "normal"
}, {
  "uid" : "2131d5315f1a1126",
  "name" : "test_get_teenager_alert_schema[json_schema/App/get_teenager_alert.json]",
  "time" : {
    "start" : 1600250634939,
    "stop" : 1600250634972,
    "duration" : 33
  },
  "status" : "passed",
  "severity" : "normal"
}, {
  "uid" : "26b2e7fc6d96d091",
  "name" : "场景测试-获取声音列表",
  "time" : {
    "start" : 1600250667784,
    "stop" : 1600250667879,
    "duration" : 95
  },
  "status" : "passed",
  "severity" : "normal"
}, {
  "uid" : "985dba99d9ee0a9e",
  "name" : "场景测试-获取声音推荐列表",
  "time" : {
    "start" : 1600250667882,
    "stop" : 1600250667928,
    "duration" : 46
  },
  "status" : "passed",
  "severity" : "normal"
}, {
  "uid" : "d78424629afaba78",
  "name" : "场景测试-获取对话剧连载上一篇角色列表",
  "time" : {
    "start" : 1600250636048,
    "stop" : 1600250636096,
    "duration" : 48
  },
  "status" : "passed",
  "severity" : "normal"
}, {
  "uid" : "9469b9a4d807862",
  "name" : "场景测试--ai处理图片",
  "time" : {
    "start" : 1600250630878,
    "stop" : 1600250630999,
    "duration" : 121
  },
  "status" : "passed",
  "severity" : "normal"
}, {
  "uid" : "391dd379209e00b5",
  "name" : "校验获取手机绑定状态，校验返回内容的数据结构",
  "time" : {
    "start" : 1600250662017,
    "stop" : 1600250662068,
    "duration" : 51
  },
  "status" : "passed",
  "severity" : "normal"
}, {
  "uid" : "626612f6d53e32c5",
  "name" : "场景测试-画面编辑子类tab显示与否",
  "time" : {
    "start" : 1600250660810,
    "stop" : 1600250660868,
    "duration" : 58
  },
  "status" : "passed",
  "severity" : "normal"
}, {
  "uid" : "20dbba7253f69cd0",
  "name" : "校验获取关注圈用户详情，校验返回内容的数据结构",
  "time" : {
    "start" : 1600250664198,
    "stop" : 1600250664298,
    "duration" : 100
  },
  "status" : "passed",
  "severity" : "normal"
}, {
  "uid" : "75a2857ec22f0b42",
  "name" : "test_config_schema[json_schema/App/config.json]",
  "time" : {
    "start" : 1600250634463,
    "stop" : 1600250634519,
    "duration" : 56
  },
  "status" : "passed",
  "severity" : "normal"
}, {
  "uid" : "63b2792687cc902e",
  "name" : "场景测试-获取个人主页我的漫画连载数",
  "time" : {
    "start" : 1600250644667,
    "stop" : 1600250644735,
    "duration" : 68
  },
  "status" : "passed",
  "severity" : "normal"
}, {
  "uid" : "8db4cd7d1aa5909d",
  "name" : "场景测试-获取分类列表",
  "time" : {
    "start" : 1600250647672,
    "stop" : 1600250647822,
    "duration" : 150
  },
  "status" : "passed",
  "severity" : "normal"
}, {
  "uid" : "b3316325bf510a35",
  "name" : "校验获取七牛上传或下载token，校验返回内容的数据结构",
  "time" : {
    "start" : 1600250635221,
    "stop" : 1600250635253,
    "duration" : 32
  },
  "status" : "passed",
  "severity" : "normal"
}, {
  "uid" : "db7abf2269cd3f61",
  "name" : "场景测试--获取用户单篇列表",
  "time" : {
    "start" : 1600250650076,
    "stop" : 1600250650131,
    "duration" : 55
  },
  "status" : "passed",
  "severity" : "normal"
}, {
  "uid" : "3b81aa321a73b394",
  "name" : "场景测试-同意协议",
  "time" : {
    "start" : 1600250660201,
    "stop" : 1600250660249,
    "duration" : 48
  },
  "status" : "passed",
  "severity" : "normal"
}, {
  "uid" : "3cb9ba2153b06970",
  "name" : "校验获取首页推荐四宫格列表，校验返回内容的数据结构",
  "time" : {
    "start" : 1600250656797,
    "stop" : 1600250656852,
    "duration" : 55
  },
  "status" : "passed",
  "severity" : "normal"
}, {
  "uid" : "a18dbb5836df9aa5",
  "name" : "场景测试--ai处理图片",
  "time" : {
    "start" : 1600250631011,
    "stop" : 1600250631172,
    "duration" : 161
  },
  "status" : "passed",
  "severity" : "normal"
}, {
  "uid" : "6ca7753fd14895de",
  "name" : "场景测试-获取漫剧单篇风格详情",
  "time" : {
    "start" : 1600250629675,
    "stop" : 1600250629719,
    "duration" : 44
  },
  "status" : "passed",
  "severity" : "normal"
}, {
  "uid" : "391d8bbb3a616230",
  "name" : "校验获取个性装扮分类，校验返回内容的数据结构",
  "time" : {
    "start" : 1600250663909,
    "stop" : 1600250663948,
    "duration" : 39
  },
  "status" : "passed",
  "severity" : "normal"
}, {
  "uid" : "7e3294718ac076a5",
  "name" : "校验获取订阅用户动态列表，校验返回内容的数据结构",
  "time" : {
    "start" : 1600250662323,
    "stop" : 1600250662950,
    "duration" : 627
  },
  "status" : "passed",
  "severity" : "normal"
}, {
  "uid" : "15433e01a9cffcf3",
  "name" : "场景测试-获取短视频二级分类列表",
  "time" : {
    "start" : 1600250667136,
    "stop" : 1600250667182,
    "duration" : 46
  },
  "status" : "passed",
  "severity" : "normal"
}, {
  "uid" : "c576a77cab3b7896",
  "name" : "场景测试-获取我的发型、表情商店信息",
  "time" : {
    "start" : 1600250661144,
    "stop" : 1600250661236,
    "duration" : 92
  },
  "status" : "passed",
  "severity" : "normal"
}, {
  "uid" : "b3053f7866a168a2",
  "name" : "场景测试--获取已处理图片",
  "time" : {
    "start" : 1600250631776,
    "stop" : 1600250633852,
    "duration" : 2076
  },
  "status" : "passed",
  "severity" : "normal"
}, {
  "uid" : "c6400a7e0ea40bf1",
  "name" : "test_diff[get-38707284-m=Api&c=Chat&a=get_user_greet_list&page_size=30&pagesize=30-]",
  "time" : {
    "start" : 1600250625951,
    "stop" : 1600250626873,
    "duration" : 922
  },
  "status" : "passed",
  "severity" : "normal"
}, {
  "uid" : "96b6b4cda16b053c",
  "name" : "场景测试-获取我的集",
  "time" : {
    "start" : 1600250641141,
    "stop" : 1600250641573,
    "duration" : 432
  },
  "status" : "passed",
  "severity" : "normal"
}, {
  "uid" : "c33961475bcccba7",
  "name" : "校验获取专题信息，校验返回内容的数据结构",
  "time" : {
    "start" : 1600250655827,
    "stop" : 1600250656676,
    "duration" : 849
  },
  "status" : "passed",
  "severity" : "normal"
}, {
  "uid" : "fbd909f3b41433b2",
  "name" : "校验获取首页feed推荐列表，校验返回内容的数据结构",
  "time" : {
    "start" : 1600250657196,
    "stop" : 1600250657375,
    "duration" : 179
  },
  "status" : "passed",
  "severity" : "normal"
}, {
  "uid" : "a2f2bbbd52971c36",
  "name" : "场景测试-获取特效列表",
  "time" : {
    "start" : 1600250648172,
    "stop" : 1600250648502,
    "duration" : 330
  },
  "status" : "passed",
  "severity" : "normal"
}, {
  "uid" : "9baed8d84ea3c776",
  "name" : "场景测试--ai处理图片",
  "time" : {
    "start" : 1600250630596,
    "stop" : 1600250630719,
    "duration" : 123
  },
  "status" : "passed",
  "severity" : "normal"
}, {
  "uid" : "549ba6d881cb0772",
  "name" : "场景测试-获取分类列表",
  "time" : {
    "start" : 1600250647927,
    "stop" : 1600250647977,
    "duration" : 50
  },
  "status" : "passed",
  "severity" : "normal"
}, {
  "uid" : "6603a4cede6d7d60",
  "name" : "场景测试--获取自定义封面列表",
  "time" : {
    "start" : 1600250649140,
    "stop" : 1600250649186,
    "duration" : 46
  },
  "status" : "passed",
  "severity" : "normal"
}, {
  "uid" : "ce28e400f2719670",
  "name" : "场景测试-获取管理页面对话剧列表",
  "time" : {
    "start" : 1600250636005,
    "stop" : 1600250636044,
    "duration" : 39
  },
  "status" : "passed",
  "severity" : "normal"
}, {
  "uid" : "631efaddcb94a17a",
  "name" : "场景测试-分享漫剧连载",
  "time" : {
    "start" : 1600250629846,
    "stop" : 1600250630022,
    "duration" : 176
  },
  "status" : "passed",
  "severity" : "normal"
}, {
  "uid" : "136bdbccd693c7d6",
  "name" : "场景测试--漫画模板列表",
  "time" : {
    "start" : 1600250646942,
    "stop" : 1600250647078,
    "duration" : 136
  },
  "status" : "passed",
  "severity" : "normal"
}, {
  "uid" : "a2eac839d574050f",
  "name" : "场景测试--创建群组时，获取一级主题",
  "time" : {
    "start" : 1600250651027,
    "stop" : 1600250651059,
    "duration" : 32
  },
  "status" : "passed",
  "severity" : "normal"
}, {
  "uid" : "71dd36ac8f1da8f7",
  "name" : "场景测试--删除自定义封面",
  "time" : {
    "start" : 1600250649466,
    "stop" : 1600250649546,
    "duration" : 80
  },
  "status" : "passed",
  "severity" : "normal"
}, {
  "uid" : "340baf725d4cd868",
  "name" : "校验获取发布漫影token，校验返回内容的数据结构",
  "time" : {
    "start" : 1600250666460,
    "stop" : 1600250666499,
    "duration" : 39
  },
  "status" : "passed",
  "severity" : "normal"
}, {
  "uid" : "70752cd2978060c1",
  "name" : "场景测试--ai图片获取",
  "time" : {
    "start" : 1600250630083,
    "stop" : 1600250630128,
    "duration" : 45
  },
  "status" : "passed",
  "severity" : "normal"
}, {
  "uid" : "1b92886bdf8e0f74",
  "name" : "校验是否有新手引导，校验返回内容的数据结构",
  "time" : {
    "start" : 1600250661278,
    "stop" : 1600250661314,
    "duration" : 36
  },
  "status" : "passed",
  "severity" : "normal"
}, {
  "uid" : "a05dfdd2993fecca",
  "name" : "场景测试--创建自定义角色",
  "time" : {
    "start" : 1600250650209,
    "stop" : 1600250650252,
    "duration" : 43
  },
  "status" : "passed",
  "severity" : "normal"
}, {
  "uid" : "f7963849f5f27885",
  "name" : "校验获取旧版首页内容列表，校验返回内容的数据结构",
  "time" : {
    "start" : 1600250651260,
    "stop" : 1600250652127,
    "duration" : 867
  },
  "status" : "passed",
  "severity" : "normal"
}, {
  "uid" : "aba09abf903b5da7",
  "name" : "场景测试--漫画模板列表",
  "time" : {
    "start" : 1600250645676,
    "stop" : 1600250646933,
    "duration" : 1257
  },
  "status" : "passed",
  "severity" : "normal"
}, {
  "uid" : "19bbe96d3837b4f",
  "name" : "校验点赞漫影，校验返回内容的数据结构",
  "time" : {
    "start" : 1600250666416,
    "stop" : 1600250666455,
    "duration" : 39
  },
  "status" : "passed",
  "severity" : "normal"
}, {
  "uid" : "5c9d8fd9970e88d4",
  "name" : "场景测试-获取转场",
  "time" : {
    "start" : 1600250668070,
    "stop" : 1600250668170,
    "duration" : 100
  },
  "status" : "passed",
  "severity" : "normal"
}, {
  "uid" : "ce82a783115d88bb",
  "name" : "场景测试--ai处理图片",
  "time" : {
    "start" : 1600250631327,
    "stop" : 1600250631641,
    "duration" : 314
  },
  "status" : "passed",
  "severity" : "normal"
}, {
  "uid" : "99edd4e0999ce890",
  "name" : "校验获取触友主页面信息，校验返回内容的数据结构",
  "time" : {
    "start" : 1600250663525,
    "stop" : 1600250663590,
    "duration" : 65
  },
  "status" : "passed",
  "severity" : "normal"
}, {
  "uid" : "719c1fb2583ccb5d",
  "name" : "场景测试--添加自定义封面",
  "time" : {
    "start" : 1600250649007,
    "stop" : 1600250649075,
    "duration" : 68
  },
  "status" : "passed",
  "severity" : "normal"
}, {
  "uid" : "ea3c2f1ed0c73175",
  "name" : "校验获取个性装扮，校验返回内容的数据结构",
  "time" : {
    "start" : 1600250663952,
    "stop" : 1600250664112,
    "duration" : 160
  },
  "status" : "passed",
  "severity" : "normal"
}, {
  "uid" : "45167b618859b5c1",
  "name" : "场景测试--ai图片获取",
  "time" : {
    "start" : 1600250630177,
    "stop" : 1600250630219,
    "duration" : 42
  },
  "status" : "passed",
  "severity" : "normal"
}, {
  "uid" : "ef839c6839991d37",
  "name" : "校验获取通用菜单选项列表，校验返回内容的数据结构",
  "time" : {
    "start" : 1600250635087,
    "stop" : 1600250635215,
    "duration" : 128
  },
  "status" : "passed",
  "severity" : "normal"
}, {
  "uid" : "fae95ab20e41151f",
  "name" : "校验设置我的消息开关，校验返回内容的数据结构",
  "time" : {
    "start" : 1600250664696,
    "stop" : 1600250664740,
    "duration" : 44
  },
  "status" : "passed",
  "severity" : "normal"
}, {
  "uid" : "471c58193ef376db",
  "name" : "校验获取七牛短视频上传token，校验返回内容的数据结构",
  "time" : {
    "start" : 1600250635027,
    "stop" : 1600250635081,
    "duration" : 54
  },
  "status" : "passed",
  "severity" : "normal"
}, {
  "uid" : "6de44751321e8c24",
  "name" : "场景测试-获取我的发型、表情商店信息",
  "time" : {
    "start" : 1600250661032,
    "stop" : 1600250661131,
    "duration" : 99
  },
  "status" : "passed",
  "severity" : "normal"
}, {
  "uid" : "ac71aa7dd6766a0f",
  "name" : "场景测试--获取对话剧连载详情",
  "time" : {
    "start" : 1600250649653,
    "stop" : 1600250650072,
    "duration" : 419
  },
  "status" : "passed",
  "severity" : "normal"
}, {
  "uid" : "cb9304bdca75dfe1",
  "name" : "场景测试-获取漫剧单篇详情信息",
  "time" : {
    "start" : 1600250627903,
    "stop" : 1600250629271,
    "duration" : 1368
  },
  "status" : "passed",
  "severity" : "normal"
}, {
  "uid" : "59c2a50a10fb33e",
  "name" : "场景测试--解散同人群组",
  "time" : {
    "start" : 1600250650907,
    "stop" : 1600250650967,
    "duration" : 60
  },
  "status" : "passed",
  "severity" : "normal"
}, {
  "uid" : "77043b3e165e0dae",
  "name" : "校验获取用户点赞列表，校验返回内容的数据结构",
  "time" : {
    "start" : 1600250658806,
    "stop" : 1600250658850,
    "duration" : 44
  },
  "status" : "passed",
  "severity" : "normal"
}, {
  "uid" : "97363b4d3f007140",
  "name" : "校验获取用户允许金钻抵消开关，校验返回内容的数据结构",
  "time" : {
    "start" : 1600250663861,
    "stop" : 1600250663904,
    "duration" : 43
  },
  "status" : "passed",
  "severity" : "normal"
}, {
  "uid" : "583fe9dd198a0681",
  "name" : "校验获取旧版首页弹窗，校验返回内容的数据结构",
  "time" : {
    "start" : 1600250651216,
    "stop" : 1600250651253,
    "duration" : 37
  },
  "status" : "passed",
  "severity" : "normal"
}, {
  "uid" : "d17351720a23121e",
  "name" : "校验获取个性装扮banner，校验返回内容的数据结构",
  "time" : {
    "start" : 1600250665514,
    "stop" : 1600250665579,
    "duration" : 65
  },
  "status" : "passed",
  "severity" : "normal"
}, {
  "uid" : "71faa7d1806ec43b",
  "name" : "校验获取我的粉丝列表，校验返回内容的数据结构",
  "time" : {
    "start" : 1600250661723,
    "stop" : 1600250662012,
    "duration" : 289
  },
  "status" : "passed",
  "severity" : "normal"
}, {
  "uid" : "7096e2e8d04d1d67",
  "name" : "场景测试--保存ai图片到图片列表",
  "time" : {
    "start" : 1600250633858,
    "stop" : 1600250633909,
    "duration" : 51
  },
  "status" : "passed",
  "severity" : "normal"
}, {
  "uid" : "5d72ff054d362fc2",
  "name" : "场景测试-获取花字列表",
  "time" : {
    "start" : 1600250667975,
    "stop" : 1600250668021,
    "duration" : 46
  },
  "status" : "passed",
  "severity" : "normal"
}, {
  "uid" : "659a32e55d38a903",
  "name" : "场景测试--获取ai页面固定文案",
  "time" : {
    "start" : 1600250633915,
    "stop" : 1600250633963,
    "duration" : 48
  },
  "status" : "passed",
  "severity" : "normal"
}, {
  "uid" : "cee71bc28aa5d81a",
  "name" : "场景测试--实名认证",
  "time" : {
    "start" : 1600250665712,
    "stop" : 1600250665752,
    "duration" : 40
  },
  "status" : "passed",
  "severity" : "normal"
}, {
  "uid" : "ecc94d8878daf970",
  "name" : "场景测试-画面编辑子类tab显示与否",
  "time" : {
    "start" : 1600250660743,
    "stop" : 1600250660807,
    "duration" : 64
  },
  "status" : "passed",
  "severity" : "normal"
}, {
  "uid" : "26a98ed2d1a75691",
  "name" : "校验获取我关注的用户列表，校验返回内容的数据结构",
  "time" : {
    "start" : 1600250661558,
    "stop" : 1600250661717,
    "duration" : 159
  },
  "status" : "passed",
  "severity" : "normal"
}, {
  "uid" : "8d2d4d33fd1184ff",
  "name" : "场景测试-获取大作轨迹",
  "time" : {
    "start" : 1600250641780,
    "stop" : 1600250642148,
    "duration" : 368
  },
  "status" : "passed",
  "severity" : "normal"
}, {
  "uid" : "6fd8fb89ca2ee95b",
  "name" : "传字符型的Type参数",
  "time" : {
    "start" : 1600250645535,
    "stop" : 1600250645668,
    "duration" : 133
  },
  "status" : "passed",
  "severity" : "normal"
}, {
  "uid" : "57a23172787a9094",
  "name" : "用户已加入社团时，获取广场-社团信息",
  "time" : {
    "start" : 1600250639465,
    "stop" : 1600250640536,
    "duration" : 1071
  },
  "status" : "passed",
  "severity" : "normal"
}, {
  "uid" : "c79074e65d15420c",
  "name" : "场景测试--ai处理图片",
  "time" : {
    "start" : 1600250630283,
    "stop" : 1600250630589,
    "duration" : 306
  },
  "status" : "passed",
  "severity" : "normal"
}, {
  "uid" : "c56c23b1e7435cc5",
  "name" : "校验修改用户头像，校验返回内容的数据结构",
  "time" : {
    "start" : 1600250662192,
    "stop" : 1600250662319,
    "duration" : 127
  },
  "status" : "passed",
  "severity" : "normal"
}, {
  "uid" : "1f6f7b53fea0546",
  "name" : "场景测试--漫画模板列表",
  "time" : {
    "start" : 1600250647510,
    "stop" : 1600250647658,
    "duration" : 148
  },
  "status" : "passed",
  "severity" : "normal"
}, {
  "uid" : "17aa46255c5273cd",
  "name" : "校验获取他人主页信息，校验返回内容的数据结构",
  "time" : {
    "start" : 1600250663351,
    "stop" : 1600250663516,
    "duration" : 165
  },
  "status" : "passed",
  "severity" : "normal"
}, {
  "uid" : "e30745ef16e58243",
  "name" : "校验获取评论与点赞消息，校验返回内容的数据结构",
  "time" : {
    "start" : 1600250658245,
    "stop" : 1600250658288,
    "duration" : 43
  },
  "status" : "passed",
  "severity" : "normal"
}, {
  "uid" : "ae4705c6eefd433d",
  "name" : "场景测试-获取会话风格列表",
  "time" : {
    "start" : 1600250630026,
    "stop" : 1600250630076,
    "duration" : 50
  },
  "status" : "passed",
  "severity" : "normal"
}, {
  "uid" : "9fb46914b9786b29",
  "name" : "校验旧版检查关注是否有未读，校验返回内容的数据结构",
  "time" : {
    "start" : 1600250655763,
    "stop" : 1600250655809,
    "duration" : 46
  },
  "status" : "passed",
  "severity" : "normal"
}, {
  "uid" : "951f89aabc1e2c3a",
  "name" : "校验保存用户标签，校验返回内容的数据结构",
  "time" : {
    "start" : 1600250665377,
    "stop" : 1600250665439,
    "duration" : 62
  },
  "status" : "passed",
  "severity" : "normal"
}, {
  "uid" : "7fca6e95c6a1392c",
  "name" : "场景测试-获取分享配置",
  "time" : {
    "start" : 1600250642366,
    "stop" : 1600250642419,
    "duration" : 53
  },
  "status" : "passed",
  "severity" : "normal"
}, {
  "uid" : "bbeeba58ac52f242",
  "name" : "场景测试-发送/回复打招呼信息",
  "time" : {
    "start" : 1600250626996,
    "stop" : 1600250627680,
    "duration" : 684
  },
  "status" : "passed",
  "severity" : "normal"
}, {
  "uid" : "c2ba932041d4ab87",
  "name" : "不传Type参数",
  "time" : {
    "start" : 1600250645459,
    "stop" : 1600250645523,
    "duration" : 64
  },
  "status" : "passed",
  "severity" : "normal"
}, {
  "uid" : "9bdf60810683151b",
  "name" : "场景测试--获取ai页面固定文案",
  "time" : {
    "start" : 1600250633969,
    "stop" : 1600250634034,
    "duration" : 65
  },
  "status" : "passed",
  "severity" : "normal"
}, {
  "uid" : "7cbfb425afe190d0",
  "name" : "场景测试-获取推荐漫剧分类列表",
  "time" : {
    "start" : 1600250627725,
    "stop" : 1600250627843,
    "duration" : 118
  },
  "status" : "passed",
  "severity" : "normal"
}, {
  "uid" : "9623d8679751c47a",
  "name" : "test_sync_schema[json_schema/App/sync.json]",
  "time" : {
    "start" : 1600250634269,
    "stop" : 1600250634458,
    "duration" : 189
  },
  "status" : "passed",
  "severity" : "normal"
}, {
  "uid" : "33268c1676e1d7a",
  "name" : "校验获取可能感兴趣的人，校验返回内容的数据结构",
  "time" : {
    "start" : 1600250663651,
    "stop" : 1600250663857,
    "duration" : 206
  },
  "status" : "passed",
  "severity" : "normal"
}, {
  "uid" : "15a3cca907b0c41e",
  "name" : "校验获取首页新闻列表，校验返回内容的数据结构",
  "time" : {
    "start" : 1600250656743,
    "stop" : 1600250656791,
    "duration" : 48
  },
  "status" : "passed",
  "severity" : "normal"
}, {
  "uid" : "62868c43b4d7e5b0",
  "name" : "场景测试--获取用户已创建的同人群组列表",
  "time" : {
    "start" : 1600250650977,
    "stop" : 1600250651022,
    "duration" : 45
  },
  "status" : "passed",
  "severity" : "normal"
}, {
  "uid" : "b96e9779c0b5a63",
  "name" : "场景测试-获取动态素材列表",
  "time" : {
    "start" : 1600250666969,
    "stop" : 1600250667005,
    "duration" : 36
  },
  "status" : "passed",
  "severity" : "normal"
}, {
  "uid" : "f2bed4de86d5a60e",
  "name" : "场景测试--我的封面模板列表",
  "time" : {
    "start" : 1600250648939,
    "stop" : 1600250649001,
    "duration" : 62
  },
  "status" : "passed",
  "severity" : "normal"
}, {
  "uid" : "28ec0904ff81670a",
  "name" : "校验获取订阅用户详情，校验返回内容的数据结构",
  "time" : {
    "start" : 1600250664117,
    "stop" : 1600250664184,
    "duration" : 67
  },
  "status" : "passed",
  "severity" : "normal"
}, {
  "uid" : "f2404775a2eda377",
  "name" : "场景测试-同人群组漫剧列表",
  "time" : {
    "start" : 1600250636468,
    "stop" : 1600250636527,
    "duration" : 59
  },
  "status" : "passed",
  "severity" : "normal"
}, {
  "uid" : "2f6794f569b7dee2",
  "name" : "场景测试-获取有更新的对话剧连载列表",
  "time" : {
    "start" : 1600250638065,
    "stop" : 1600250638107,
    "duration" : 42
  },
  "status" : "passed",
  "severity" : "normal"
}, {
  "uid" : "4153758d463cb8e8",
  "name" : "校验获取首页活动中心列表，校验返回内容的数据结构",
  "time" : {
    "start" : 1600250657442,
    "stop" : 1600250657493,
    "duration" : 51
  },
  "status" : "passed",
  "severity" : "normal"
}, {
  "uid" : "902637593b11db51",
  "name" : "场景测试--进入退款申请页，获取用户id",
  "time" : {
    "start" : 1600250659419,
    "stop" : 1600250659452,
    "duration" : 33
  },
  "status" : "passed",
  "severity" : "normal"
}, {
  "uid" : "ecd8391937625c9d",
  "name" : "场景测试--ai处理图片",
  "time" : {
    "start" : 1600250631647,
    "stop" : 1600250631770,
    "duration" : 123
  },
  "status" : "passed",
  "severity" : "normal"
}, {
  "uid" : "b5b6ea5a0d1e1d45",
  "name" : "场景测试-获取对话剧内容列表",
  "time" : {
    "start" : 1600250635299,
    "stop" : 1600250635359,
    "duration" : 60
  },
  "status" : "passed",
  "severity" : "normal"
}, {
  "uid" : "1170321f1000e4a1",
  "name" : "校验添加不感兴趣的人，校验返回内容的数据结构",
  "time" : {
    "start" : 1600250665228,
    "stop" : 1600250665370,
    "duration" : 142
  },
  "status" : "passed",
  "severity" : "normal"
}, {
  "uid" : "6d1dd9c26c988232",
  "name" : "场景测试--获取封面模板分类列表",
  "time" : {
    "start" : 1600250648506,
    "stop" : 1600250648555,
    "duration" : 49
  },
  "status" : "passed",
  "severity" : "normal"
}, {
  "uid" : "458e5a9f315b2dab",
  "name" : "校验获取搜索热词列表，校验返回内容的数据结构",
  "time" : {
    "start" : 1600250659840,
    "stop" : 1600250659876,
    "duration" : 36
  },
  "status" : "passed",
  "severity" : "normal"
}, {
  "uid" : "cdb65ff5f41b0967",
  "name" : "场景测试-判断用户创建漫画是否弹窗奖励弹窗",
  "time" : {
    "start" : 1600250644936,
    "stop" : 1600250645002,
    "duration" : 66
  },
  "status" : "passed",
  "severity" : "normal"
}, {
  "uid" : "e08a4c26fb846bf5",
  "name" : "校验获取评论与点赞消息，校验返回内容的数据结构",
  "time" : {
    "start" : 1600250658131,
    "stop" : 1600250658239,
    "duration" : 108
  },
  "status" : "passed",
  "severity" : "normal"
}, {
  "uid" : "16c5ea8440138187",
  "name" : "校验IOS屏蔽审核问题内容，校验返回内容的数据结构",
  "time" : {
    "start" : 1600250634988,
    "stop" : 1600250635022,
    "duration" : 34
  },
  "status" : "passed",
  "severity" : "normal"
}, {
  "uid" : "9e058b4572c96921",
  "name" : "场景测试-获取对话剧点赞和对话剧作者关注状态",
  "time" : {
    "start" : 1600250637561,
    "stop" : 1600250637596,
    "duration" : 35
  },
  "status" : "passed",
  "severity" : "normal"
}, {
  "uid" : "1044dc292fa911d8",
  "name" : "校验获取首页热门讨论主题列表，校验返回内容的数据结构",
  "time" : {
    "start" : 1600250657380,
    "stop" : 1600250657436,
    "duration" : 56
  },
  "status" : "passed",
  "severity" : "normal"
}, {
  "uid" : "1670024a555d02b2",
  "name" : "校验获取首页热门推荐讨论列表，校验返回内容的数据结构",
  "time" : {
    "start" : 1600250656857,
    "stop" : 1600250656930,
    "duration" : 73
  },
  "status" : "passed",
  "severity" : "normal"
}, {
  "uid" : "492cbcb132b1755",
  "name" : "场景测试-画面编辑子类tab显示与否",
  "time" : {
    "start" : 1600250660674,
    "stop" : 1600250660737,
    "duration" : 63
  },
  "status" : "passed",
  "severity" : "normal"
}, {
  "uid" : "a266acda66084ac",
  "name" : "校验批量关注对象，校验返回内容的数据结构",
  "time" : {
    "start" : 1600250664655,
    "stop" : 1600250664689,
    "duration" : 34
  },
  "status" : "passed",
  "severity" : "normal"
}, {
  "uid" : "a9d4ba442b51a843",
  "name" : "获取新手类型模板",
  "time" : {
    "start" : 1600250645281,
    "stop" : 1600250645316,
    "duration" : 35
  },
  "status" : "passed",
  "severity" : "normal"
}, {
  "uid" : "332447d8c805805",
  "name" : "场景测试-获取分享配置",
  "time" : {
    "start" : 1600250642425,
    "stop" : 1600250642545,
    "duration" : 120
  },
  "status" : "passed",
  "severity" : "normal"
}, {
  "uid" : "d4501a4117cd5f7b",
  "name" : "场景测试-保存用户音频",
  "time" : {
    "start" : 1600250660158,
    "stop" : 1600250660196,
    "duration" : 38
  },
  "status" : "passed",
  "severity" : "normal"
}, {
  "uid" : "2d9d35c8f7d553e0",
  "name" : "场景测试-获取音效主页信息（第一次打开音效页面的信息）",
  "time" : {
    "start" : 1600250637451,
    "stop" : 1600250637555,
    "duration" : 104
  },
  "status" : "passed",
  "severity" : "normal"
}, {
  "uid" : "51eebb73cd6d0b53",
  "name" : "检查社团是否被封禁",
  "time" : {
    "start" : 1600250641102,
    "stop" : 1600250641135,
    "duration" : 33
  },
  "status" : "passed",
  "severity" : "normal"
}, {
  "uid" : "a2db7450435c6728",
  "name" : "校验官方自定义角色消息页面，校验返回内容的数据结构",
  "time" : {
    "start" : 1600250658766,
    "stop" : 1600250658802,
    "duration" : 36
  },
  "status" : "passed",
  "severity" : "normal"
}, {
  "uid" : "dfe5d423e0073528",
  "name" : "场景测试-分享对话剧连载",
  "time" : {
    "start" : 1600250635371,
    "stop" : 1600250635491,
    "duration" : 120
  },
  "status" : "passed",
  "severity" : "normal"
}, {
  "uid" : "d1050d6094bacd0f",
  "name" : "场景测试-获取转场分类",
  "time" : {
    "start" : 1600250668025,
    "stop" : 1600250668066,
    "duration" : 41
  },
  "status" : "passed",
  "severity" : "normal"
}, {
  "uid" : "879e015f4fc61291",
  "name" : "场景测试--获取实名认证弹窗信息",
  "time" : {
    "start" : 1600250665669,
    "stop" : 1600250665706,
    "duration" : 37
  },
  "status" : "passed",
  "severity" : "normal"
}, {
  "uid" : "dde1330b29c723f8",
  "name" : "场景测试--获取已购买的模板列表",
  "time" : {
    "start" : 1600250648625,
    "stop" : 1600250648668,
    "duration" : 43
  },
  "status" : "passed",
  "severity" : "normal"
}, {
  "uid" : "8c943ac921b900d9",
  "name" : "校验获取我的信息，校验返回内容的数据结构",
  "time" : {
    "start" : 1600250661417,
    "stop" : 1600250661553,
    "duration" : 136
  },
  "status" : "passed",
  "severity" : "normal"
}, {
  "uid" : "94cbd9165d9cc183",
  "name" : "场景测试-获取声音搜索列表",
  "time" : {
    "start" : 1600250667932,
    "stop" : 1600250667971,
    "duration" : 39
  },
  "status" : "passed",
  "severity" : "normal"
}, {
  "uid" : "3635d0c826240a59",
  "name" : "场景测试-获取当前分类栏目",
  "time" : {
    "start" : 1600250638392,
    "stop" : 1600250638469,
    "duration" : 77
  },
  "status" : "passed",
  "severity" : "normal"
}, {
  "uid" : "940d9625faee7543",
  "name" : "场景测试-检查是否显示编辑器入口",
  "time" : {
    "start" : 1600250667613,
    "stop" : 1600250667734,
    "duration" : 121
  },
  "status" : "passed",
  "severity" : "normal"
}, {
  "uid" : "b6822a4d469b9342",
  "name" : "场景测试-获取漫剧默认风格",
  "time" : {
    "start" : 1600250629624,
    "stop" : 1600250629668,
    "duration" : 44
  },
  "status" : "passed",
  "severity" : "normal"
}, {
  "uid" : "8537e4258162f83b",
  "name" : "场景测试-主播开始直播",
  "time" : {
    "start" : 1600250657555,
    "stop" : 1600250657961,
    "duration" : 406
  },
  "status" : "passed",
  "severity" : "normal"
}, {
  "uid" : "fbc96f9797731fcc",
  "name" : "场景测试-删除个人漫画单篇",
  "time" : {
    "start" : 1600250644241,
    "stop" : 1600250644487,
    "duration" : 246
  },
  "status" : "passed",
  "severity" : "normal"
}, {
  "uid" : "7c94fd8c6ed5d046",
  "name" : "场景测试-获取分类列表",
  "time" : {
    "start" : 1600250647874,
    "stop" : 1600250647923,
    "duration" : 49
  },
  "status" : "passed",
  "severity" : "normal"
}, {
  "uid" : "e1eba2fe8c74ac73",
  "name" : "场景测试-获取用户简易漫画列表",
  "time" : {
    "start" : 1600250660872,
    "stop" : 1600250660921,
    "duration" : 49
  },
  "status" : "passed",
  "severity" : "normal"
}, {
  "uid" : "ec0493ab239b8de1",
  "name" : "场景测试-获取漫剧单篇风格列表",
  "time" : {
    "start" : 1600250629279,
    "stop" : 1600250629567,
    "duration" : 288
  },
  "status" : "passed",
  "severity" : "normal"
}, {
  "uid" : "59786378cca21bcf",
  "name" : "场景测试--ai处理图片",
  "time" : {
    "start" : 1600250630728,
    "stop" : 1600250630870,
    "duration" : 142
  },
  "status" : "passed",
  "severity" : "normal"
}, {
  "uid" : "3d7ebafbd6445061",
  "name" : "校验删除漫影，校验返回内容的数据结构",
  "time" : {
    "start" : 1600250666799,
    "stop" : 1600250666914,
    "duration" : 115
  },
  "status" : "passed",
  "severity" : "normal"
}, {
  "uid" : "5aeca57ae41cb391",
  "name" : "校验获取聚合页栏目列表，校验返回内容的数据结构",
  "time" : {
    "start" : 1600250658716,
    "stop" : 1600250658761,
    "duration" : 45
  },
  "status" : "passed",
  "severity" : "normal"
}, {
  "uid" : "9dc97913303f0e8",
  "name" : "校验获取评论与点赞消息，校验返回内容的数据结构",
  "time" : {
    "start" : 1600250658293,
    "stop" : 1600250658405,
    "duration" : 112
  },
  "status" : "passed",
  "severity" : "normal"
}, {
  "uid" : "18cde3e715ef6c3b",
  "name" : "校验获取聚合页消息列表，校验返回内容的数据结构",
  "time" : {
    "start" : 1600250658673,
    "stop" : 1600250658713,
    "duration" : 40
  },
  "status" : "passed",
  "severity" : "normal"
}, {
  "uid" : "5c78e793f382f2cd",
  "name" : "场景测试--ai图片获取",
  "time" : {
    "start" : 1600250630225,
    "stop" : 1600250630276,
    "duration" : 51
  },
  "status" : "passed",
  "severity" : "normal"
}, {
  "uid" : "53c8fb3a8bae95db",
  "name" : "场景测试--ai处理图片",
  "time" : {
    "start" : 1600250631182,
    "stop" : 1600250631318,
    "duration" : 136
  },
  "status" : "passed",
  "severity" : "normal"
}, {
  "uid" : "210b8e93d43888b0",
  "name" : "场景测试-获取漫剧连载土豪榜列表",
  "time" : {
    "start" : 1600250629573,
    "stop" : 1600250629619,
    "duration" : 46
  },
  "status" : "passed",
  "severity" : "normal"
}, {
  "uid" : "5a3e23d76e7f9d42",
  "name" : "场景测试-获取我的漫画单篇列表",
  "time" : {
    "start" : 1600250641586,
    "stop" : 1600250641661,
    "duration" : 75
  },
  "status" : "passed",
  "severity" : "normal"
}, {
  "uid" : "e4f60f62a90742b2",
  "name" : "场景测试-获取角色选择-npc",
  "time" : {
    "start" : 1600250660530,
    "stop" : 1600250660576,
    "duration" : 46
  },
  "status" : "passed",
  "severity" : "normal"
}, {
  "uid" : "2248aede525dbacf",
  "name" : "场景测试--获取自定义封面列表",
  "time" : {
    "start" : 1600250649197,
    "stop" : 1600250649462,
    "duration" : 265
  },
  "status" : "passed",
  "severity" : "normal"
}, {
  "uid" : "376cf4dae4df714e",
  "name" : "场景测试--获取用户提交申请退款信息",
  "time" : {
    "start" : 1600250659789,
    "stop" : 1600250659835,
    "duration" : 46
  },
  "status" : "passed",
  "severity" : "normal"
}, {
  "uid" : "d39c6f7c00039ba2",
  "name" : "校验获取个人未读消息，校验返回内容的数据结构",
  "time" : {
    "start" : 1600250658631,
    "stop" : 1600250658667,
    "duration" : 36
  },
  "status" : "passed",
  "severity" : "normal"
}, {
  "uid" : "283f5be343292c5a",
  "name" : "场景测试-通过分栏目获取场景包信息",
  "time" : {
    "start" : 1600250638121,
    "stop" : 1600250638381,
    "duration" : 260
  },
  "status" : "passed",
  "severity" : "normal"
}, {
  "uid" : "478bc2553abc5424",
  "name" : "场景测试--删除自定义角色",
  "time" : {
    "start" : 1600250650519,
    "stop" : 1600250650640,
    "duration" : 121
  },
  "status" : "passed",
  "severity" : "normal"
}, {
  "uid" : "56e3e4a8e13d045b",
  "name" : "发布社团帖子",
  "time" : {
    "start" : 1600250658855,
    "stop" : 1600250658976,
    "duration" : 121
  },
  "status" : "passed",
  "severity" : "normal"
}, {
  "uid" : "7efec95c074101d2",
  "name" : "场景测试--获取处罚公告详细",
  "time" : {
    "start" : 1600250659325,
    "stop" : 1600250659366,
    "duration" : 41
  },
  "status" : "passed",
  "severity" : "normal"
}, {
  "uid" : "42fb1cc6576c40c4",
  "name" : "校验获取用户相关状态，校验返回内容的数据结构",
  "time" : {
    "start" : 1600250665585,
    "stop" : 1600250665620,
    "duration" : 35
  },
  "status" : "passed",
  "severity" : "normal"
}, {
  "uid" : "e82da2d19c9c21f8",
  "name" : "校验获取旧版首页订阅对象动态列表，校验返回内容的数据结构",
  "time" : {
    "start" : 1600250655516,
    "stop" : 1600250655749,
    "duration" : 233
  },
  "status" : "passed",
  "severity" : "normal"
}, {
  "uid" : "513f44eb9e9f1713",
  "name" : "校验获取首页排行榜列表，校验返回内容的数据结构",
  "time" : {
    "start" : 1600250656938,
    "stop" : 1600250657056,
    "duration" : 118
  },
  "status" : "passed",
  "severity" : "normal"
}, {
  "uid" : "758dd9bd9a77405d",
  "name" : "校验获取旧版首页banner列表，校验返回内容的数据结构",
  "time" : {
    "start" : 1600250651172,
    "stop" : 1600250651211,
    "duration" : 39
  },
  "status" : "passed",
  "severity" : "normal"
}, {
  "uid" : "fcfb0dc60518a4f3",
  "name" : "场景测试--创建群组时，获取二级主题",
  "time" : {
    "start" : 1600250651090,
    "stop" : 1600250651125,
    "duration" : 35
  },
  "status" : "passed",
  "severity" : "normal"
}, {
  "uid" : "4605f74b4915e421",
  "name" : "场景测试--批量删除ai记录",
  "time" : {
    "start" : 1600250634169,
    "stop" : 1600250634226,
    "duration" : 57
  },
  "status" : "passed",
  "severity" : "normal"
}, {
  "uid" : "2a8862049b8d66d9",
  "name" : "校验增加用户关注值，校验返回内容的数据结构",
  "time" : {
    "start" : 1600250664746,
    "stop" : 1600250664784,
    "duration" : 38
  },
  "status" : "passed",
  "severity" : "normal"
}, {
  "uid" : "b3749a8a82dc0cc5",
  "name" : "校验获取我发布的漫影列表，校验返回内容的数据结构",
  "time" : {
    "start" : 1600250666206,
    "stop" : 1600250666253,
    "duration" : 47
  },
  "status" : "passed",
  "severity" : "normal"
} ]