{
  "total" : 3,
  "items" : [ {
    "uid" : "b51346658ccdb9db01a6b5f6c12deab1",
    "name" : "testcases",
    "statistic" : {
      "failed" : 0,
      "broken" : 0,
      "skipped" : 1,
      "passed" : 243,
      "unknown" : 0,
      "total" : 244
    }
  }, {
    "uid" : "a5e08943659cb7de466bee3612af5502",
    "name" : "diff_testcases",
    "statistic" : {
      "failed" : 0,
      "broken" : 0,
      "skipped" : 0,
      "passed" : 1,
      "unknown" : 0,
      "total" : 1
    }
  }, {
    "uid" : "c166e208149ea05790632bdb982ec6a9",
    "name" : "scenario_testcases",
    "statistic" : {
      "failed" : 0,
      "broken" : 0,
      "skipped" : 0,
      "passed" : 1,
      "unknown" : 0,
      "total" : 1
    }
  } ]
}