{
  "459e29b55886ebdd6ee94670f31ca87d" : {
    "statistic" : {
      "failed" : 0,
      "broken" : 0,
      "skipped" : 0,
      "passed" : 1,
      "unknown" : 0,
      "total" : 1
    },
    "items" : [ {
      "uid" : "a2aa3963383adbda",
      "status" : "passed",
      "time" : {
        "start" : 1600252498004,
        "stop" : 1600252498048,
        "duration" : 44
      }
    } ]
  },
  "a7c95d1a601efb932b7cd97843a7c053" : {
    "statistic" : {
      "failed" : 0,
      "broken" : 0,
      "skipped" : 0,
      "passed" : 1,
      "unknown" : 0,
      "total" : 1
    },
    "items" : [ {
      "uid" : "a4829e08fc181522",
      "status" : "passed",
      "time" : {
        "start" : 1600252500303,
        "stop" : 1600252500597,
        "duration" : 294
      }
    } ]
  },
  "1cee487ee21506c02f9c6fe5f1ae9041" : {
    "statistic" : {
      "failed" : 0,
      "broken" : 0,
      "skipped" : 0,
      "passed" : 1,
      "unknown" : 0,
      "total" : 1
    },
    "items" : [ {
      "uid" : "93b69106de79e9a7",
      "status" : "passed",
      "time" : {
        "start" : 1600252498056,
        "stop" : 1600252498124,
        "duration" : 68
      }
    } ]
  },
  "5edeb9adef05120e8c3486ef5b6bccb2" : {
    "statistic" : {
      "failed" : 0,
      "broken" : 0,
      "skipped" : 0,
      "passed" : 1,
      "unknown" : 0,
      "total" : 1
    },
    "items" : [ {
      "uid" : "2bb6004a0eab4154",
      "status" : "passed",
      "time" : {
        "start" : 1600252497759,
        "stop" : 1600252497997,
        "duration" : 238
      }
    } ]
  },
  "8ff651f10f7818f486f1e1beb202d84c" : {
    "statistic" : {
      "failed" : 0,
      "broken" : 0,
      "skipped" : 0,
      "passed" : 1,
      "unknown" : 0,
      "total" : 1
    },
    "items" : [ {
      "uid" : "206920359d4d78ab",
      "status" : "passed",
      "time" : {
        "start" : 1600252498667,
        "stop" : 1600252498719,
        "duration" : 52
      }
    } ]
  },
  "bdf5027fefa79e4d88e4407b8deaf1f7" : {
    "statistic" : {
      "failed" : 0,
      "broken" : 0,
      "skipped" : 0,
      "passed" : 1,
      "unknown" : 0,
      "total" : 1
    },
    "items" : [ {
      "uid" : "5ca06e75317b4487",
      "status" : "passed",
      "time" : {
        "start" : 1600252500601,
        "stop" : 1600252500680,
        "duration" : 79
      }
    } ]
  },
  "ffea231986fadfaca54ab1afc35dba44" : {
    "statistic" : {
      "failed" : 0,
      "broken" : 0,
      "skipped" : 0,
      "passed" : 1,
      "unknown" : 0,
      "total" : 1
    },
    "items" : [ {
      "uid" : "8cbc3edf36a33084",
      "status" : "passed",
      "time" : {
        "start" : 1600252498451,
        "stop" : 1600252498547,
        "duration" : 96
      }
    } ]
  },
  "c6f5b505f9fbaf0b0864f060b9fc09e4" : {
    "statistic" : {
      "failed" : 0,
      "broken" : 0,
      "skipped" : 0,
      "passed" : 1,
      "unknown" : 0,
      "total" : 1
    },
    "items" : [ {
      "uid" : "4bbb28a085a8cf10",
      "status" : "passed",
      "time" : {
        "start" : 1600252500684,
        "stop" : 1600252500746,
        "duration" : 62
      }
    } ]
  },
  "423494e7fee045a66ef0671853013883" : {
    "statistic" : {
      "failed" : 0,
      "broken" : 0,
      "skipped" : 0,
      "passed" : 1,
      "unknown" : 0,
      "total" : 1
    },
    "items" : [ {
      "uid" : "5b7cedb1f9f6a2ee",
      "status" : "passed",
      "time" : {
        "start" : 1600252500751,
        "stop" : 1600252500814,
        "duration" : 63
      }
    } ]
  },
  "c3fa4fb4db972cb49277f6673e1cf811" : {
    "statistic" : {
      "failed" : 0,
      "broken" : 0,
      "skipped" : 0,
      "passed" : 1,
      "unknown" : 0,
      "total" : 1
    },
    "items" : [ {
      "uid" : "20f7143517ab7b54",
      "status" : "passed",
      "time" : {
        "start" : 1600252498609,
        "stop" : 1600252498649,
        "duration" : 40
      }
    } ]
  },
  "6132089228c4029c29684b716c2a46e2" : {
    "statistic" : {
      "failed" : 0,
      "broken" : 0,
      "skipped" : 0,
      "passed" : 1,
      "unknown" : 0,
      "total" : 1
    },
    "items" : [ {
      "uid" : "9bce9b9f4cca8f90",
      "status" : "passed",
      "time" : {
        "start" : 1600252498128,
        "stop" : 1600252498355,
        "duration" : 227
      }
    } ]
  },
  "f8ae6bf6363e4b9620e31673ec68f1bd" : {
    "statistic" : {
      "failed" : 0,
      "broken" : 0,
      "skipped" : 0,
      "passed" : 1,
      "unknown" : 0,
      "total" : 1
    },
    "items" : [ {
      "uid" : "973512e7d1a85002",
      "status" : "passed",
      "time" : {
        "start" : 1600252498361,
        "stop" : 1600252498439,
        "duration" : 78
      }
    } ]
  },
  "12040bc9155657c95a71aea068de0f5d" : {
    "statistic" : {
      "failed" : 0,
      "broken" : 0,
      "skipped" : 0,
      "passed" : 1,
      "unknown" : 0,
      "total" : 1
    },
    "items" : [ {
      "uid" : "4a913aa656bc9a2e",
      "status" : "passed",
      "time" : {
        "start" : 1600252498557,
        "stop" : 1600252498595,
        "duration" : 38
      }
    } ]
  },
  "3c0c5d3800b496f1756e44bec12f0244" : {
    "statistic" : {
      "failed" : 0,
      "broken" : 0,
      "skipped" : 0,
      "passed" : 1,
      "unknown" : 0,
      "total" : 1
    },
    "items" : [ {
      "uid" : "529524eeffc98a1",
      "status" : "passed",
      "time" : {
        "start" : 1600252498726,
        "stop" : 1600252498783,
        "duration" : 57
      }
    } ]
  },
  "be5394c8a9713bc5dc6988a1d6d534a5" : {
    "statistic" : {
      "failed" : 0,
      "broken" : 0,
      "skipped" : 0,
      "passed" : 1,
      "unknown" : 0,
      "total" : 1
    },
    "items" : [ {
      "uid" : "d0e88a3ff902ffe",
      "status" : "passed",
      "time" : {
        "start" : 1600252498795,
        "stop" : 1600252500296,
        "duration" : 1501
      }
    } ]
  }
}