{
  "459e29b55886ebdd6ee94670f31ca87d" : {
    "statistic" : {
      "failed" : 0,
      "broken" : 0,
      "skipped" : 0,
      "passed" : 1,
      "unknown" : 0,
      "total" : 1
    },
    "items" : [ {
      "uid" : "65ec2fd81a228bea",
      "status" : "passed",
      "time" : {
        "start" : 1600252088265,
        "stop" : 1600252088309,
        "duration" : 44
      }
    } ]
  },
  "a7c95d1a601efb932b7cd97843a7c053" : {
    "statistic" : {
      "failed" : 0,
      "broken" : 0,
      "skipped" : 0,
      "passed" : 1,
      "unknown" : 0,
      "total" : 1
    },
    "items" : [ {
      "uid" : "4b4efe596ce8ae64",
      "status" : "passed",
      "time" : {
        "start" : 1600252090494,
        "stop" : 1600252090738,
        "duration" : 244
      }
    } ]
  },
  "1cee487ee21506c02f9c6fe5f1ae9041" : {
    "statistic" : {
      "failed" : 0,
      "broken" : 0,
      "skipped" : 0,
      "passed" : 1,
      "unknown" : 0,
      "total" : 1
    },
    "items" : [ {
      "uid" : "7a413a1b8bcfc689",
      "status" : "passed",
      "time" : {
        "start" : 1600252088314,
        "stop" : 1600252088381,
        "duration" : 67
      }
    } ]
  },
  "5edeb9adef05120e8c3486ef5b6bccb2" : {
    "statistic" : {
      "failed" : 0,
      "broken" : 0,
      "skipped" : 0,
      "passed" : 1,
      "unknown" : 0,
      "total" : 1
    },
    "items" : [ {
      "uid" : "2eb34ca731404c6c",
      "status" : "passed",
      "time" : {
        "start" : 1600252087881,
        "stop" : 1600252088258,
        "duration" : 377
      }
    } ]
  },
  "8ff651f10f7818f486f1e1beb202d84c" : {
    "statistic" : {
      "failed" : 0,
      "broken" : 0,
      "skipped" : 0,
      "passed" : 1,
      "unknown" : 0,
      "total" : 1
    },
    "items" : [ {
      "uid" : "1349417158358c77",
      "status" : "passed",
      "time" : {
        "start" : 1600252088958,
        "stop" : 1600252088990,
        "duration" : 32
      }
    } ]
  },
  "bdf5027fefa79e4d88e4407b8deaf1f7" : {
    "statistic" : {
      "failed" : 0,
      "broken" : 0,
      "skipped" : 0,
      "passed" : 1,
      "unknown" : 0,
      "total" : 1
    },
    "items" : [ {
      "uid" : "e4269365836fe938",
      "status" : "passed",
      "time" : {
        "start" : 1600252090743,
        "stop" : 1600252090819,
        "duration" : 76
      }
    } ]
  },
  "ffea231986fadfaca54ab1afc35dba44" : {
    "statistic" : {
      "failed" : 0,
      "broken" : 0,
      "skipped" : 0,
      "passed" : 1,
      "unknown" : 0,
      "total" : 1
    },
    "items" : [ {
      "uid" : "83a885319e71a627",
      "status" : "passed",
      "time" : {
        "start" : 1600252088725,
        "stop" : 1600252088827,
        "duration" : 102
      }
    } ]
  },
  "c6f5b505f9fbaf0b0864f060b9fc09e4" : {
    "statistic" : {
      "failed" : 0,
      "broken" : 0,
      "skipped" : 0,
      "passed" : 1,
      "unknown" : 0,
      "total" : 1
    },
    "items" : [ {
      "uid" : "be3500545f41a045",
      "status" : "passed",
      "time" : {
        "start" : 1600252090824,
        "stop" : 1600252090903,
        "duration" : 79
      }
    } ]
  },
  "423494e7fee045a66ef0671853013883" : {
    "statistic" : {
      "failed" : 0,
      "broken" : 0,
      "skipped" : 0,
      "passed" : 1,
      "unknown" : 0,
      "total" : 1
    },
    "items" : [ {
      "uid" : "246acfb88bbefce0",
      "status" : "passed",
      "time" : {
        "start" : 1600252090910,
        "stop" : 1600252090992,
        "duration" : 82
      }
    } ]
  },
  "c3fa4fb4db972cb49277f6673e1cf811" : {
    "statistic" : {
      "failed" : 0,
      "broken" : 0,
      "skipped" : 0,
      "passed" : 1,
      "unknown" : 0,
      "total" : 1
    },
    "items" : [ {
      "uid" : "d093f77bb190cabb",
      "status" : "passed",
      "time" : {
        "start" : 1600252088906,
        "stop" : 1600252088950,
        "duration" : 44
      }
    } ]
  },
  "6132089228c4029c29684b716c2a46e2" : {
    "statistic" : {
      "failed" : 0,
      "broken" : 0,
      "skipped" : 0,
      "passed" : 1,
      "unknown" : 0,
      "total" : 1
    },
    "items" : [ {
      "uid" : "6353f28b20060c4c",
      "status" : "passed",
      "time" : {
        "start" : 1600252088386,
        "stop" : 1600252088639,
        "duration" : 253
      }
    } ]
  },
  "f8ae6bf6363e4b9620e31673ec68f1bd" : {
    "statistic" : {
      "failed" : 0,
      "broken" : 0,
      "skipped" : 0,
      "passed" : 1,
      "unknown" : 0,
      "total" : 1
    },
    "items" : [ {
      "uid" : "79192a0d362751dd",
      "status" : "passed",
      "time" : {
        "start" : 1600252088646,
        "stop" : 1600252088709,
        "duration" : 63
      }
    } ]
  },
  "12040bc9155657c95a71aea068de0f5d" : {
    "statistic" : {
      "failed" : 0,
      "broken" : 0,
      "skipped" : 0,
      "passed" : 1,
      "unknown" : 0,
      "total" : 1
    },
    "items" : [ {
      "uid" : "8b6c80e24268548f",
      "status" : "passed",
      "time" : {
        "start" : 1600252088839,
        "stop" : 1600252088893,
        "duration" : 54
      }
    } ]
  },
  "3c0c5d3800b496f1756e44bec12f0244" : {
    "statistic" : {
      "failed" : 0,
      "broken" : 0,
      "skipped" : 0,
      "passed" : 1,
      "unknown" : 0,
      "total" : 1
    },
    "items" : [ {
      "uid" : "443db609291794a5",
      "status" : "passed",
      "time" : {
        "start" : 1600252088997,
        "stop" : 1600252089039,
        "duration" : 42
      }
    } ]
  },
  "14a94429beb693cb7a9ad3c38a00a6bb" : {
    "statistic" : {
      "failed" : 0,
      "broken" : 0,
      "skipped" : 0,
      "passed" : 1,
      "unknown" : 0,
      "total" : 1
    },
    "items" : [ {
      "uid" : "6ecae2877b31af29",
      "status" : "passed",
      "time" : {
        "start" : 1600252089050,
        "stop" : 1600252090482,
        "duration" : 1432
      }
    } ]
  }
}