[ {
  "uid" : "ef89c0935ca5bf48",
  "name" : "场景测试-获取对话剧点赞和对话剧作者关注状态",
  "time" : {
    "start" : 1600250635847,
    "stop" : 1600250635904,
    "duration" : 57
  },
  "status" : "passed",
  "severity" : "normal"
}, {
  "uid" : "af9e5b48423e45de",
  "name" : "场景测试-画面编辑子类tab显示与否",
  "time" : {
    "start" : 1600250660674,
    "stop" : 1600250660737,
    "duration" : 63
  },
  "status" : "passed",
  "severity" : "normal"
}, {
  "uid" : "5c0cd8f82bbc34a8",
  "name" : "校验获取旧版首页推荐列表，校验返回内容的数据结构",
  "time" : {
    "start" : 1600250653621,
    "stop" : 1600250655214,
    "duration" : 1593
  },
  "status" : "passed",
  "severity" : "normal"
}, {
  "uid" : "8d2462ca0360d628",
  "name" : "test_get_teenager_alert_schema[json_schema/App/get_teenager_alert.json]",
  "time" : {
    "start" : 1600250634939,
    "stop" : 1600250634972,
    "duration" : 33
  },
  "status" : "passed",
  "severity" : "normal"
}, {
  "uid" : "b084f1207ef4a074",
  "name" : "场景测试-获取我的集",
  "time" : {
    "start" : 1600250641141,
    "stop" : 1600250641573,
    "duration" : 432
  },
  "status" : "passed",
  "severity" : "normal"
}, {
  "uid" : "79fa9de7770c27e2",
  "name" : "场景测试-获取分类列表",
  "time" : {
    "start" : 1600250647826,
    "stop" : 1600250647869,
    "duration" : 43
  },
  "status" : "passed",
  "severity" : "normal"
}, {
  "uid" : "1bf260ec5a139e6d",
  "name" : "场景测试-获取可以加入连载的对话剧列表",
  "time" : {
    "start" : 1600250637127,
    "stop" : 1600250637182,
    "duration" : 55
  },
  "status" : "passed",
  "severity" : "normal"
}, {
  "uid" : "c85e82331eb80488",
  "name" : "场景测试-获取我的漫画单篇列表",
  "time" : {
    "start" : 1600250641586,
    "stop" : 1600250641661,
    "duration" : 75
  },
  "status" : "passed",
  "severity" : "normal"
}, {
  "uid" : "96af3bbb2830e682",
  "name" : "校验发布漫影，校验返回内容的数据结构",
  "time" : {
    "start" : 1600250666509,
    "stop" : 1600250666789,
    "duration" : 280
  },
  "status" : "passed",
  "severity" : "normal"
}, {
  "uid" : "f985354b1d52b059",
  "name" : "发布社团帖子",
  "time" : {
    "start" : 1600250658855,
    "stop" : 1600250658976,
    "duration" : 121
  },
  "status" : "passed",
  "severity" : "normal"
}, {
  "uid" : "67f216dc5eab1363",
  "name" : "场景测试--获取处罚公告详细",
  "time" : {
    "start" : 1600250659325,
    "stop" : 1600250659366,
    "duration" : 41
  },
  "status" : "passed",
  "severity" : "normal"
}, {
  "uid" : "7ff5aee621639f29",
  "name" : "场景测试--获取已购买的模板列表",
  "time" : {
    "start" : 1600250648625,
    "stop" : 1600250648668,
    "duration" : 43
  },
  "status" : "passed",
  "severity" : "normal"
}, {
  "uid" : "274e68821a16306d",
  "name" : "场景测试-获取漫剧单篇风格详情",
  "time" : {
    "start" : 1600250629675,
    "stop" : 1600250629719,
    "duration" : 44
  },
  "status" : "passed",
  "severity" : "normal"
}, {
  "uid" : "cb6fcb5f3396b709",
  "name" : "场景测试--漫画模板列表",
  "time" : {
    "start" : 1600250645676,
    "stop" : 1600250646933,
    "duration" : 1257
  },
  "status" : "passed",
  "severity" : "normal"
}, {
  "uid" : "397e0f42cb160616",
  "name" : "校验获取发布漫影token，校验返回内容的数据结构",
  "time" : {
    "start" : 1600250666460,
    "stop" : 1600250666499,
    "duration" : 39
  },
  "status" : "passed",
  "severity" : "normal"
}, {
  "uid" : "55686caecc5881da",
  "name" : "场景测试-获取漫剧单篇详情信息",
  "time" : {
    "start" : 1600250627903,
    "stop" : 1600250629271,
    "duration" : 1368
  },
  "status" : "passed",
  "severity" : "normal"
}, {
  "uid" : "40ecd3dd46693dae",
  "name" : "校验获取关注圈用户详情，校验返回内容的数据结构",
  "time" : {
    "start" : 1600250664198,
    "stop" : 1600250664298,
    "duration" : 100
  },
  "status" : "passed",
  "severity" : "normal"
}, {
  "uid" : "2e554e353c5f07d0",
  "name" : "不传Type参数",
  "time" : {
    "start" : 1600250645459,
    "stop" : 1600250645523,
    "duration" : 64
  },
  "status" : "passed",
  "severity" : "normal"
}, {
  "uid" : "5348e93db1f0f236",
  "name" : "场景测试--ai图片获取",
  "time" : {
    "start" : 1600250630083,
    "stop" : 1600250630128,
    "duration" : 45
  },
  "status" : "passed",
  "severity" : "normal"
}, {
  "uid" : "fe18c97d1711a489",
  "name" : "校验获取个性装扮，校验返回内容的数据结构",
  "time" : {
    "start" : 1600250663952,
    "stop" : 1600250664112,
    "duration" : 160
  },
  "status" : "passed",
  "severity" : "normal"
}, {
  "uid" : "b25bd1cfbc76a573",
  "name" : "校验获取个性装扮banner，校验返回内容的数据结构",
  "time" : {
    "start" : 1600250665514,
    "stop" : 1600250665579,
    "duration" : 65
  },
  "status" : "passed",
  "severity" : "normal"
}, {
  "uid" : "e3adaa55847cfa4",
  "name" : "场景测试--我的封面模板列表",
  "time" : {
    "start" : 1600250648939,
    "stop" : 1600250649001,
    "duration" : 62
  },
  "status" : "passed",
  "severity" : "normal"
}, {
  "uid" : "80537aacc3fc3fca",
  "name" : "校验获取用户注册分流方案轮播，校验返回内容的数据结构",
  "time" : {
    "start" : 1600250665625,
    "stop" : 1600250665664,
    "duration" : 39
  },
  "status" : "passed",
  "severity" : "normal"
}, {
  "uid" : "f6d5cc22f084c795",
  "name" : "场景测试--删除帖子",
  "time" : {
    "start" : 1600250659078,
    "stop" : 1600250659155,
    "duration" : 77
  },
  "status" : "passed",
  "severity" : "normal"
}, {
  "uid" : "33a41cd4a18b7bec",
  "name" : "场景测试--创建群组时，获取二级主题",
  "time" : {
    "start" : 1600250651090,
    "stop" : 1600250651125,
    "duration" : 35
  },
  "status" : "passed",
  "severity" : "normal"
}, {
  "uid" : "3b4875a360becd37",
  "name" : "校验官方自定义角色消息页面，校验返回内容的数据结构",
  "time" : {
    "start" : 1600250658766,
    "stop" : 1600250658802,
    "duration" : 36
  },
  "status" : "passed",
  "severity" : "normal"
}, {
  "uid" : "bbd600da04b88af8",
  "name" : "场景测试-获取漫剧默认风格",
  "time" : {
    "start" : 1600250629624,
    "stop" : 1600250629668,
    "duration" : 44
  },
  "status" : "passed",
  "severity" : "normal"
}, {
  "uid" : "7d4cb35afb09a145",
  "name" : "test_config_schema[json_schema/App/config.json]",
  "time" : {
    "start" : 1600250634463,
    "stop" : 1600250634519,
    "duration" : 56
  },
  "status" : "passed",
  "severity" : "normal"
}, {
  "uid" : "8924d518abe6b4af",
  "name" : "场景测试-获取短视频标签列表",
  "time" : {
    "start" : 1600250667261,
    "stop" : 1600250667305,
    "duration" : 44
  },
  "status" : "passed",
  "severity" : "normal"
}, {
  "uid" : "31f08c26cd9d0d79",
  "name" : "场景测试-获取管理页面对话剧列表",
  "time" : {
    "start" : 1600250636005,
    "stop" : 1600250636044,
    "duration" : 39
  },
  "status" : "passed",
  "severity" : "normal"
}, {
  "uid" : "b20ae6b42431e3cd",
  "name" : "场景测试-获取我的发型、表情商店信息",
  "time" : {
    "start" : 1600250661032,
    "stop" : 1600250661131,
    "duration" : 99
  },
  "status" : "passed",
  "severity" : "normal"
}, {
  "uid" : "a025cb83eca3096c",
  "name" : "场景测试--创建自定义角色",
  "time" : {
    "start" : 1600250650209,
    "stop" : 1600250650252,
    "duration" : 43
  },
  "status" : "passed",
  "severity" : "normal"
}, {
  "uid" : "8465243fda2506ff",
  "name" : "校验旧版检查关注是否有未读，校验返回内容的数据结构",
  "time" : {
    "start" : 1600250655763,
    "stop" : 1600250655809,
    "duration" : 46
  },
  "status" : "passed",
  "severity" : "normal"
}, {
  "uid" : "29c2eba48a4c4d14",
  "name" : "校验删除漫影，校验返回内容的数据结构",
  "time" : {
    "start" : 1600250666799,
    "stop" : 1600250666914,
    "duration" : 115
  },
  "status" : "passed",
  "severity" : "normal"
}, {
  "uid" : "1e9122affb273bf",
  "name" : "场景测试-获取声音推荐列表",
  "time" : {
    "start" : 1600250667882,
    "stop" : 1600250667928,
    "duration" : 46
  },
  "status" : "passed",
  "severity" : "normal"
}, {
  "uid" : "cca7eecf7c7e2e8b",
  "name" : "场景测试-获取对话剧连载的对话剧列表",
  "time" : {
    "start" : 1600250637326,
    "stop" : 1600250637393,
    "duration" : 67
  },
  "status" : "passed",
  "severity" : "normal"
}, {
  "uid" : "978e8611c908bcc1",
  "name" : "校验获取用户点赞列表，校验返回内容的数据结构",
  "time" : {
    "start" : 1600250658806,
    "stop" : 1600250658850,
    "duration" : 44
  },
  "status" : "passed",
  "severity" : "normal"
}, {
  "uid" : "350b6f7c1d927313",
  "name" : "校验IOS屏蔽审核问题内容，校验返回内容的数据结构",
  "time" : {
    "start" : 1600250634988,
    "stop" : 1600250635022,
    "duration" : 34
  },
  "status" : "passed",
  "severity" : "normal"
}, {
  "uid" : "a4e7b426be086414",
  "name" : "校验修改用户信息，校验返回内容的数据结构",
  "time" : {
    "start" : 1600250662078,
    "stop" : 1600250662186,
    "duration" : 108
  },
  "status" : "passed",
  "severity" : "normal"
}, {
  "uid" : "78ccdcec6ba6dda8",
  "name" : "场景测试--删除自定义封面",
  "time" : {
    "start" : 1600250649466,
    "stop" : 1600250649546,
    "duration" : 80
  },
  "status" : "passed",
  "severity" : "normal"
}, {
  "uid" : "d05ed3a6644d8e74",
  "name" : "场景测试--获取自定义封面列表",
  "time" : {
    "start" : 1600250649140,
    "stop" : 1600250649186,
    "duration" : 46
  },
  "status" : "passed",
  "severity" : "normal"
}, {
  "uid" : "55d24d2a68619e09",
  "name" : "校验获取漫影详情信息，校验返回内容的数据结构",
  "time" : {
    "start" : 1600250666321,
    "stop" : 1600250666406,
    "duration" : 85
  },
  "status" : "passed",
  "severity" : "normal"
}, {
  "uid" : "24e1142e3faa473f",
  "name" : "校验获取七牛短视频上传token，校验返回内容的数据结构",
  "time" : {
    "start" : 1600250635027,
    "stop" : 1600250635081,
    "duration" : 54
  },
  "status" : "passed",
  "severity" : "normal"
}, {
  "uid" : "6166069016a5fcbf",
  "name" : "场景测试-漫画创建/编辑",
  "time" : {
    "start" : 1600250642695,
    "stop" : 1600250644229,
    "duration" : 1534
  },
  "status" : "passed",
  "severity" : "normal"
}, {
  "uid" : "e842c9628ecf1b56",
  "name" : "校验获取聚合页消息列表，校验返回内容的数据结构",
  "time" : {
    "start" : 1600250658673,
    "stop" : 1600250658713,
    "duration" : 40
  },
  "status" : "passed",
  "severity" : "normal"
}, {
  "uid" : "12a4c4bc229c1c2c",
  "name" : "场景测试--获取用户提交申请退款信息",
  "time" : {
    "start" : 1600250659611,
    "stop" : 1600250659683,
    "duration" : 72
  },
  "status" : "passed",
  "severity" : "normal"
}, {
  "uid" : "ca3733becc35ba13",
  "name" : "场景测试--漫画模板列表",
  "time" : {
    "start" : 1600250647510,
    "stop" : 1600250647658,
    "duration" : 148
  },
  "status" : "passed",
  "severity" : "normal"
}, {
  "uid" : "bb58c7f4f97bd7e2",
  "name" : "场景测试-活动id为空",
  "time" : {
    "start" : 1600250627686,
    "stop" : 1600250627718,
    "duration" : 32
  },
  "status" : "passed",
  "severity" : "normal"
}, {
  "uid" : "86b83c831a5c39c5",
  "name" : "场景测试--获取自定义封面列表",
  "time" : {
    "start" : 1600250649197,
    "stop" : 1600250649462,
    "duration" : 265
  },
  "status" : "passed",
  "severity" : "normal"
}, {
  "uid" : "6a307b65666aec1d",
  "name" : "test_diff[get-38707284-m=Api&c=Chat&a=get_user_greet_list&page_size=30&pagesize=30-]",
  "time" : {
    "start" : 1600250625951,
    "stop" : 1600250626873,
    "duration" : 922
  },
  "status" : "passed",
  "severity" : "normal"
}, {
  "uid" : "82ee1058ff69f036",
  "name" : "场景测试-获取协议状态",
  "time" : {
    "start" : 1600250660254,
    "stop" : 1600250660289,
    "duration" : 35
  },
  "status" : "passed",
  "severity" : "normal"
}, {
  "uid" : "4e9c33c95caa37be",
  "name" : "场景测试--ai图片获取",
  "time" : {
    "start" : 1600250630177,
    "stop" : 1600250630219,
    "duration" : 42
  },
  "status" : "passed",
  "severity" : "normal"
}, {
  "uid" : "c5a297745be64702",
  "name" : "场景测试-获取漫剧连载土豪榜列表",
  "time" : {
    "start" : 1600250629573,
    "stop" : 1600250629619,
    "duration" : 46
  },
  "status" : "passed",
  "severity" : "normal"
}, {
  "uid" : "660e84c9f82d2d6",
  "name" : "获取普通类型模板",
  "time" : {
    "start" : 1600250645011,
    "stop" : 1600250645275,
    "duration" : 264
  },
  "status" : "passed",
  "severity" : "normal"
}, {
  "uid" : "180b456ed007cba1",
  "name" : "场景测试--ai图片获取",
  "time" : {
    "start" : 1600250630225,
    "stop" : 1600250630276,
    "duration" : 51
  },
  "status" : "passed",
  "severity" : "normal"
}, {
  "uid" : "3a3386c4d2e8f342",
  "name" : "获取人物套装列表(简易编辑器)",
  "time" : {
    "start" : 1600250650643,
    "stop" : 1600250650706,
    "duration" : 63
  },
  "status" : "passed",
  "severity" : "normal"
}, {
  "uid" : "41f04648837b046a",
  "name" : "场景测试-获取我的漫画",
  "time" : {
    "start" : 1600250642156,
    "stop" : 1600250642233,
    "duration" : 77
  },
  "status" : "passed",
  "severity" : "normal"
}, {
  "uid" : "89277204345a73e2",
  "name" : "场景测试-删除个人漫画单篇",
  "time" : {
    "start" : 1600250644241,
    "stop" : 1600250644487,
    "duration" : 246
  },
  "status" : "passed",
  "severity" : "normal"
}, {
  "uid" : "5b11a6df199bb8af",
  "name" : "test_sync_schema[json_schema/App/sync.json]",
  "time" : {
    "start" : 1600250634269,
    "stop" : 1600250634458,
    "duration" : 189
  },
  "status" : "passed",
  "severity" : "normal"
}, {
  "uid" : "40a3a765714d1c3a",
  "name" : "test_qiniu_grant_token_schema[upload-None-json_schema/App/qiniu_grant_token.json]",
  "time" : {
    "start" : 1600250634555,
    "stop" : 1600250634812,
    "duration" : 257
  },
  "status" : "passed",
  "severity" : "normal"
}, {
  "uid" : "25943f600950246d",
  "name" : "校验增加用户关注值，校验返回内容的数据结构",
  "time" : {
    "start" : 1600250664746,
    "stop" : 1600250664784,
    "duration" : 38
  },
  "status" : "passed",
  "severity" : "normal"
}, {
  "uid" : "a484dadf0af816dc",
  "name" : "场景测试-点赞漫剧单篇",
  "time" : {
    "start" : 1600250629797,
    "stop" : 1600250629839,
    "duration" : 42
  },
  "status" : "passed",
  "severity" : "normal"
}, {
  "uid" : "64d6196d2e9f5f13",
  "name" : "校验保存用户标签，校验返回内容的数据结构",
  "time" : {
    "start" : 1600250665377,
    "stop" : 1600250665439,
    "duration" : 62
  },
  "status" : "passed",
  "severity" : "normal"
}, {
  "uid" : "dfe24ed6a5e717a8",
  "name" : "场景测试-获取有更新的对话剧连载列表",
  "time" : {
    "start" : 1600250638065,
    "stop" : 1600250638107,
    "duration" : 42
  },
  "status" : "passed",
  "severity" : "normal"
}, {
  "uid" : "a1da75de0970e732",
  "name" : "场景测试-获取当前分类栏目",
  "time" : {
    "start" : 1600250638392,
    "stop" : 1600250638469,
    "duration" : 77
  },
  "status" : "passed",
  "severity" : "normal"
}, {
  "uid" : "6404d74f1b8f933",
  "name" : "获取新手类型模板",
  "time" : {
    "start" : 1600250645281,
    "stop" : 1600250645316,
    "duration" : 35
  },
  "status" : "passed",
  "severity" : "normal"
}, {
  "uid" : "32a0af4a68396f55",
  "name" : "场景测试-分享对话剧连载",
  "time" : {
    "start" : 1600250635371,
    "stop" : 1600250635491,
    "duration" : 120
  },
  "status" : "passed",
  "severity" : "normal"
}, {
  "uid" : "9ab3e921d268b43d",
  "name" : "场景测试--获取已处理图片",
  "time" : {
    "start" : 1600250631776,
    "stop" : 1600250633852,
    "duration" : 2076
  },
  "status" : "passed",
  "severity" : "normal"
}, {
  "uid" : "a22726e6e2af3f19",
  "name" : "校验点赞漫影，校验返回内容的数据结构",
  "time" : {
    "start" : 1600250666416,
    "stop" : 1600250666455,
    "duration" : 39
  },
  "status" : "passed",
  "severity" : "normal"
}, {
  "uid" : "5085ceb1bbb1489b",
  "name" : "校验获取用户漫影列表，校验返回内容的数据结构",
  "time" : {
    "start" : 1600250666261,
    "stop" : 1600250666316,
    "duration" : 55
  },
  "status" : "passed",
  "severity" : "normal"
}, {
  "uid" : "cc0e2144d94ec69d",
  "name" : "校验获取广场场景化，校验返回内容的数据结构",
  "time" : {
    "start" : 1600250656681,
    "stop" : 1600250656737,
    "duration" : 56
  },
  "status" : "passed",
  "severity" : "normal"
}, {
  "uid" : "270a97fdfc78cab3",
  "name" : "用户已加入社团时，获取广场-社团信息",
  "time" : {
    "start" : 1600250639465,
    "stop" : 1600250640536,
    "duration" : 1071
  },
  "status" : "passed",
  "severity" : "normal"
}, {
  "uid" : "655eca5d9bd2614a",
  "name" : "场景测试-获取动态素材列表",
  "time" : {
    "start" : 1600250666918,
    "stop" : 1600250666964,
    "duration" : 46
  },
  "status" : "passed",
  "severity" : "normal"
}, {
  "uid" : "ee87943eb2609101",
  "name" : "场景测试-获取音效主页信息（第一次打开音效页面的信息）",
  "time" : {
    "start" : 1600250637451,
    "stop" : 1600250637555,
    "duration" : 104
  },
  "status" : "passed",
  "severity" : "normal"
}, {
  "uid" : "6b2d3bc99ae88c92",
  "name" : "校验获取他人主页信息，校验返回内容的数据结构",
  "time" : {
    "start" : 1600250663351,
    "stop" : 1600250663516,
    "duration" : 165
  },
  "status" : "passed",
  "severity" : "normal"
}, {
  "uid" : "282d61e06dbcebbc",
  "name" : "校验获取旧版首页内容列表，校验返回内容的数据结构",
  "time" : {
    "start" : 1600250651260,
    "stop" : 1600250652127,
    "duration" : 867
  },
  "status" : "passed",
  "severity" : "normal"
}, {
  "uid" : "b2eed781cec311f1",
  "name" : "校验是否有新手引导，校验返回内容的数据结构",
  "time" : {
    "start" : 1600250661278,
    "stop" : 1600250661314,
    "duration" : 36
  },
  "status" : "passed",
  "severity" : "normal"
}, {
  "uid" : "de9cacb5621ca82c",
  "name" : "校验获取可能感兴趣的人，校验返回内容的数据结构",
  "time" : {
    "start" : 1600250663651,
    "stop" : 1600250663857,
    "duration" : 206
  },
  "status" : "passed",
  "severity" : "normal"
}, {
  "uid" : "750fceb4c443756d",
  "name" : "场景测试-获取分享配置",
  "time" : {
    "start" : 1600250642425,
    "stop" : 1600250642545,
    "duration" : 120
  },
  "status" : "passed",
  "severity" : "normal"
}, {
  "uid" : "3f93026bc6529705",
  "name" : "获取画面编辑器模板",
  "time" : {
    "start" : 1600250645392,
    "stop" : 1600250645454,
    "duration" : 62
  },
  "status" : "passed",
  "severity" : "normal"
}, {
  "uid" : "2b816610a4be043d",
  "name" : "校验获取旧版首页弹窗，校验返回内容的数据结构",
  "time" : {
    "start" : 1600250651216,
    "stop" : 1600250651253,
    "duration" : 37
  },
  "status" : "passed",
  "severity" : "normal"
}, {
  "uid" : "5d20b97c1f42dcdf",
  "name" : "场景测试-获取我的发型、表情商店信息",
  "time" : {
    "start" : 1600250661144,
    "stop" : 1600250661236,
    "duration" : 92
  },
  "status" : "passed",
  "severity" : "normal"
}, {
  "uid" : "17b820b77513e197",
  "name" : "校验获取首页专题推荐列表，校验返回内容的数据结构",
  "time" : {
    "start" : 1600250657060,
    "stop" : 1600250657191,
    "duration" : 131
  },
  "status" : "passed",
  "severity" : "normal"
}, {
  "uid" : "e9fa27915c236e9f",
  "name" : "场景测试-判断用户创建漫画是否弹窗奖励弹窗",
  "time" : {
    "start" : 1600250644936,
    "stop" : 1600250645002,
    "duration" : 66
  },
  "status" : "passed",
  "severity" : "normal"
}, {
  "uid" : "4e573a5951c9e4df",
  "name" : "场景测试-获取角色选择-npc",
  "time" : {
    "start" : 1600250660530,
    "stop" : 1600250660576,
    "duration" : 46
  },
  "status" : "passed",
  "severity" : "normal"
}, {
  "uid" : "2b6e38e1266602c0",
  "name" : "场景测试-获取特效列表",
  "time" : {
    "start" : 1600250648172,
    "stop" : 1600250648502,
    "duration" : 330
  },
  "status" : "passed",
  "severity" : "normal"
}, {
  "uid" : "7a2f4ad47a71f1c0",
  "name" : "校验获取首页热门推荐讨论列表，校验返回内容的数据结构",
  "time" : {
    "start" : 1600250656857,
    "stop" : 1600250656930,
    "duration" : 73
  },
  "status" : "passed",
  "severity" : "normal"
}, {
  "uid" : "ec749db5f96bc0fa",
  "name" : "场景测试-获取动态素材列表",
  "time" : {
    "start" : 1600250667013,
    "stop" : 1600250667061,
    "duration" : 48
  },
  "status" : "passed",
  "severity" : "normal"
}, {
  "uid" : "f6c7cbbe3c644cd",
  "name" : "校验获取我发布的漫影列表，校验返回内容的数据结构",
  "time" : {
    "start" : 1600250666206,
    "stop" : 1600250666253,
    "duration" : 47
  },
  "status" : "passed",
  "severity" : "normal"
}, {
  "uid" : "f52e5fff53c93284",
  "name" : "校验获取第一个点赞与关注信息，校验返回内容的数据结构",
  "time" : {
    "start" : 1600250663595,
    "stop" : 1600250663647,
    "duration" : 52
  },
  "status" : "passed",
  "severity" : "normal"
}, {
  "uid" : "c6d45b886ff07a77",
  "name" : "校验获取旧版首页推荐内容列表，校验返回内容的数据结构",
  "time" : {
    "start" : 1600250652136,
    "stop" : 1600250653616,
    "duration" : 1480
  },
  "status" : "passed",
  "severity" : "normal"
}, {
  "uid" : "d11fdb2ff313a6f7",
  "name" : "场景测试-获取用户简易漫画列表",
  "time" : {
    "start" : 1600250660872,
    "stop" : 1600250660921,
    "duration" : 49
  },
  "status" : "passed",
  "severity" : "normal"
}, {
  "uid" : "1b88f0b932228d39",
  "name" : "场景测试-获取(内容频道版本)作品分类顶部tag列表",
  "time" : {
    "start" : 1600250642554,
    "stop" : 1600250642599,
    "duration" : 45
  },
  "status" : "passed",
  "severity" : "normal"
}, {
  "uid" : "c1b6cd04fe58593b",
  "name" : "场景测试-获取分栏目列表",
  "time" : {
    "start" : 1600250638503,
    "stop" : 1600250639031,
    "duration" : 528
  },
  "status" : "passed",
  "severity" : "normal"
}, {
  "uid" : "54ba797c828c95f7",
  "name" : "场景测试-获取分类列表",
  "time" : {
    "start" : 1600250647874,
    "stop" : 1600250647923,
    "duration" : 49
  },
  "status" : "passed",
  "severity" : "normal"
}, {
  "uid" : "dcd588d903967354",
  "name" : "场景测试-主播开始直播",
  "time" : {
    "start" : 1600250657555,
    "stop" : 1600250657961,
    "duration" : 406
  },
  "status" : "passed",
  "severity" : "normal"
}, {
  "uid" : "5f12c109568a75c0",
  "name" : "用户没有加入社团时，获取广场-社团信息",
  "time" : {
    "start" : 1600250640551,
    "stop" : 1600250640866,
    "duration" : 315
  },
  "status" : "passed",
  "severity" : "normal"
}, {
  "uid" : "67bbb3a4729a4288",
  "name" : "校验添加不感兴趣的人，校验返回内容的数据结构",
  "time" : {
    "start" : 1600250665228,
    "stop" : 1600250665370,
    "duration" : 142
  },
  "status" : "passed",
  "severity" : "normal"
}, {
  "uid" : "a66e9a9507aba69e",
  "name" : "校验获取我的动态列表，校验返回内容的数据结构",
  "time" : {
    "start" : 1600250662956,
    "stop" : 1600250663343,
    "duration" : 387
  },
  "status" : "passed",
  "severity" : "normal"
}, {
  "uid" : "ea179062da8cbfab",
  "name" : "校验获取评论与点赞消息，校验返回内容的数据结构",
  "time" : {
    "start" : 1600250658131,
    "stop" : 1600250658239,
    "duration" : 108
  },
  "status" : "passed",
  "severity" : "normal"
}, {
  "uid" : "2538687d9ed345af",
  "name" : "场景测试--漫画模板列表",
  "time" : {
    "start" : 1600250647083,
    "stop" : 1600250647506,
    "duration" : 423
  },
  "status" : "passed",
  "severity" : "normal"
}, {
  "uid" : "34cec9dae7a3d637",
  "name" : "校验获取评论与点赞消息，校验返回内容的数据结构",
  "time" : {
    "start" : 1600250658423,
    "stop" : 1600250658504,
    "duration" : 81
  },
  "status" : "passed",
  "severity" : "normal"
}, {
  "uid" : "4a05d99c9cf06bce",
  "name" : "校验获取我的信息，校验返回内容的数据结构",
  "time" : {
    "start" : 1600250661417,
    "stop" : 1600250661553,
    "duration" : 136
  },
  "status" : "passed",
  "severity" : "normal"
}, {
  "uid" : "d35c4d992af76e77",
  "name" : "校验获取旧版首页订阅对象动态列表，校验返回内容的数据结构",
  "time" : {
    "start" : 1600250655516,
    "stop" : 1600250655749,
    "duration" : 233
  },
  "status" : "passed",
  "severity" : "normal"
}, {
  "uid" : "2f667d4f9d51e93f",
  "name" : "场景测试--获取ai页面固定文案",
  "time" : {
    "start" : 1600250633969,
    "stop" : 1600250634034,
    "duration" : 65
  },
  "status" : "passed",
  "severity" : "normal"
}, {
  "uid" : "40c68f91472cea14",
  "name" : "校验获取我的粉丝列表，校验返回内容的数据结构",
  "time" : {
    "start" : 1600250661723,
    "stop" : 1600250662012,
    "duration" : 289
  },
  "status" : "passed",
  "severity" : "normal"
}, {
  "uid" : "eb9fb9bed2a95df8",
  "name" : "校验我关注的动态，校验返回内容的数据结构",
  "time" : {
    "start" : 1600250664807,
    "stop" : 1600250665220,
    "duration" : 413
  },
  "status" : "passed",
  "severity" : "normal"
}, {
  "uid" : "76accac9e203ce1b",
  "name" : "场景测试-获取个人主页我的漫画连载数",
  "time" : {
    "start" : 1600250644493,
    "stop" : 1600250644656,
    "duration" : 163
  },
  "status" : "passed",
  "severity" : "normal"
}, {
  "uid" : "240e2b9289d3a693",
  "name" : "场景测试--我的封面模板列表",
  "time" : {
    "start" : 1600250648725,
    "stop" : 1600250648863,
    "duration" : 138
  },
  "status" : "passed",
  "severity" : "normal"
}, {
  "uid" : "8c2ecd031186015c",
  "name" : "场景测试-获取会话风格列表",
  "time" : {
    "start" : 1600250630026,
    "stop" : 1600250630076,
    "duration" : 50
  },
  "status" : "passed",
  "severity" : "normal"
}, {
  "uid" : "cd2f5ed94398def7",
  "name" : "场景测试-获取对话剧点赞和对话剧作者关注状态",
  "time" : {
    "start" : 1600250637561,
    "stop" : 1600250637596,
    "duration" : 35
  },
  "status" : "passed",
  "severity" : "normal"
}, {
  "uid" : "5d0739c00191ef37",
  "name" : "场景测试-检查是否显示我的短视频列表入口",
  "time" : {
    "start" : 1600250667503,
    "stop" : 1600250667608,
    "duration" : 105
  },
  "status" : "passed",
  "severity" : "normal"
}, {
  "uid" : "1c99f41353b661a8",
  "name" : "校验获取搜索热词列表，校验返回内容的数据结构",
  "time" : {
    "start" : 1600250659840,
    "stop" : 1600250659876,
    "duration" : 36
  },
  "status" : "passed",
  "severity" : "normal"
}, {
  "uid" : "78634d7496b47137",
  "name" : "校验获取旧版首页最新内容列表，校验返回内容的数据结构",
  "time" : {
    "start" : 1600250655362,
    "stop" : 1600250655495,
    "duration" : 133
  },
  "status" : "passed",
  "severity" : "normal"
}, {
  "uid" : "18b09e93643c8fc0",
  "name" : "场景测试-主播关闭直播",
  "time" : {
    "start" : 1600250658060,
    "stop" : 1600250658125,
    "duration" : 65
  },
  "status" : "passed",
  "severity" : "normal"
}, {
  "uid" : "3955b607c84b78e0",
  "name" : "校验获取广场消息未读数，校验返回内容的数据结构",
  "time" : {
    "start" : 1600250658568,
    "stop" : 1600250658627,
    "duration" : 59
  },
  "status" : "passed",
  "severity" : "normal"
}, {
  "uid" : "5dddac49f4823121",
  "name" : "场景测试-检查是否显示编辑器入口",
  "time" : {
    "start" : 1600250667613,
    "stop" : 1600250667734,
    "duration" : 121
  },
  "status" : "passed",
  "severity" : "normal"
}, {
  "uid" : "3502f76e2dc8795e",
  "name" : "场景测试-通过分栏目获取场景包信息",
  "time" : {
    "start" : 1600250638121,
    "stop" : 1600250638381,
    "duration" : 260
  },
  "status" : "passed",
  "severity" : "normal"
}, {
  "uid" : "c38d0f1beb0ac622",
  "name" : "场景测试--获取ai页面固定文案",
  "time" : {
    "start" : 1600250634056,
    "stop" : 1600250634164,
    "duration" : 108
  },
  "status" : "passed",
  "severity" : "normal"
}, {
  "uid" : "b772349567834a21",
  "name" : "场景测试--ai图片获取",
  "time" : {
    "start" : 1600250630134,
    "stop" : 1600250630172,
    "duration" : 38
  },
  "status" : "passed",
  "severity" : "normal"
}, {
  "uid" : "a152051e021f04a8",
  "name" : "场景测试-发送/回复打招呼信息",
  "time" : {
    "start" : 1600250626996,
    "stop" : 1600250627680,
    "duration" : 684
  },
  "status" : "passed",
  "severity" : "normal"
}, {
  "uid" : "c6788c4e60d617a4",
  "name" : "校验获取我的功能列表，校验返回内容的数据结构",
  "time" : {
    "start" : 1600250661321,
    "stop" : 1600250661412,
    "duration" : 91
  },
  "status" : "passed",
  "severity" : "normal"
}, {
  "uid" : "e4344d5499c5909a",
  "name" : "场景测试-获取个人主页我的漫画连载数",
  "time" : {
    "start" : 1600250644742,
    "stop" : 1600250644837,
    "duration" : 95
  },
  "status" : "passed",
  "severity" : "normal"
}, {
  "uid" : "f14a1f61cd871cdd",
  "name" : "校验获取触友主页面信息，校验返回内容的数据结构",
  "time" : {
    "start" : 1600250663525,
    "stop" : 1600250663590,
    "duration" : 65
  },
  "status" : "passed",
  "severity" : "normal"
}, {
  "uid" : "723e9bd1ee8eda8c",
  "name" : "test_check_content_schema[美好的一天-json_schema/App/check_content.json]",
  "time" : {
    "start" : 1600250634867,
    "stop" : 1600250634927,
    "duration" : 60
  },
  "status" : "passed",
  "severity" : "normal"
}, {
  "uid" : "ad933929b6e81996",
  "name" : "场景测试-获取转场分类",
  "time" : {
    "start" : 1600250668025,
    "stop" : 1600250668066,
    "duration" : 41
  },
  "status" : "passed",
  "severity" : "normal"
}, {
  "uid" : "be3d95d3dd9e8bc6",
  "name" : "校验获取漫影tab推荐列表，校验返回内容的数据结构",
  "time" : {
    "start" : 1600250665759,
    "stop" : 1600250666196,
    "duration" : 437
  },
  "status" : "passed",
  "severity" : "normal"
}, {
  "uid" : "2de4ee53f0323c3c",
  "name" : "场景测试-获取推荐漫剧分类列表",
  "time" : {
    "start" : 1600250627725,
    "stop" : 1600250627843,
    "duration" : 118
  },
  "status" : "passed",
  "severity" : "normal"
}, {
  "uid" : "7f869b2e7d1625e5",
  "name" : "场景测试--添加自定义封面",
  "time" : {
    "start" : 1600250649081,
    "stop" : 1600250649134,
    "duration" : 53
  },
  "status" : "passed",
  "severity" : "normal"
}, {
  "uid" : "6afe773a015f983d",
  "name" : "校验检查用户运气值，校验返回内容的数据结构",
  "time" : {
    "start" : 1600250665445,
    "stop" : 1600250665508,
    "duration" : 63
  },
  "status" : "passed",
  "severity" : "normal"
}, {
  "uid" : "39327a2c49dc22b3",
  "name" : "场景测试--ai处理图片",
  "time" : {
    "start" : 1600250631647,
    "stop" : 1600250631770,
    "duration" : 123
  },
  "status" : "passed",
  "severity" : "normal"
}, {
  "uid" : "214e5569db1c75cf",
  "name" : "校验获取首页排行榜列表，校验返回内容的数据结构",
  "time" : {
    "start" : 1600250656938,
    "stop" : 1600250657056,
    "duration" : 118
  },
  "status" : "passed",
  "severity" : "normal"
}, {
  "uid" : "eb69ecc7060fd6bc",
  "name" : "传字符型的Type参数",
  "time" : {
    "start" : 1600250645535,
    "stop" : 1600250645668,
    "duration" : 133
  },
  "status" : "passed",
  "severity" : "normal"
}, {
  "uid" : "e7384bb7bc464b7d",
  "name" : "校验获取个性装扮分类，校验返回内容的数据结构",
  "time" : {
    "start" : 1600250663909,
    "stop" : 1600250663948,
    "duration" : 39
  },
  "status" : "passed",
  "severity" : "normal"
}, {
  "uid" : "1c9737558919c922",
  "name" : "场景测试-画面编辑子类tab显示与否",
  "time" : {
    "start" : 1600250660810,
    "stop" : 1600250660868,
    "duration" : 58
  },
  "status" : "passed",
  "severity" : "normal"
}, {
  "uid" : "12a1312df8b10e7f",
  "name" : "场景测试-获取大类全部素材列表",
  "time" : {
    "start" : 1600250639040,
    "stop" : 1600250639456,
    "duration" : 416
  },
  "status" : "passed",
  "severity" : "normal"
}, {
  "uid" : "96ee291338532379",
  "name" : "校验获取用户允许金钻抵消开关，校验返回内容的数据结构",
  "time" : {
    "start" : 1600250663861,
    "stop" : 1600250663904,
    "duration" : 43
  },
  "status" : "passed",
  "severity" : "normal"
}, {
  "uid" : "c8f634753443f790",
  "name" : "场景测试-点赞对话剧连载",
  "time" : {
    "start" : 1600250637200,
    "stop" : 1600250637321,
    "duration" : 121
  },
  "status" : "passed",
  "severity" : "normal"
}, {
  "uid" : "2b1275749a9c4896",
  "name" : "场景测试-获取语音服务token",
  "time" : {
    "start" : 1600250648105,
    "stop" : 1600250648162,
    "duration" : 57
  },
  "status" : "passed",
  "severity" : "normal"
}, {
  "uid" : "f4d5d7ef314a4470",
  "name" : "场景测试-获取花字列表",
  "time" : {
    "start" : 1600250667975,
    "stop" : 1600250668021,
    "duration" : 46
  },
  "status" : "passed",
  "severity" : "normal"
}, {
  "uid" : "3f1e56e54a430478",
  "name" : "校验获取专题信息，校验返回内容的数据结构",
  "time" : {
    "start" : 1600250655827,
    "stop" : 1600250656676,
    "duration" : 849
  },
  "status" : "passed",
  "severity" : "normal"
}, {
  "uid" : "7ff8ae222268de3f",
  "name" : "场景测试--ai处理图片",
  "time" : {
    "start" : 1600250630283,
    "stop" : 1600250630589,
    "duration" : 306
  },
  "status" : "passed",
  "severity" : "normal"
}, {
  "uid" : "34f455c3352dd49a",
  "name" : "场景测试-获取声音列表",
  "time" : {
    "start" : 1600250667784,
    "stop" : 1600250667879,
    "duration" : 95
  },
  "status" : "passed",
  "severity" : "normal"
}, {
  "uid" : "d804bd8490dda845",
  "name" : "校验获取换一换作品列表，校验返回内容的数据结构",
  "time" : {
    "start" : 1600250655244,
    "stop" : 1600250655354,
    "duration" : 110
  },
  "status" : "passed",
  "severity" : "normal"
}, {
  "uid" : "c40c2ec42166e53",
  "name" : "校验获取订阅用户动态列表，校验返回内容的数据结构",
  "time" : {
    "start" : 1600250662323,
    "stop" : 1600250662950,
    "duration" : 627
  },
  "status" : "passed",
  "severity" : "normal"
}, {
  "uid" : "45b1e9c28019ff97",
  "name" : "校验设置我的消息开关，校验返回内容的数据结构",
  "time" : {
    "start" : 1600250664696,
    "stop" : 1600250664740,
    "duration" : 44
  },
  "status" : "passed",
  "severity" : "normal"
}, {
  "uid" : "33c2b62dc523d301",
  "name" : "场景测试--ai处理图片",
  "time" : {
    "start" : 1600250631327,
    "stop" : 1600250631641,
    "duration" : 314
  },
  "status" : "passed",
  "severity" : "normal"
}, {
  "uid" : "2bc3820e6c4d32c7",
  "name" : "场景测试-获取音乐分类列表",
  "time" : {
    "start" : 1600250667738,
    "stop" : 1600250667776,
    "duration" : 38
  },
  "status" : "passed",
  "severity" : "normal"
}, {
  "uid" : "ad44b51a0e98ff95",
  "name" : "校验获取首页活动中心列表，校验返回内容的数据结构",
  "time" : {
    "start" : 1600250657442,
    "stop" : 1600250657493,
    "duration" : 51
  },
  "status" : "passed",
  "severity" : "normal"
}, {
  "uid" : "2edfb7e2153ee004",
  "name" : "校验获取订阅用户详情，校验返回内容的数据结构",
  "time" : {
    "start" : 1600250664117,
    "stop" : 1600250664184,
    "duration" : 67
  },
  "status" : "passed",
  "severity" : "normal"
}, {
  "uid" : "d237a7e46c9abae2",
  "name" : "校验获取首页feed推荐列表，校验返回内容的数据结构",
  "time" : {
    "start" : 1600250657196,
    "stop" : 1600250657375,
    "duration" : 179
  },
  "status" : "passed",
  "severity" : "normal"
}, {
  "uid" : "f7431a72f0ca96f5",
  "name" : "场景测试-获取对话剧连载上一篇角色列表",
  "time" : {
    "start" : 1600250636048,
    "stop" : 1600250636096,
    "duration" : 48
  },
  "status" : "passed",
  "severity" : "normal"
}, {
  "uid" : "cd06cc2b28bf5766",
  "name" : "场景测试-获取漫剧单篇风格列表",
  "time" : {
    "start" : 1600250629279,
    "stop" : 1600250629567,
    "duration" : 288
  },
  "status" : "passed",
  "severity" : "normal"
}, {
  "uid" : "687dcf34fb68de8d",
  "name" : "场景测试-获取上新信息",
  "time" : {
    "start" : 1600250644843,
    "stop" : 1600250644887,
    "duration" : 44
  },
  "status" : "passed",
  "severity" : "normal"
}, {
  "uid" : "839716d41c11785f",
  "name" : "场景测试--保存ai图片到图片列表",
  "time" : {
    "start" : 1600250633858,
    "stop" : 1600250633909,
    "duration" : 51
  },
  "status" : "passed",
  "severity" : "normal"
}, {
  "uid" : "2bd6a1fdafeac9ec",
  "name" : "场景测试--删除自定义封面",
  "time" : {
    "start" : 1600250649564,
    "stop" : 1600250649648,
    "duration" : 84
  },
  "status" : "passed",
  "severity" : "normal"
}, {
  "uid" : "c80e87f2fd91b30e",
  "name" : "校验获取首页骨架，校验返回内容的数据结构",
  "time" : {
    "start" : 1600250657497,
    "stop" : 1600250657547,
    "duration" : 50
  },
  "status" : "passed",
  "severity" : "normal"
}, {
  "uid" : "1c69b7484170857a",
  "name" : "场景测试--创建群组时，获取一级主题",
  "time" : {
    "start" : 1600250651027,
    "stop" : 1600250651059,
    "duration" : 32
  },
  "status" : "passed",
  "severity" : "normal"
}, {
  "uid" : "4a45465464785f78",
  "name" : "场景测试--删除自定义角色",
  "time" : {
    "start" : 1600250650519,
    "stop" : 1600250650640,
    "duration" : 121
  },
  "status" : "passed",
  "severity" : "normal"
}, {
  "uid" : "7f6fa2290640ad09",
  "name" : "场景测试-获取分类列表",
  "time" : {
    "start" : 1600250647927,
    "stop" : 1600250647977,
    "duration" : 50
  },
  "status" : "passed",
  "severity" : "normal"
}, {
  "uid" : "fdd2aa3f30a73c8e",
  "name" : "校验批量关注对象，校验返回内容的数据结构",
  "time" : {
    "start" : 1600250664655,
    "stop" : 1600250664689,
    "duration" : 34
  },
  "status" : "passed",
  "severity" : "normal"
}, {
  "uid" : "978bfa904100b835",
  "name" : "场景测试-关闭浮窗",
  "time" : {
    "start" : 1600250644892,
    "stop" : 1600250644932,
    "duration" : 40
  },
  "status" : "passed",
  "severity" : "normal"
}, {
  "uid" : "c5be506fcbef3dd2",
  "name" : "场景测试--解散同人群组",
  "time" : {
    "start" : 1600250650907,
    "stop" : 1600250650967,
    "duration" : 60
  },
  "status" : "passed",
  "severity" : "normal"
}, {
  "uid" : "3c5014def53f07d1",
  "name" : "场景测试-同意协议",
  "time" : {
    "start" : 1600250660201,
    "stop" : 1600250660249,
    "duration" : 48
  },
  "status" : "passed",
  "severity" : "normal"
}, {
  "uid" : "7f23443a25a983e0",
  "name" : "校验获取七牛上传或下载token，校验返回内容的数据结构",
  "time" : {
    "start" : 1600250635260,
    "stop" : 1600250635292,
    "duration" : 32
  },
  "status" : "passed",
  "severity" : "normal"
}, {
  "uid" : "a238de0ac520b75c",
  "name" : "场景测试-分享对话剧",
  "time" : {
    "start" : 1600250635582,
    "stop" : 1600250635837,
    "duration" : 255
  },
  "status" : "passed",
  "severity" : "normal"
}, {
  "uid" : "dc044c144680692b",
  "name" : "场景测试-用户是否有简易漫画作品",
  "time" : {
    "start" : 1600250660581,
    "stop" : 1600250660670,
    "duration" : 89
  },
  "status" : "passed",
  "severity" : "normal"
}, {
  "uid" : "be4623c651297d90",
  "name" : "校验获取首页热门讨论主题列表，校验返回内容的数据结构",
  "time" : {
    "start" : 1600250657380,
    "stop" : 1600250657436,
    "duration" : 56
  },
  "status" : "passed",
  "severity" : "normal"
}, {
  "uid" : "3e66d991a6f35e6d",
  "name" : "校验获取聚合页栏目列表，校验返回内容的数据结构",
  "time" : {
    "start" : 1600250658716,
    "stop" : 1600250658761,
    "duration" : 45
  },
  "status" : "passed",
  "severity" : "normal"
}, {
  "uid" : "e79909ef9602833e",
  "name" : "场景测试--获取处罚公告列表",
  "time" : {
    "start" : 1600250659370,
    "stop" : 1600250659416,
    "duration" : 46
  },
  "status" : "passed",
  "severity" : "normal"
}, {
  "uid" : "1599aa23db00782c",
  "name" : "校验获取我关注的用户列表，校验返回内容的数据结构",
  "time" : {
    "start" : 1600250661558,
    "stop" : 1600250661717,
    "duration" : 159
  },
  "status" : "passed",
  "severity" : "normal"
}, {
  "uid" : "fb6b1a3847e0769f",
  "name" : "场景测试-获取短视频二级分类列表",
  "time" : {
    "start" : 1600250667136,
    "stop" : 1600250667182,
    "duration" : 46
  },
  "status" : "passed",
  "severity" : "normal"
}, {
  "uid" : "abf20c373f305f8d",
  "name" : "场景测试-获取漫剧连载单篇列表",
  "time" : {
    "start" : 1600250627847,
    "stop" : 1600250627896,
    "duration" : 49
  },
  "status" : "passed",
  "severity" : "normal"
}, {
  "uid" : "99d64c5f5498130a",
  "name" : "场景测试-获取(内容频道版本)作品分类列表",
  "time" : {
    "start" : 1600250642608,
    "stop" : 1600250642686,
    "duration" : 78
  },
  "status" : "passed",
  "severity" : "normal"
}, {
  "uid" : "bdb6cf31a5f50a52",
  "name" : "校验获取评论与点赞消息，校验返回内容的数据结构",
  "time" : {
    "start" : 1600250658293,
    "stop" : 1600250658405,
    "duration" : 112
  },
  "status" : "passed",
  "severity" : "normal"
}, {
  "uid" : "93cbb2f383ea689a",
  "name" : "校验获取旧版首页banner列表，校验返回内容的数据结构",
  "time" : {
    "start" : 1600250651172,
    "stop" : 1600250651211,
    "duration" : 39
  },
  "status" : "passed",
  "severity" : "normal"
}, {
  "uid" : "786927f2c7bfb227",
  "name" : "场景测试--批量删除ai记录",
  "time" : {
    "start" : 1600250634169,
    "stop" : 1600250634226,
    "duration" : 57
  },
  "status" : "passed",
  "severity" : "normal"
}, {
  "uid" : "4564c1eb11bee230",
  "name" : "场景测试--ai处理图片",
  "time" : {
    "start" : 1600250630878,
    "stop" : 1600250630999,
    "duration" : 121
  },
  "status" : "passed",
  "severity" : "normal"
}, {
  "uid" : "3a4203d1370b664",
  "name" : "校验获取广场消息未读数，校验返回内容的数据结构",
  "time" : {
    "start" : 1600250658523,
    "stop" : 1600250658564,
    "duration" : 41
  },
  "status" : "passed",
  "severity" : "normal"
}, {
  "uid" : "dfce1c2eecf3b979",
  "name" : "场景测试-关注/取消关注对话剧作者",
  "time" : {
    "start" : 1600250636258,
    "stop" : 1600250636429,
    "duration" : 171
  },
  "status" : "passed",
  "severity" : "normal"
}, {
  "uid" : "b7a6c317807adf99",
  "name" : "校验获取综合搜索结果，校验返回内容的数据结构",
  "time" : {
    "start" : 1600250659881,
    "stop" : 1600250660151,
    "duration" : 270
  },
  "status" : "passed",
  "severity" : "normal"
}, {
  "uid" : "780564872c3db93c",
  "name" : "场景测试-获取最新使用图片列表",
  "time" : {
    "start" : 1600250636103,
    "stop" : 1600250636242,
    "duration" : 139
  },
  "status" : "passed",
  "severity" : "normal"
}, {
  "uid" : "a0681b6b300c9d91",
  "name" : "场景测试-获取音色列表",
  "time" : {
    "start" : 1600250647986,
    "stop" : 1600250648096,
    "duration" : 110
  },
  "status" : "passed",
  "severity" : "normal"
}, {
  "uid" : "ced7c710574c088b",
  "name" : "场景测试-获取声音搜索列表",
  "time" : {
    "start" : 1600250667932,
    "stop" : 1600250667971,
    "duration" : 39
  },
  "status" : "passed",
  "severity" : "normal"
}, {
  "uid" : "38e57c728ffe0090",
  "name" : "场景测试-同人群组漫剧列表",
  "time" : {
    "start" : 1600250636468,
    "stop" : 1600250636527,
    "duration" : 59
  },
  "status" : "passed",
  "severity" : "normal"
}, {
  "uid" : "9bc73b52df9271a9",
  "name" : "场景测试--获取已购买的模板列表",
  "time" : {
    "start" : 1600250648673,
    "stop" : 1600250648714,
    "duration" : 41
  },
  "status" : "passed",
  "severity" : "normal"
}, {
  "uid" : "c40b90579f3daf44",
  "name" : "校验获取个人未读消息，校验返回内容的数据结构",
  "time" : {
    "start" : 1600250658631,
    "stop" : 1600250658667,
    "duration" : 36
  },
  "status" : "passed",
  "severity" : "normal"
}, {
  "uid" : "3f73e8ad52552ae1",
  "name" : "场景测试-获取转场",
  "time" : {
    "start" : 1600250668070,
    "stop" : 1600250668170,
    "duration" : 100
  },
  "status" : "passed",
  "severity" : "normal"
}, {
  "uid" : "8458d1aa3b352109",
  "name" : "校验获取首页推荐四宫格列表，校验返回内容的数据结构",
  "time" : {
    "start" : 1600250656797,
    "stop" : 1600250656852,
    "duration" : 55
  },
  "status" : "passed",
  "severity" : "normal"
}, {
  "uid" : "54eee07ac99e39ca",
  "name" : "场景测试-获取对话剧角色信息",
  "time" : {
    "start" : 1600250635519,
    "stop" : 1600250635564,
    "duration" : 45
  },
  "status" : "passed",
  "severity" : "normal"
}, {
  "uid" : "e089d458734220bf",
  "name" : "场景测试--ai处理图片",
  "time" : {
    "start" : 1600250630596,
    "stop" : 1600250630719,
    "duration" : 123
  },
  "status" : "passed",
  "severity" : "normal"
}, {
  "uid" : "987618a90bde79cb",
  "name" : "场景测试-获取连载漫画列表",
  "time" : {
    "start" : 1600250642243,
    "stop" : 1600250642358,
    "duration" : 115
  },
  "status" : "passed",
  "severity" : "normal"
}, {
  "uid" : "a18653da21fe9123",
  "name" : "校验获取首页新闻列表，校验返回内容的数据结构",
  "time" : {
    "start" : 1600250656743,
    "stop" : 1600250656791,
    "duration" : 48
  },
  "status" : "passed",
  "severity" : "normal"
}, {
  "uid" : "c66f62edf9cb4c79",
  "name" : "场景测试--ai处理图片",
  "time" : {
    "start" : 1600250630728,
    "stop" : 1600250630870,
    "duration" : 142
  },
  "status" : "passed",
  "severity" : "normal"
}, {
  "uid" : "c9da30f7e885c807",
  "name" : "场景测试-保存用户音频",
  "time" : {
    "start" : 1600250660158,
    "stop" : 1600250660196,
    "duration" : 38
  },
  "status" : "passed",
  "severity" : "normal"
}, {
  "uid" : "f57048cc5ed8ec24",
  "name" : "test_qiniu_private_token_schema[json_schema/App/qiniu_private_token.json]",
  "time" : {
    "start" : 1600250634818,
    "stop" : 1600250634855,
    "duration" : 37
  },
  "status" : "passed",
  "severity" : "normal"
}, {
  "uid" : "f04b733c0d411ef1",
  "name" : "场景测试--检查用户是否有创建群组权限",
  "time" : {
    "start" : 1600250651129,
    "stop" : 1600250651167,
    "duration" : 38
  },
  "status" : "passed",
  "severity" : "normal"
}, {
  "uid" : "9240c9918dd4e119",
  "name" : "场景测试--实名认证",
  "time" : {
    "start" : 1600250665712,
    "stop" : 1600250665752,
    "duration" : 40
  },
  "status" : "passed",
  "severity" : "normal"
}, {
  "uid" : "616966e1c8b01c29",
  "name" : "场景测试--获取实名认证弹窗信息",
  "time" : {
    "start" : 1600250665669,
    "stop" : 1600250665706,
    "duration" : 37
  },
  "status" : "passed",
  "severity" : "normal"
}, {
  "uid" : "e5051295667bc0fd",
  "name" : "场景测试--获取用户提交申请退款信息",
  "time" : {
    "start" : 1600250659789,
    "stop" : 1600250659835,
    "duration" : 46
  },
  "status" : "passed",
  "severity" : "normal"
}, {
  "uid" : "570881cce12978ef",
  "name" : "校验获取我的消息开关，校验返回内容的数据结构",
  "time" : {
    "start" : 1600250661243,
    "stop" : 1600250661273,
    "duration" : 30
  },
  "status" : "passed",
  "severity" : "normal"
}, {
  "uid" : "6a87811e05ecab0",
  "name" : "场景测试--漫画模板列表",
  "time" : {
    "start" : 1600250646942,
    "stop" : 1600250647078,
    "duration" : 136
  },
  "status" : "passed",
  "severity" : "normal"
}, {
  "uid" : "e473ba6871a919a2",
  "name" : "场景测试-获取直播间信息",
  "time" : {
    "start" : 1600250657967,
    "stop" : 1600250657967,
    "duration" : 0
  },
  "status" : "skipped",
  "severity" : "normal"
}, {
  "uid" : "a6c42c7d0bacbfec",
  "name" : "场景测试--获取用户单篇列表",
  "time" : {
    "start" : 1600250650076,
    "stop" : 1600250650131,
    "duration" : 55
  },
  "status" : "passed",
  "severity" : "normal"
}, {
  "uid" : "a7bcf9e470994d16",
  "name" : "场景测试--提交退款申请",
  "time" : {
    "start" : 1600250659460,
    "stop" : 1600250659601,
    "duration" : 141
  },
  "status" : "passed",
  "severity" : "normal"
}, {
  "uid" : "8405b1f66efd4f27",
  "name" : "场景测试-获取分类列表",
  "time" : {
    "start" : 1600250647672,
    "stop" : 1600250647822,
    "duration" : 150
  },
  "status" : "passed",
  "severity" : "normal"
}, {
  "uid" : "3a6b0f627a62c6f4",
  "name" : "场景测试--创建同人群组",
  "time" : {
    "start" : 1600250650782,
    "stop" : 1600250650903,
    "duration" : 121
  },
  "status" : "passed",
  "severity" : "normal"
}, {
  "uid" : "b864247fb7aeb50b",
  "name" : "场景测试--获取自定义角色列表",
  "time" : {
    "start" : 1600250650256,
    "stop" : 1600250650516,
    "duration" : 260
  },
  "status" : "passed",
  "severity" : "normal"
}, {
  "uid" : "4db63e3223945309",
  "name" : "场景测试-分享漫剧连载",
  "time" : {
    "start" : 1600250629846,
    "stop" : 1600250630022,
    "duration" : 176
  },
  "status" : "passed",
  "severity" : "normal"
}, {
  "uid" : "390bcabb9ef0bba6",
  "name" : "校验获取通用菜单选项列表，校验返回内容的数据结构",
  "time" : {
    "start" : 1600250635087,
    "stop" : 1600250635215,
    "duration" : 128
  },
  "status" : "passed",
  "severity" : "normal"
}, {
  "uid" : "e686465615a8519f",
  "name" : "场景测试-获取短视频标签列表",
  "time" : {
    "start" : 1600250667436,
    "stop" : 1600250667493,
    "duration" : 57
  },
  "status" : "passed",
  "severity" : "normal"
}, {
  "uid" : "dbf4fe8d288ea5eb",
  "name" : "场景测试-新建（修改）漫剧",
  "time" : {
    "start" : 1600250637046,
    "stop" : 1600250637119,
    "duration" : 73
  },
  "status" : "passed",
  "severity" : "normal"
}, {
  "uid" : "b10b428a367f74c",
  "name" : "校验获取七牛上传或下载token，校验返回内容的数据结构",
  "time" : {
    "start" : 1600250635221,
    "stop" : 1600250635253,
    "duration" : 32
  },
  "status" : "passed",
  "severity" : "normal"
}, {
  "uid" : "c2acba163199ad43",
  "name" : "场景测试-获取分享配置",
  "time" : {
    "start" : 1600250642366,
    "stop" : 1600250642419,
    "duration" : 53
  },
  "status" : "passed",
  "severity" : "normal"
}, {
  "uid" : "e0f2390547f5c357",
  "name" : "场景测试-获取短视频一级分类列表",
  "time" : {
    "start" : 1600250667066,
    "stop" : 1600250667098,
    "duration" : 32
  },
  "status" : "passed",
  "severity" : "normal"
}, {
  "uid" : "a8ec4b00650c596c",
  "name" : "场景测试--获取已购买的模板列表",
  "time" : {
    "start" : 1600250648561,
    "stop" : 1600250648616,
    "duration" : 55
  },
  "status" : "passed",
  "severity" : "normal"
}, {
  "uid" : "b5a9bf6b6cfdc651",
  "name" : "场景测试--进入退款申请页，获取用户id",
  "time" : {
    "start" : 1600250659419,
    "stop" : 1600250659452,
    "duration" : 33
  },
  "status" : "passed",
  "severity" : "normal"
}, {
  "uid" : "a6ae87c3b599726f",
  "name" : "场景测试--获取用户已创建的同人群组列表",
  "time" : {
    "start" : 1600250650977,
    "stop" : 1600250651022,
    "duration" : 45
  },
  "status" : "passed",
  "severity" : "normal"
}, {
  "uid" : "2c979f246f367590",
  "name" : "校验获取手机绑定状态，校验返回内容的数据结构",
  "time" : {
    "start" : 1600250662017,
    "stop" : 1600250662068,
    "duration" : 51
  },
  "status" : "passed",
  "severity" : "normal"
}, {
  "uid" : "b78ecceffbeb9908",
  "name" : "场景测试--获取封面模板分类列表",
  "time" : {
    "start" : 1600250648506,
    "stop" : 1600250648555,
    "duration" : 49
  },
  "status" : "passed",
  "severity" : "normal"
}, {
  "uid" : "a0a1472e86b71a2d",
  "name" : "场景测试-画面编辑子类tab显示与否",
  "time" : {
    "start" : 1600250660743,
    "stop" : 1600250660807,
    "duration" : 64
  },
  "status" : "passed",
  "severity" : "normal"
}, {
  "uid" : "91891d5ffcb03ed9",
  "name" : "场景测试--添加自定义封面",
  "time" : {
    "start" : 1600250649007,
    "stop" : 1600250649075,
    "duration" : 68
  },
  "status" : "passed",
  "severity" : "normal"
}, {
  "uid" : "181000deb6cb1d0b",
  "name" : "场景测试--我的封面模板列表",
  "time" : {
    "start" : 1600250648868,
    "stop" : 1600250648924,
    "duration" : 56
  },
  "status" : "passed",
  "severity" : "normal"
}, {
  "uid" : "77c91e9da065372a",
  "name" : "场景测试-获取管理页面对话剧连载列表",
  "time" : {
    "start" : 1600250637400,
    "stop" : 1600250637445,
    "duration" : 45
  },
  "status" : "passed",
  "severity" : "normal"
}, {
  "uid" : "1166a14a423b65b4",
  "name" : "场景测试--ai处理图片",
  "time" : {
    "start" : 1600250631182,
    "stop" : 1600250631318,
    "duration" : 136
  },
  "status" : "passed",
  "severity" : "normal"
}, {
  "uid" : "ec7ea32cc5eb6a5e",
  "name" : "场景测试-获取对话剧内容列表",
  "time" : {
    "start" : 1600250635299,
    "stop" : 1600250635359,
    "duration" : 60
  },
  "status" : "passed",
  "severity" : "normal"
}, {
  "uid" : "d1190806e7aba5b2",
  "name" : "场景测试-获取画漫画连载列表",
  "time" : {
    "start" : 1600250641678,
    "stop" : 1600250641771,
    "duration" : 93
  },
  "status" : "passed",
  "severity" : "normal"
}, {
  "uid" : "c8a89d175944eb63",
  "name" : "场景测试--获取对话剧连载详情",
  "time" : {
    "start" : 1600250649653,
    "stop" : 1600250650072,
    "duration" : 419
  },
  "status" : "passed",
  "severity" : "normal"
}, {
  "uid" : "53d1793bd09c7e76",
  "name" : "校验打赏用户，校验返回内容的数据结构",
  "time" : {
    "start" : 1600250664332,
    "stop" : 1600250664645,
    "duration" : 313
  },
  "status" : "passed",
  "severity" : "normal"
}, {
  "uid" : "1ff05a5cccdd7e53",
  "name" : "场景测试--创建自定义角色",
  "time" : {
    "start" : 1600250650135,
    "stop" : 1600250650204,
    "duration" : 69
  },
  "status" : "passed",
  "severity" : "normal"
}, {
  "uid" : "7a6cd05f9971241c",
  "name" : "场景测试-获取动态素材列表",
  "time" : {
    "start" : 1600250666969,
    "stop" : 1600250667005,
    "duration" : 36
  },
  "status" : "passed",
  "severity" : "normal"
}, {
  "uid" : "afb9d4454c83ff96",
  "name" : "场景测试-获取个人主页我的漫画连载数",
  "time" : {
    "start" : 1600250644667,
    "stop" : 1600250644735,
    "duration" : 68
  },
  "status" : "passed",
  "severity" : "normal"
}, {
  "uid" : "b99630e2a83af3fc",
  "name" : "场景测试-获取角色选择-npc",
  "time" : {
    "start" : 1600250660294,
    "stop" : 1600250660525,
    "duration" : 231
  },
  "status" : "passed",
  "severity" : "normal"
}, {
  "uid" : "87f9ffbbf575e828",
  "name" : "校验获取用户相关状态，校验返回内容的数据结构",
  "time" : {
    "start" : 1600250665585,
    "stop" : 1600250665620,
    "duration" : 35
  },
  "status" : "passed",
  "severity" : "normal"
}, {
  "uid" : "49ef43755a64bee9",
  "name" : "检查社团是否被封禁",
  "time" : {
    "start" : 1600250641102,
    "stop" : 1600250641135,
    "duration" : 33
  },
  "status" : "passed",
  "severity" : "normal"
}, {
  "uid" : "5061b6e1bd7f262d",
  "name" : "场景测试-获取我的发型、表情商店信息",
  "time" : {
    "start" : 1600250660932,
    "stop" : 1600250661024,
    "duration" : 92
  },
  "status" : "passed",
  "severity" : "normal"
}, {
  "uid" : "bbda0cef86bd2e97",
  "name" : "场景测试-获取大作轨迹",
  "time" : {
    "start" : 1600250641780,
    "stop" : 1600250642148,
    "duration" : 368
  },
  "status" : "passed",
  "severity" : "normal"
}, {
  "uid" : "6cc4d46f70486011",
  "name" : "场景测试-新建（修改）漫剧连载",
  "time" : {
    "start" : 1600250637603,
    "stop" : 1600250638054,
    "duration" : 451
  },
  "status" : "passed",
  "severity" : "normal"
}, {
  "uid" : "5245170aa2c4104f",
  "name" : "场景测试--ai处理图片",
  "time" : {
    "start" : 1600250631011,
    "stop" : 1600250631172,
    "duration" : 161
  },
  "status" : "passed",
  "severity" : "normal"
}, {
  "uid" : "4315c4eb50f20316",
  "name" : "场景测试--获取漫区最热帖子列表",
  "time" : {
    "start" : 1600250659159,
    "stop" : 1600250659317,
    "duration" : 158
  },
  "status" : "passed",
  "severity" : "normal"
}, {
  "uid" : "5491e83afb032dbb",
  "name" : "场景测试-获取漫剧连载土豪榜信息",
  "time" : {
    "start" : 1600250629738,
    "stop" : 1600250629790,
    "duration" : 52
  },
  "status" : "passed",
  "severity" : "normal"
}, {
  "uid" : "4be33d3a1b6face5",
  "name" : "获取简易编辑器模板",
  "time" : {
    "start" : 1600250645323,
    "stop" : 1600250645382,
    "duration" : 59
  },
  "status" : "passed",
  "severity" : "normal"
}, {
  "uid" : "4c1b3cfdda102135",
  "name" : "校验获取评论与点赞消息，校验返回内容的数据结构",
  "time" : {
    "start" : 1600250658245,
    "stop" : 1600250658288,
    "duration" : 43
  },
  "status" : "passed",
  "severity" : "normal"
}, {
  "uid" : "c881f188b6b9b58b",
  "name" : "场景测试-获取导入角色页面的对话剧列表",
  "time" : {
    "start" : 1600250635915,
    "stop" : 1600250636001,
    "duration" : 86
  },
  "status" : "passed",
  "severity" : "normal"
}, {
  "uid" : "d3827f77fd536a6e",
  "name" : "校验修改用户头像，校验返回内容的数据结构",
  "time" : {
    "start" : 1600250662192,
    "stop" : 1600250662319,
    "duration" : 127
  },
  "status" : "passed",
  "severity" : "normal"
}, {
  "uid" : "e0a602ec79404d0a",
  "name" : "场景测试--获取ai页面固定文案",
  "time" : {
    "start" : 1600250633915,
    "stop" : 1600250633963,
    "duration" : 48
  },
  "status" : "passed",
  "severity" : "normal"
} ]