{
  "uid" : "b1a8273437954620fa374b796ffaacdd",
  "name" : "behaviors",
  "children" : [ {
    "name" : "test_diff[get-38707284-m=Api&c=Chat&a=get_user_greet_list&pagesize=30-]",
    "uid" : "fdf135bf60185ef4",
    "parentUid" : "b1a8273437954620fa374b796ffaacdd",
    "status" : "passed",
    "time" : {
      "start" : 1596437822643,
      "stop" : 1596437823364,
      "duration" : 721
    },
    "flaky" : false,
    "newFailed" : false,
    "parameters" : [ "''", "'get'", "'m=Api&c=Chat&a=get_user_greet_list&pagesize=30'", "'38707284'" ]
  }, {
    "name" : "test_diff[get-38707284-m=Api&c=Chat&a=get_friend_list&entry=1&page=1&pagesize=30-]",
    "uid" : "ff45226b0b5604f",
    "parentUid" : "b1a8273437954620fa374b796ffaacdd",
    "status" : "passed",
    "time" : {
      "start" : 1596437823371,
      "stop" : 1596437824057,
      "duration" : 686
    },
    "flaky" : false,
    "newFailed" : false,
    "parameters" : [ "''", "'get'", "'m=Api&c=Chat&a=get_friend_list&entry=1&page=1&pagesize=30'", "'38707284'" ]
  }, {
    "name" : "test_diff[get-39160354-m=Api&c=Chat&a=get_friend_info&friend_id=41064857-]",
    "uid" : "eb2f73ecddab535f",
    "parentUid" : "b1a8273437954620fa374b796ffaacdd",
    "status" : "passed",
    "time" : {
      "start" : 1596437824064,
      "stop" : 1596437824578,
      "duration" : 514
    },
    "flaky" : false,
    "newFailed" : false,
    "parameters" : [ "''", "'get'", "'m=Api&c=Chat&a=get_friend_info&friend_id=41064857'", "'39160354'" ]
  } ]
}