{
  "uid" : "ab17fc5a4eb3bca4b216b548c7f9fcbc",
  "name" : "timeline",
  "children" : [ {
    "name" : "mengmengdidadeMacBook-Pro.local",
    "children" : [ {
      "name" : "28737-MainThread",
      "children" : [ {
        "name" : "test_diff[get-38707284-m=Api&c=Chat&a=get_user_greet_list&pagesize=30-]",
        "uid" : "fdf135bf60185ef4",
        "parentUid" : "83eb9f981d39ef3812b3deea6f4a6df2",
        "status" : "passed",
        "time" : {
          "start" : 1596437822643,
          "stop" : 1596437823364,
          "duration" : 721
        },
        "flaky" : false,
        "newFailed" : false,
        "parameters" : [ "''", "'get'", "'m=Api&c=Chat&a=get_user_greet_list&pagesize=30'", "'38707284'" ]
      }, {
        "name" : "test_diff[get-38707284-m=Api&c=Chat&a=get_friend_list&entry=1&page=1&pagesize=30-]",
        "uid" : "ff45226b0b5604f",
        "parentUid" : "83eb9f981d39ef3812b3deea6f4a6df2",
        "status" : "passed",
        "time" : {
          "start" : 1596437823371,
          "stop" : 1596437824057,
          "duration" : 686
        },
        "flaky" : false,
        "newFailed" : false,
        "parameters" : [ "''", "'get'", "'m=Api&c=Chat&a=get_friend_list&entry=1&page=1&pagesize=30'", "'38707284'" ]
      }, {
        "name" : "test_diff[get-39160354-m=Api&c=Chat&a=get_friend_info&friend_id=41064857-]",
        "uid" : "eb2f73ecddab535f",
        "parentUid" : "83eb9f981d39ef3812b3deea6f4a6df2",
        "status" : "passed",
        "time" : {
          "start" : 1596437824064,
          "stop" : 1596437824578,
          "duration" : 514
        },
        "flaky" : false,
        "newFailed" : false,
        "parameters" : [ "''", "'get'", "'m=Api&c=Chat&a=get_friend_info&friend_id=41064857'", "'39160354'" ]
      } ],
      "uid" : "83eb9f981d39ef3812b3deea6f4a6df2"
    } ],
    "uid" : "905dcc2c8a2c79103307df3910633f2d"
  } ]
}