{
  "945d07b1e239b7b5beca40fd2ca39c3d" : {
    "statistic" : {
      "failed" : 0,
      "broken" : 0,
      "skipped" : 0,
      "passed" : 1,
      "unknown" : 0,
      "total" : 1
    },
    "items" : [ {
      "uid" : "d2367a28375b7315",
      "status" : "passed",
      "time" : {
        "start" : 1600252555834,
        "stop" : 1600252555871,
        "duration" : 37
      }
    } ]
  },
  "7164dd48eb9c250eeabcb1b17d7e832d" : {
    "statistic" : {
      "failed" : 0,
      "broken" : 0,
      "skipped" : 0,
      "passed" : 1,
      "unknown" : 0,
      "total" : 1
    },
    "items" : [ {
      "uid" : "85a5cf07fd4023de",
      "status" : "passed",
      "time" : {
        "start" : 1600252555785,
        "stop" : 1600252555830,
        "duration" : 45
      }
    } ]
  },
  "5129313ba69de1df045b724cd4f34793" : {
    "statistic" : {
      "failed" : 0,
      "broken" : 0,
      "skipped" : 0,
      "passed" : 1,
      "unknown" : 0,
      "total" : 1
    },
    "items" : [ {
      "uid" : "ba7bd1b348ef073f",
      "status" : "passed",
      "time" : {
        "start" : 1600252555875,
        "stop" : 1600252556212,
        "duration" : 337
      }
    } ]
  },
  "2178dba174e7e656bbeaaa50ff2655cb" : {
    "statistic" : {
      "failed" : 0,
      "broken" : 0,
      "skipped" : 0,
      "passed" : 1,
      "unknown" : 0,
      "total" : 1
    },
    "items" : [ {
      "uid" : "43db1b6d4c318e31",
      "status" : "passed",
      "time" : {
        "start" : 1600252554060,
        "stop" : 1600252554324,
        "duration" : 264
      }
    } ]
  },
  "e2a2a3bf6b7e93433727b703baeb608f" : {
    "statistic" : {
      "failed" : 0,
      "broken" : 0,
      "skipped" : 0,
      "passed" : 1,
      "unknown" : 0,
      "total" : 1
    },
    "items" : [ {
      "uid" : "9637ca4e46c934a4",
      "status" : "passed",
      "time" : {
        "start" : 1600252553586,
        "stop" : 1600252554050,
        "duration" : 464
      }
    } ]
  },
  "2d625e5aa3b14b3bafac3ea6570c7ba9" : {
    "statistic" : {
      "failed" : 0,
      "broken" : 0,
      "skipped" : 0,
      "passed" : 1,
      "unknown" : 0,
      "total" : 1
    },
    "items" : [ {
      "uid" : "caeeb4fd81426821",
      "status" : "passed",
      "time" : {
        "start" : 1600252552353,
        "stop" : 1600252552613,
        "duration" : 260
      }
    } ]
  },
  "e1a8cbdac7d980f91a7f5e8c93114fa1" : {
    "statistic" : {
      "failed" : 0,
      "broken" : 0,
      "skipped" : 0,
      "passed" : 1,
      "unknown" : 0,
      "total" : 1
    },
    "items" : [ {
      "uid" : "21cefa26b6fad41f",
      "status" : "passed",
      "time" : {
        "start" : 1600252556314,
        "stop" : 1600252556343,
        "duration" : 29
      }
    } ]
  },
  "6be51dd06604016d73a673f132ca652b" : {
    "statistic" : {
      "failed" : 0,
      "broken" : 0,
      "skipped" : 0,
      "passed" : 1,
      "unknown" : 0,
      "total" : 1
    },
    "items" : [ {
      "uid" : "bf29786d69568da4",
      "status" : "passed",
      "time" : {
        "start" : 1600252554330,
        "stop" : 1600252554598,
        "duration" : 268
      }
    } ]
  },
  "96e8d2868673e1f680461881f6ac0e99" : {
    "statistic" : {
      "failed" : 0,
      "broken" : 0,
      "skipped" : 0,
      "passed" : 1,
      "unknown" : 0,
      "total" : 1
    },
    "items" : [ {
      "uid" : "817207a17bd3856",
      "status" : "passed",
      "time" : {
        "start" : 1600252552033,
        "stop" : 1600252552102,
        "duration" : 69
      }
    } ]
  },
  "4984c68e698d1fdbc0761f880d3058d3" : {
    "statistic" : {
      "failed" : 0,
      "broken" : 0,
      "skipped" : 0,
      "passed" : 1,
      "unknown" : 0,
      "total" : 1
    },
    "items" : [ {
      "uid" : "61679f7746769114",
      "status" : "passed",
      "time" : {
        "start" : 1600252552944,
        "stop" : 1600252553090,
        "duration" : 146
      }
    } ]
  },
  "7ea8b3092ce9dd5abc4076515e3539ea" : {
    "statistic" : {
      "failed" : 0,
      "broken" : 0,
      "skipped" : 0,
      "passed" : 1,
      "unknown" : 0,
      "total" : 1
    },
    "items" : [ {
      "uid" : "9b6f582adae49605",
      "status" : "passed",
      "time" : {
        "start" : 1600252551993,
        "stop" : 1600252552030,
        "duration" : 37
      }
    } ]
  },
  "0396651c441ce30b0cc5f259915a2f24" : {
    "statistic" : {
      "failed" : 0,
      "broken" : 0,
      "skipped" : 0,
      "passed" : 1,
      "unknown" : 0,
      "total" : 1
    },
    "items" : [ {
      "uid" : "a1784b4b401c74d5",
      "status" : "passed",
      "time" : {
        "start" : 1600252556390,
        "stop" : 1600252556433,
        "duration" : 43
      }
    } ]
  },
  "2151324f0ac0c2b6b4b6954d0852fc6b" : {
    "statistic" : {
      "failed" : 0,
      "broken" : 0,
      "skipped" : 0,
      "passed" : 1,
      "unknown" : 0,
      "total" : 1
    },
    "items" : [ {
      "uid" : "58ee2434f45ce00e",
      "status" : "passed",
      "time" : {
        "start" : 1600252554602,
        "stop" : 1600252554765,
        "duration" : 163
      }
    } ]
  },
  "b6fe62de9344f7c41bd3e243c20a2d40" : {
    "statistic" : {
      "failed" : 0,
      "broken" : 0,
      "skipped" : 0,
      "passed" : 1,
      "unknown" : 0,
      "total" : 1
    },
    "items" : [ {
      "uid" : "58955abe0d83b633",
      "status" : "passed",
      "time" : {
        "start" : 1600252555226,
        "stop" : 1600252555295,
        "duration" : 69
      }
    } ]
  },
  "19da8be8496debce7d543c77a4834b97" : {
    "statistic" : {
      "failed" : 0,
      "broken" : 0,
      "skipped" : 0,
      "passed" : 1,
      "unknown" : 0,
      "total" : 1
    },
    "items" : [ {
      "uid" : "87f0ee1a271fd709",
      "status" : "passed",
      "time" : {
        "start" : 1600252555301,
        "stop" : 1600252555375,
        "duration" : 74
      }
    } ]
  },
  "8ff4777fe262fbd816f94df33db80f7d" : {
    "statistic" : {
      "failed" : 0,
      "broken" : 0,
      "skipped" : 0,
      "passed" : 1,
      "unknown" : 0,
      "total" : 1
    },
    "items" : [ {
      "uid" : "4b897288c8fcb7fe",
      "status" : "passed",
      "time" : {
        "start" : 1600252554770,
        "stop" : 1600252554997,
        "duration" : 227
      }
    } ]
  },
  "b1a73e4406ec4584c144ef7b3a4293b2" : {
    "statistic" : {
      "failed" : 0,
      "broken" : 0,
      "skipped" : 0,
      "passed" : 1,
      "unknown" : 0,
      "total" : 1
    },
    "items" : [ {
      "uid" : "c38b6f1683b7076e",
      "status" : "passed",
      "time" : {
        "start" : 1600252552216,
        "stop" : 1600252552347,
        "duration" : 131
      }
    } ]
  },
  "e8be124071f5b38647cb486eed6a0987" : {
    "statistic" : {
      "failed" : 0,
      "broken" : 0,
      "skipped" : 0,
      "passed" : 1,
      "unknown" : 0,
      "total" : 1
    },
    "items" : [ {
      "uid" : "6b4e3c0265935d51",
      "status" : "passed",
      "time" : {
        "start" : 1600252555737,
        "stop" : 1600252555779,
        "duration" : 42
      }
    } ]
  },
  "a703b207595d9abf36f2784776c56d00" : {
    "statistic" : {
      "failed" : 0,
      "broken" : 0,
      "skipped" : 0,
      "passed" : 1,
      "unknown" : 0,
      "total" : 1
    },
    "items" : [ {
      "uid" : "40500856946df5cc",
      "status" : "passed",
      "time" : {
        "start" : 1600252555001,
        "stop" : 1600252555030,
        "duration" : 29
      }
    } ]
  },
  "fd43b08b5df915bf72877aa45d168100" : {
    "statistic" : {
      "failed" : 0,
      "broken" : 0,
      "skipped" : 0,
      "passed" : 1,
      "unknown" : 0,
      "total" : 1
    },
    "items" : [ {
      "uid" : "9a46e80c8b90ae60",
      "status" : "passed",
      "time" : {
        "start" : 1600252556219,
        "stop" : 1600252556258,
        "duration" : 39
      }
    } ]
  },
  "e126909bacbddc99ca95627ac5228137" : {
    "statistic" : {
      "failed" : 0,
      "broken" : 0,
      "skipped" : 0,
      "passed" : 1,
      "unknown" : 0,
      "total" : 1
    },
    "items" : [ {
      "uid" : "a924920d33b840c5",
      "status" : "passed",
      "time" : {
        "start" : 1600252552625,
        "stop" : 1600252552673,
        "duration" : 48
      }
    } ]
  },
  "75569b29c571992727d929b47f1a5f64" : {
    "statistic" : {
      "failed" : 0,
      "broken" : 0,
      "skipped" : 0,
      "passed" : 1,
      "unknown" : 0,
      "total" : 1
    },
    "items" : [ {
      "uid" : "a6fed947e8db1d17",
      "status" : "passed",
      "time" : {
        "start" : 1600252552105,
        "stop" : 1600252552212,
        "duration" : 107
      }
    } ]
  },
  "d89da8f2802483b5c53e8146f88de836" : {
    "statistic" : {
      "failed" : 0,
      "broken" : 0,
      "skipped" : 0,
      "passed" : 1,
      "unknown" : 0,
      "total" : 1
    },
    "items" : [ {
      "uid" : "5d78ca4d537339ff",
      "status" : "passed",
      "time" : {
        "start" : 1600252553094,
        "stop" : 1600252553560,
        "duration" : 466
      }
    } ]
  },
  "560a3007426a34db2485f0129944397c" : {
    "statistic" : {
      "failed" : 0,
      "broken" : 0,
      "skipped" : 0,
      "passed" : 1,
      "unknown" : 0,
      "total" : 1
    },
    "items" : [ {
      "uid" : "dfa112bb707a8971",
      "status" : "passed",
      "time" : {
        "start" : 1600252552686,
        "stop" : 1600252552940,
        "duration" : 254
      }
    } ]
  },
  "1bf42e505c28cb26834be1ecc4c20595" : {
    "statistic" : {
      "failed" : 0,
      "broken" : 0,
      "skipped" : 0,
      "passed" : 1,
      "unknown" : 0,
      "total" : 1
    },
    "items" : [ {
      "uid" : "d57aa295e4dd4e4d",
      "status" : "passed",
      "time" : {
        "start" : 1600252555067,
        "stop" : 1600252555221,
        "duration" : 154
      }
    } ]
  },
  "939f9be75ecdb56c5db4ca3f4deacd95" : {
    "statistic" : {
      "failed" : 0,
      "broken" : 0,
      "skipped" : 0,
      "passed" : 1,
      "unknown" : 0,
      "total" : 1
    },
    "items" : [ {
      "uid" : "a1e2c612f69dbbfe",
      "status" : "passed",
      "time" : {
        "start" : 1600252556437,
        "stop" : 1600252556467,
        "duration" : 30
      }
    } ]
  },
  "2f08ec889914fe96c8a7dc0b39629efa" : {
    "statistic" : {
      "failed" : 0,
      "broken" : 0,
      "skipped" : 0,
      "passed" : 1,
      "unknown" : 0,
      "total" : 1
    },
    "items" : [ {
      "uid" : "d9903d988f9d0449",
      "status" : "passed",
      "time" : {
        "start" : 1600252551905,
        "stop" : 1600252551987,
        "duration" : 82
      }
    } ]
  },
  "48ad104f4b887e43e4bc0ad421aa56e8" : {
    "statistic" : {
      "failed" : 0,
      "broken" : 0,
      "skipped" : 0,
      "passed" : 1,
      "unknown" : 0,
      "total" : 1
    },
    "items" : [ {
      "uid" : "fa6185c1d04e0120",
      "status" : "passed",
      "time" : {
        "start" : 1600252556263,
        "stop" : 1600252556308,
        "duration" : 45
      }
    } ]
  },
  "2302cd0d898928fbd85b63b042f8a4d0" : {
    "statistic" : {
      "failed" : 0,
      "broken" : 0,
      "skipped" : 0,
      "passed" : 1,
      "unknown" : 0,
      "total" : 1
    },
    "items" : [ {
      "uid" : "e571bd6e0fdeb099",
      "status" : "passed",
      "time" : {
        "start" : 1600252555385,
        "stop" : 1600252555724,
        "duration" : 339
      }
    } ]
  },
  "c109b6c9c89a92b5dd57ea3cb7dae59c" : {
    "statistic" : {
      "failed" : 0,
      "broken" : 0,
      "skipped" : 0,
      "passed" : 1,
      "unknown" : 0,
      "total" : 1
    },
    "items" : [ {
      "uid" : "73b7dc30ec0d2c5d",
      "status" : "passed",
      "time" : {
        "start" : 1600252556350,
        "stop" : 1600252556387,
        "duration" : 37
      }
    } ]
  },
  "194ab975f348035862a4d290922891aa" : {
    "statistic" : {
      "failed" : 0,
      "broken" : 0,
      "skipped" : 0,
      "passed" : 1,
      "unknown" : 0,
      "total" : 1
    },
    "items" : [ {
      "uid" : "a95832f05bead0f3",
      "status" : "passed",
      "time" : {
        "start" : 1600252555033,
        "stop" : 1600252555063,
        "duration" : 30
      }
    } ]
  }
}