{
  "dad34d8929e725e16705f1693de16429" : {
    "statistic" : {
      "failed" : 0,
      "broken" : 0,
      "skipped" : 0,
      "passed" : 1,
      "unknown" : 0,
      "total" : 1
    },
    "items" : [ {
      "uid" : "b3d15007248df412",
      "status" : "passed",
      "time" : {
        "start" : 1596437823371,
        "stop" : 1596437824057,
        "duration" : 686
      }
    } ]
  },
  "2c88f4a6be61fe42a506e3c13ab60b08" : {
    "statistic" : {
      "failed" : 0,
      "broken" : 0,
      "skipped" : 0,
      "passed" : 1,
      "unknown" : 0,
      "total" : 1
    },
    "items" : [ {
      "uid" : "6a0bd2febb1f6b27",
      "status" : "passed",
      "time" : {
        "start" : 1596437822643,
        "stop" : 1596437823364,
        "duration" : 721
      }
    } ]
  },
  "53c485bd676fc8554908f37fc49fa6dc" : {
    "statistic" : {
      "failed" : 0,
      "broken" : 0,
      "skipped" : 0,
      "passed" : 1,
      "unknown" : 0,
      "total" : 1
    },
    "items" : [ {
      "uid" : "947dc29e77c408f4",
      "status" : "passed",
      "time" : {
        "start" : 1596437824064,
        "stop" : 1596437824578,
        "duration" : 514
      }
    } ]
  }
}