[ {
  "uid" : "abd464c3e167aae2",
  "name" : "test_diff[get-38707284-m=Api&c=Chat&a=get_friend_list&entry=1&page=1&pagesize=30-]",
  "time" : {
    "start" : 1596437823371,
    "stop" : 1596437824057,
    "duration" : 686
  },
  "status" : "passed",
  "severity" : "normal"
}, {
  "uid" : "1d847fc051380378",
  "name" : "test_diff[get-38707284-m=Api&c=Chat&a=get_user_greet_list&pagesize=30-]",
  "time" : {
    "start" : 1596437822643,
    "stop" : 1596437823364,
    "duration" : 721
  },
  "status" : "passed",
  "severity" : "normal"
}, {
  "uid" : "b81d2d2356bdd76a",
  "name" : "test_diff[get-39160354-m=Api&c=Chat&a=get_friend_info&friend_id=41064857-]",
  "time" : {
    "start" : 1596437824064,
    "stop" : 1596437824578,
    "duration" : 514
  },
  "status" : "passed",
  "severity" : "normal"
} ]