{
  "uid" : "98d3104e051c652961429bf95fa0b5d6",
  "name" : "suites",
  "children" : [ {
    "name" : "diff_testcases",
    "children" : [ {
      "name" : "test_diff",
      "children" : [ {
        "name" : "test_diff[get-38707284-m=Api&c=Chat&a=get_user_greet_list&pagesize=30-]",
        "uid" : "375df5eb82b54392",
        "parentUid" : "a6268d9da92057c34ee43bee488b7228",
        "status" : "passed",
        "time" : {
          "start" : 1596437822643,
          "stop" : 1596437823364,
          "duration" : 721
        },
        "flaky" : false,
        "newFailed" : false,
        "parameters" : [ "''", "'get'", "'m=Api&c=Chat&a=get_user_greet_list&pagesize=30'", "'38707284'" ]
      }, {
        "name" : "test_diff[get-38707284-m=Api&c=Chat&a=get_friend_list&entry=1&page=1&pagesize=30-]",
        "uid" : "8492d12b8953acab",
        "parentUid" : "a6268d9da92057c34ee43bee488b7228",
        "status" : "passed",
        "time" : {
          "start" : 1596437823371,
          "stop" : 1596437824057,
          "duration" : 686
        },
        "flaky" : false,
        "newFailed" : false,
        "parameters" : [ "''", "'get'", "'m=Api&c=Chat&a=get_friend_list&entry=1&page=1&pagesize=30'", "'38707284'" ]
      }, {
        "name" : "test_diff[get-39160354-m=Api&c=Chat&a=get_friend_info&friend_id=41064857-]",
        "uid" : "d09382c2ae0ba16d",
        "parentUid" : "a6268d9da92057c34ee43bee488b7228",
        "status" : "passed",
        "time" : {
          "start" : 1596437824064,
          "stop" : 1596437824578,
          "duration" : 514
        },
        "flaky" : false,
        "newFailed" : false,
        "parameters" : [ "''", "'get'", "'m=Api&c=Chat&a=get_friend_info&friend_id=41064857'", "'39160354'" ]
      } ],
      "uid" : "a6268d9da92057c34ee43bee488b7228"
    } ],
    "uid" : "a5e08943659cb7de466bee3612af5502"
  } ]
}