[
	{
	"id": 1,
	"name": "M登录",
	"case": "test_login_manytimes",
	"type": "test_login_manytimes"
}, {
	"id": 2,
	"name": "M首页顶部tab切换",
	"case": "test_hometoptab_change_manytimes",
	"type": "test_hometoptab_change_manytimes"
}, {
	"id": 3,
	"name": "M底部tab切换",
	"case": "toolbox_view_model",
	"type": "test_fourtab_change_manytimes"
}, {
	"id": 4,
	"name": "M看漫画",
	"case": "toolbox_view_model",
	"type": "test_readcomic_manytimes"
}, {
	"id": 5,
	"name": "M看漫剧",
	"case": "toolbox_view_model",
	"type": "test_readmanju_manytimes"
}, {
	"id": 6,
	"name": "M看对话剧",
	"case": "toolbox_view_model",
	"type": "test_readdrama_manytimes"
}, {
	"id": 7,
	"name": "M创建人设",
	"case": "toolbox_view_model",
	"type": "test_creategirl_delete_manytimes"
}, {
	"id": 8,
	"name": "M创建漫画",
	"case": "toolbox_view_model",
	"type": "test_createcomic_draft_manytimes"
}, {
	"id": 9,
	"name": "M创建漫影",
	"case": "toolbox_view_model",
	"type": "test_createmovie_publish_manytimes"
}, {
	"id": 10,
	"name": "M创建对话剧",
	"case": "toolbox_view_model",
	"type": "test_createdialogue_publish_manytimes"
}, {
	"id": 11,
	"name": "M创建帖子",
	"case": "toolbox_view_model",
	"type": "test_createposts_manytimes"
}, {
	"id": 12,
	"name": "M创建漫剧",
	"case": "toolbox_view_model",
	"type": "test_createmanju_manytimes"
}, {
	"id": 13,
	"name": "M看直播",
	"case": "toolbox_view_model",
	"type": "test_watchlive_manytimes"
}, {
	"id": 14,
	"name": "M开关直播",
	"case": "toolbox_view_model",
	"type": "test_start_stop_live_manytimes"
}
]
