[
	{
	"id": 1,
	"name": "获取token",
	"case": "toolbox_view_model",
	"type": "get_install_token",
	"data": ["env", "user_id"],
	"version": "0.0.0"
}, {
	"id": 2,
	"name": "触漫号转用户ID",
	"case": "toolbox_view_model",
	"type": "conver_to_user_id",
	"data": ["chuman_id"],
	"version": "0.0.0"
}, {
	"id": 3,
	"name": "用户ID转触漫号",
	"case": "toolbox_view_model",
	"type": "conver_to_chuman_id",
	"data": ["user_id"],
	"version": "0.0.0"
}, {
	"id": 4,
	"name": "资源发放",
	"case": "toolbox_view_model",
	"type": "edit_coin_reward",
	"data": ["env", "coin_type", "user_id", "num"],
	"version": "0.0.0"
}, {
	"id": 5,
	"name": "添加经验值",
	"case": "toolbox_view_model",
	"type": "add_experience",
	"data": ["env", "user_id", "exp_type", "experience"],
	"version": "0.0.0"
}, {
	"id": 6,
	"name": "开通会员",
	"case": "toolbox_view_model",
	"type": "buy_vip",
	"data": ["env", "user_id", "vip_tag"],
	"version": "0.0.0"
}, {
	"id": 7,
	"name": "达到触漫学堂发布条件",
	"case": "toolbox_view_model",
	"type": "add_course_training_record",
	"data": ["env", "user_id"],
	"version": "0.0.0"
}, {
	"id": 8,
	"name": "达成编辑条件",
	"case": "toolbox_view_model",
	"type": "test_add_fame",
	"data": ["env", "user_id"],
	"version": "0.0.0"
}, {
	"id": 9,
	"name": "增加活动参与次数",
	"case": "toolbox_view_model",
	"type": "doll_machine_add_user_num",
	"data": ["env", "activity_id", "user_id", "num"],
	"version": "0.0.0"
}, {
	"id": 10,
	"name": "手机号码注册获取验证码",
	"case": "toolbox_view_model",
	"type": "generate_verify_code_by_phone",
	"data": ["env", "phone_num"],
	"version": "0.0.0"
}, {
	"id": 11,
	"name": "跳过实名制认证",
	"case": "toolbox_view_model",
	"type": "test_user_skip_auth_check",
	"data": ["env", "user_id", "time"],
	"version": "0.0.0"
}, {
	"id": 12,
	"name": "清除用户实名制状态",
	"case": "toolbox_view_model",
	"type": "clear_user_auth_status",
	"data": ["env", "user_id", "time"],
	"version": "0.0.0"
}, {
	"id": 13,
	"name": "添加主播开播权限",
	"case": "toolbox_view_model",
	"type": "uc_anchor_info",
	"data": ["env", "user_id", "is_show", "show_place"],
	"version": "0.0.0"
}, {
	"id": 14,
	"name": "重置手机验证码发送次数限制",
	"case": "toolbox_view_model",
	"type": "reset_sms_limit",
	"data": ["env", "mobile"],
	"version": "0.0.0"
}, {
	"id": 15,
	"name": "添加漫影发布权限白名单",
	"case": "toolbox_view_model",
	"type": "white_list_add",
	"data": ["env", "user_id", "type"],
	"version": "0.0.0"
}, {
	"id": 16,
	"name": "解绑第三方账号用户",
	"case": "toolbox_view_model",
	"type": "unbind_user_account",
	"data": ["env", "user_id", "name", "username"],
	"version": "0.0.0"
}, {
	"id": 17,
	"name": "生成账号",
	"case": "toolbox_view_model",
	"type": "generate_new_user",
	"data": ["env", "phone", "password"],
	"version": "0.0.0"
	}
]
